name,player_id,team,pos,gp,toi_min,ixG,FA,ixG60,FA60,FA60_resid,d_adj_FA60,blocks60,blocks60_adj,block_val60,d_value60,value60,oGAR,dGAR,GAR,oWAR,dWAR,WAR,war60,Season
Natalie Spooner,100,TOR,RW,27,504.9333333333332,11.128000000000002,46.922586307780094,1.322313176656985,5.575696815025362,0.1566894546907394,0.1566894546907395,1.0694481119619754,0.3232579589518991,0.0129303183580759,0.0068194296251371,1.329132606282122,8.565,0.215,8.78,1.891,0.047,1.938,0.23,2023-24
Grace Zumwinkle,25,MIN,F,34,660.7166666666668,10.482000000000005,55.25230402945322,0.9518754887369776,5.017488447040626,0.0704086158140139,0.0704086158140139,0.2724314506974749,-0.157004178210772,-0.0062801671284308,-0.0090261031451774,0.9428493855918002,7.128,0.107,7.235,1.574,0.024,1.598,0.145,2023-24
Laura Stacey,32,MTL,RW,26,617.1833333333333,10.024,62.20480392273559,0.9744916421376688,6.047292649991849,0.0401389212292363,0.0401389212292364,0.9721584618292782,-0.2263481208747577,-0.0090539248349903,-0.0106193427629305,0.9638722993747382,6.891,0.083,6.974,1.521,0.018,1.539,0.15,2023-24
Kendall Coyne Schofield,20,MIN,F,34,676.5,9.666999999999998,55.887924041677046,0.8573835920177382,4.956800358463596,6.313071817642957e-06,6.313071817709499e-06,0.7095343680709534,0.2800987391627064,0.0112039495665082,0.0112037033567073,0.8685872953744456,6.233,0.337,6.57,1.376,0.074,1.45,0.129,2023-24
Hilary Knight,13,BOS,RW,32,761.0,9.869000000000002,74.94301946514113,0.7781077529566361,5.908779458486817,0.0438428049816223,0.0438428049816224,0.8672798948751642,0.359670742961733,0.0143868297184693,0.012676960324186,0.7907847132808222,6.006,0.398,6.404,1.326,0.088,1.414,0.111,2023-24
Alex Carpenter,34,NY,C,24,522.1333333333333,8.389000000000001,61.2007039786166,0.9640066394279878,7.032767311128056,0.0228238951780423,0.0228238951780424,0.8043922369765066,0.0816361727137904,0.0032654469085516,0.0023753149966079,0.9663819544245956,5.738,0.184,5.922,1.267,0.041,1.308,0.15,2023-24
Hayley Scamurra,61,OTT,F,24,464.8,7.952000000000002,44.33730976399465,1.0265060240963857,5.723404874870221,0.0481082248266579,0.0481082248266579,1.419965576592083,0.4324680640116037,0.0172987225604641,0.0154225017922244,1.0419285258886102,5.592,0.264,5.856,1.235,0.058,1.293,0.167,2023-24
Jessie Eldridge,36,NY,RW,24,446.5,7.878,52.56131039584772,1.0586338185890258,7.063110019598798,0.0628947254891911,0.0628947254891912,1.0750279955207167,0.3522719312580005,0.01409087725032,0.0116379829562415,1.0702718015452677,5.611,0.226,5.837,1.239,0.05,1.289,0.173,2023-24
Marie-Philip Poulin,31,MTL,C,24,556.9333333333334,8.236,55.97503455604045,0.8872875269332057,6.030348467852095,0.0142297433534249,0.014229743353425,1.4005266937993774,0.2020201110953415,0.0080808044438136,0.00752584445303,0.8948133713862357,5.409,0.244,5.653,1.194,0.054,1.248,0.134,2023-24
Jamie Lee Rattray,16,BOS,C,30,497.2,7.572000000000001,47.16251574258442,0.9137570394207564,5.691373581164653,-0.1596176837324608,-0.1596176837324607,0.4827031375703942,-0.0249060143430369,-0.0009962405737214,0.0052288490918444,0.9189858885126008,5.048,0.198,5.246,1.114,0.044,1.158,0.14,2023-24
Taylor Heise,21,MIN,F,29,565.6666666666666,7.750000000000001,46.90073853431623,0.8220388921626401,4.974739502755994,0.0143118549504958,0.0143118549504958,0.9546258102533884,0.5251901813451414,0.0210076072538056,0.0204494449107363,0.8424883370733764,4.878,0.369,5.247,1.077,0.081,1.158,0.123,2023-24
Sarah Nurse,75,TOR,LW,29,564.45,7.521,51.84802527746964,0.7994685091682168,5.511350016207243,0.0385917496950024,0.0385917496950025,1.0629816635663034,0.3167915105562271,0.012671660422249,0.0111665821841439,0.8106350913523608,4.656,0.281,4.937,1.028,0.062,1.09,0.116,2023-24
Brianne Jenner,58,OTT,F,24,444.4166666666666,7.058,42.610594827797634,0.9528895555972248,5.752789851118376,0.0699250797235297,0.0699250797235297,0.6750421901368836,-0.3124553224435953,-0.0124982128977438,-0.0152252910069614,0.9376642645902632,4.802,0.026,4.828,1.06,0.006,1.066,0.144,2023-24
Blayre Turnbull,76,TOR,C,29,559.35,7.185999999999999,51.3596960557549,0.7708232770179672,5.50921920683882,0.0335160748981159,0.0335160748981159,1.5017430946634485,0.7555529416533722,0.0302221176661348,0.0289149907451083,0.7997382677630755,4.346,0.444,4.79,0.96,0.098,1.058,0.113,2023-24
Daryl Watts,63,OTT,F,24,417.1,6.725999999999998,40.10350138561788,0.967537760728842,5.768904538808615,0.0875456722238567,0.0875456722238567,0.7192519779429394,-0.2682455346375396,-0.0107298213855015,-0.0141441026022319,0.95339365812661,4.609,0.032,4.641,1.018,0.007,1.025,0.147,2023-24
Emily Clark,53,OTT,F,24,448.0,6.777,43.13606152074111,0.9076339285714288,5.777151096527827,0.0896338325027016,0.0896338325027017,0.5357142857142858,-0.4517832268661931,-0.0180713290746477,-0.021567048542253,0.8860668800291757,4.503,-0.021,4.482,0.994,-0.005,0.989,0.132,2023-24
Maureen Murphy,98,MTL,RW,27,501.3500000000001,7.010000000000001,50.29735915289584,0.8389348758352447,6.019430635631296,-0.0016589702289241,-0.001658970228924,0.7180612346664006,-0.4804453480376353,-0.0192178139215054,-0.0191531140825773,0.8197817617526674,4.465,-0.004,4.461,0.986,-0.001,0.985,0.118,2023-24
Michela Cava,115,MIN,F,34,542.4333333333334,6.625000000000002,44.06747721391405,0.7328089473360783,4.8744213719071645,-0.0951795365067719,-0.0951795365067718,0.3318380138880353,-0.0975976150202116,-0.0039039046008084,-0.0001919026770443,0.7326170446590339,3.871,0.167,4.038,0.855,0.037,0.892,0.099,2023-24
Denisa Křížová,104,MIN,F,34,561.8833333333333,6.702000000000002,46.54165563704085,0.7156645804289149,4.96989174186062,-0.0014716886070035,-0.0014716886070034,0.1067837332779639,-0.322651895630283,-0.0129060758252113,-0.0128486799695381,0.7028159004593767,3.85,0.055,3.905,0.85,0.012,0.862,0.092,2023-24
Alina Müller,15,BOS,C,32,678.3666666666667,7.213000000000002,66.52480364649769,0.6379735639526315,5.88396867788786,0.0046255665687055,0.0046255665687056,0.0,-0.5076091519134311,-0.0203043660765372,-0.0204847631727167,0.6174888007799147,3.769,-0.02,3.749,0.832,-0.004,0.828,0.073,2023-24
Gabbie Hughes,57,OTT,F,24,446.75,5.729,42.66884105669765,0.7694236149972021,5.730566230334324,0.0288402919941496,0.0288402919941497,0.5372132064913263,-0.4502843060891526,-0.0180113722435661,-0.0191361436313379,0.7502874713658642,3.461,-0.003,3.458,0.764,-0.001,0.763,0.102,2023-24
Loren Gabel,8,BOS,LW,23,270.96666666666664,4.706000000000001,25.543299890881343,1.0420469922499696,5.656038849008048,-0.1817636016066633,-0.1817636016066632,0.0,-0.5076091519134311,-0.0203043660765372,-0.0132155856138773,1.0288314066360922,3.33,0.025,3.355,0.735,0.006,0.741,0.164,2023-24
Kelly Pannek,23,MIN,F,34,696.0166666666667,6.188,58.81358047360845,0.533435502023419,5.070014839323542,0.0799173971976315,0.0799173971976316,1.465482148415986,1.036046519507739,0.0414418607803095,0.0383250822896019,0.571760584313021,2.655,0.662,3.317,0.586,0.146,0.732,0.063,2023-24
Jade Downie-Landry,35,NY,C,24,334.8833333333333,4.655000000000001,39.36309544725193,0.8340217986363413,7.052562763654355,0.0292562909183515,0.0292562909183516,1.254168118250137,0.5314120539874208,0.0212564821594968,0.0201154868136811,0.8541372854500224,2.955,0.217,3.172,0.652,0.048,0.7,0.125,2023-24
Kristin O'Neill,30,MTL,C,26,539.3833333333333,5.269,54.62476030199543,0.5861137719000092,6.076356860834395,0.029276049015024,0.029276049015024,1.557333992522325,0.3588274098182891,0.0143530963927315,0.0132113304811456,0.5993251023811549,2.531,0.287,2.818,0.559,0.063,0.622,0.069,2023-24
Sidney Morin,167,BOS,RD,32,620.9166666666667,6.001999999999998,61.03986536391788,0.5799812105757614,5.898363046842151,0.0130580471473322,0.0130580471473323,0.8696819218896792,-0.5943285272184327,-0.0237731410887373,-0.0242824049274832,0.5556988056482781,2.85,-0.058,2.792,0.629,-0.013,0.616,0.06,2023-24
Liz Schepers,97,MIN,F,29,397.53333333333336,4.58,32.68010090543341,0.6912627871876572,4.932431798572878,-0.0414402517213107,-0.0414402517213106,0.3018614791212476,-0.1275741497869993,-0.0051029659914799,-0.0034867961743488,0.6877759910133083,2.562,0.101,2.663,0.566,0.022,0.588,0.089,2023-24
Rebecca Leslie,72,TOR,RW,29,306.58333333333337,3.9890000000000008,27.659936567005506,0.7806686599619462,5.413197697266638,-0.0614932827141999,-0.0614932827141998,0.978526773579777,0.2323366205697007,0.009293464822788,0.0116917028486418,0.7923603628105881,2.433,0.155,2.588,0.537,0.034,0.571,0.112,2023-24
Emma Maltais,73,TOR,C,29,566.8500000000001,5.168000000000003,52.05483526724174,0.5470230219634826,5.509905823470943,0.0111949661770501,0.0111949661770502,0.6350886477904206,-0.1111015052196557,-0.0044440602087862,-0.0048806638896911,0.5421423580737914,2.29,0.131,2.421,0.506,0.029,0.535,0.057,2023-24
Brittany Howard,69,TOR,RW,28,335.5333333333334,4.066000000000001,30.95490072400319,0.727081263659845,5.535348828055406,0.0551488101326277,0.0551488101326278,0.3576395787800516,-0.3885505742300247,-0.0155420229692009,-0.0176928265643734,0.7093884370954716,2.363,0.006,2.369,0.522,0.001,0.523,0.094,2023-24
Sophie Jaques,11,MIN,RD,25,645.1833333333333,5.514999999999999,51.12117141953949,0.5128774766862131,4.754106510044746,-0.2381043943765807,-0.2381043943765806,0.9299682260856088,-0.4558687000173189,-0.0182347480006927,-0.0089486766200061,0.503928800066207,2.24,0.105,2.345,0.495,0.023,0.518,0.048,2023-24
Sophia Kunin,103,MIN,F,33,417.53333333333336,4.271000000000001,34.91814219073532,0.6137474053967747,5.01777550242085,0.0359345040374025,0.0359345040374025,0.2874022034168928,-0.1420334254913541,-0.0056813370196541,-0.0070827826771128,0.6066646227196619,2.151,0.081,2.232,0.475,0.018,0.493,0.071,2023-24
Hannah Miller,89,TOR,LW,28,430.6,4.348,39.32540013267301,0.6058522991175104,5.479619154575896,-0.0130437746173032,-0.0130437746173031,0.4180213655364607,-0.3281687874736155,-0.0131267514989446,-0.0126180442888698,0.5932342548286406,2.162,0.044,2.206,0.477,0.01,0.487,0.068,2023-24
Élizabeth Giguère,37,NY,RW,24,306.3833333333333,3.682,35.86700414496759,0.7210574987760431,7.023946848821375,-0.0109728885432514,-0.0109728885432513,0.5874993200239352,-0.1352567442387809,-0.0054102697695512,-0.0049823271163644,0.7160751716596786,2.127,0.07,2.197,0.47,0.015,0.485,0.095,2023-24
Paetyn Levis,40,NY,LW,23,306.4166666666667,3.557,36.42682334112663,0.6965025836279575,7.132801959644049,0.0953578607961869,0.0953578607961869,0.5874354093010606,-0.1353206549616555,-0.0054128261984662,-0.0091317827695175,0.6873708008584399,2.001,0.049,2.05,0.442,0.011,0.453,0.089,2023-24
Tereza Vanišová,161,MTL,LW,17,279.41666666666663,3.479,28.39531587495725,0.7470563674321504,6.097413489403287,0.0668783380646479,0.066878338064648,0.6441992245750076,-0.5543073581290283,-0.0221722943251611,-0.0247805495096824,0.722275817922468,2.061,-0.028,2.033,0.455,-0.006,0.449,0.096,2023-24
Abby Boreen,114,MIN,LW,14,235.11666666666665,3.1710000000000003,19.29066247348641,0.8092152831927414,4.922831566211888,-0.0389144092833811,-0.0389144092833811,0.0,-0.429435628908247,-0.0171774251563298,-0.015659763194278,0.7935555199984634,1.977,0.012,1.989,0.436,0.003,0.439,0.112,2023-24
Kati Tabin,84,MTL,LD,27,648.2333333333335,4.930000000000001,65.73682795180429,0.4563171697434051,6.084552389224441,0.0241278724415995,0.0241278724415995,2.4065408546305336,0.2516329747318169,0.0100653189892726,0.0091243319640502,0.4654415017074553,1.639,0.301,1.94,0.362,0.066,0.428,0.04,2023-24
Susanna Tapani,78,BOS,C,25,586.35,4.680000000000001,58.07851286030518,0.4788948580199539,5.943055805608102,0.0473586504798885,0.0473586504798886,0.4093118444614991,-0.0982973074519321,-0.0039318922980772,-0.0057788796667929,0.473115978353161,1.703,0.126,1.829,0.376,0.028,0.404,0.041,2023-24
Sophie Shirley,18,BOS,RW,28,368.5833333333333,3.529000000000001,35.40346756365884,0.5744698168663804,5.763169035911003,-0.1227025611397838,-0.1227025611397838,0.3255708794935564,-0.1820382724198747,-0.0072815308967949,-0.0024961310123434,0.571973685854037,1.658,0.1,1.758,0.366,0.022,0.388,0.063,2023-24
Natalie Snodgrass,142,OTT,C,23,294.7833333333333,3.1470000000000007,28.40155493524628,0.6405382484310512,5.780833254191588,0.0658572902190607,0.0658572902190608,1.0176966133318257,0.0301991007513467,0.0012079640300538,-0.0013604702884895,0.6391777781425617,1.651,0.085,1.736,0.365,0.019,0.384,0.078,2023-24
Jesse Compher,65,TOR,C,29,444.8833333333334,3.734,40.09681903687916,0.503592702206571,5.407730436172965,-0.0954452635257084,-0.0954452635257084,0.8092009140973289,0.0630107610872525,0.0025204304434901,0.0062427957209927,0.5098354979275638,1.476,0.185,1.661,0.326,0.041,0.367,0.049,2023-24
Jaime Bourbonnais,87,NY,RD,24,606.2833333333335,4.652,71.00832916230588,0.4603788107870356,7.027242075605495,-0.0344766645449887,-0.0344766645449887,1.3854908321191957,-0.2936665293382012,-0.011746661173528,-0.0104020712562734,0.449976739530762,1.574,0.084,1.658,0.348,0.019,0.367,0.036,2023-24
Hannah Brandt,1,BOS,C,32,608.8333333333333,4.193000000000001,60.574988207825335,0.4132165343553245,5.969612853768717,0.0671636561454409,0.067163656145441,1.182589652340542,0.674980500427111,0.0269992200170844,0.0243798374274122,0.4375963717827368,1.102,0.437,1.539,0.243,0.096,0.339,0.033,2023-24
Claire Dalton,26,MTL,LW,23,319.3666666666668,2.9160000000000004,31.689937321321867,0.5478342552969417,5.953646506458548,-0.09736962082524,-0.0973696208252399,1.315102807640121,0.116596224936085,0.0046638489974434,0.0084612642096277,0.5562955195065695,1.295,0.145,1.44,0.286,0.032,0.318,0.06,2023-24
Taylor Girard,9,BOS,LW,23,283.95,2.531,26.521535774690456,0.5348124669836238,5.604128003104164,-0.2858205571927792,-0.2858205571927792,1.479133650290544,0.971524498377113,0.0388609799350845,0.0500079816656029,0.5848204486492268,1.09,0.325,1.415,0.241,0.072,0.313,0.066,2023-24
Ella Shelton,44,NY,LD,24,635.2666666666668,4.523,74.46544512890789,0.427190681078812,7.033151497115866,-0.0319791398312798,-0.0319791398312798,1.4167278833035994,-0.2624294781537974,-0.0104971791261518,-0.0092499926727319,0.41794068840608,1.298,0.1,1.398,0.287,0.022,0.309,0.029,2023-24
Maggie Connors,66,TOR,LW,29,440.7166666666666,3.5280000000000014,40.137859003309856,0.4803085882842343,5.46444398940799,-0.0411254273938527,-0.0411254273938526,0.5445675604129638,-0.2016225925971125,-0.0080649037038845,-0.0064610120355242,0.47384757624871,1.291,0.09,1.381,0.285,0.02,0.305,0.042,2023-24
Sarah Bujold,81,MTL,C,21,294.1166666666667,2.6610000000000005,29.64704656619501,0.5428458094860317,6.048017659562646,-0.0035113035582984,-0.0035113035582983,1.6320054400181334,0.4334988573140975,0.0173399542925639,0.0174768951313375,0.5603227046173692,1.168,0.177,1.345,0.258,0.039,0.297,0.061,2023-24
Mélodie Daoust,168,MTL,RW,9,201.4333333333333,2.353,19.948497799131115,0.7008770478239285,5.941965255408905,-0.0933173485288584,-0.0933173485288583,0.5957305973854047,-0.6027759853186312,-0.0241110394127452,-0.0204716628201197,0.6804053850038086,1.33,-0.006,1.324,0.294,-0.001,0.293,0.087,2023-24
Sarah Lefort,158,MTL,LW,26,305.91666666666663,2.8360000000000003,30.7768163748996,0.5562299101062382,6.0363137537258815,-0.013839260511116,-0.0138392605111159,0.7845273767365841,-0.4139792059674518,-0.016559168238698,-0.0160194370787645,0.5402104730274737,1.283,0.014,1.297,0.283,0.003,0.286,0.056,2023-24
Brittyn Fleming,105,MIN,F,32,357.69999999999993,2.8640000000000008,29.82725395833181,0.4804025719876994,5.003173714005896,0.0076242356942376,0.0076242356942377,0.5032149846239866,0.0737793557157396,0.0029511742286295,0.0026538290365543,0.4830564010242537,1.048,0.127,1.175,0.231,0.028,0.259,0.043,2023-24
Kateřina Mrázová,88,OTT,F,23,390.7333333333333,2.993000000000001,37.16581645043672,0.4595973383381678,5.707086641425192,-0.0264909044068345,-0.0264909044068344,1.0749018938747656,0.0874043812942866,0.0034961752517714,0.004529320523638,0.4641266588618058,1.009,0.151,1.16,0.223,0.033,0.256,0.039,2023-24
Mikyla Grant-Mentis,138,MTL,RW,10,166.75,1.969,15.982179077308857,0.7084857571214394,5.750709113274551,-0.2837912793392497,-0.2837912793392497,0.7196401799100449,-0.478866402793991,-0.0191546561117596,-0.0080867962175289,0.7003989609039104,1.122,0.03,1.152,0.248,0.007,0.255,0.092,2023-24
Fanni Garát-Gasparics,137,OTT,F,15,125.59999999999998,1.791,11.364752675940409,0.8555732484076434,5.4290219789524246,-0.2638473693704471,-0.2638473693704471,0.0,-0.987497512580479,-0.0394999005032191,-0.0292098530977717,0.8263633953098717,1.153,-0.022,1.131,0.255,-0.005,0.25,0.119,2023-24
Shiann Darkangelo,4,BOS,RW,17,202.79999999999995,2.1220000000000003,19.19454301231537,0.6278106508875742,5.678858879383248,-0.2015290274949297,-0.2015290274949297,0.0,-0.5076091519134311,-0.0203043660765372,-0.0124447340042349,0.6153659168833392,1.092,0.021,1.113,0.241,0.005,0.246,0.073,2023-24
Samantha Cogan,126,TOR,RW,28,239.35,2.072,21.434234112030243,0.5194067265510758,5.373110702827718,-0.1284392403285491,-0.1284392403285491,1.50407353248381,0.7578833794737339,0.0303153351789493,0.0353244655517627,0.5547311921028385,0.857,0.216,1.073,0.189,0.048,0.237,0.059,2023-24
Becca Gilmore,55,OTT,F,22,260.51666666666665,2.072,25.070274401426385,0.4772055530676221,5.77397401606647,0.0422066780394187,0.0422066780394187,2.3031156036082145,1.3156180910277355,0.0526247236411094,0.050978663197572,0.5281842162651942,0.749,0.303,1.052,0.165,0.067,0.232,0.053,2023-24
Susanna Tapani,78,MIN,F,9,148.8,1.688,14.149401222700869,0.6806451612903225,5.705403718830995,0.7304401263466985,0.7304401263466986,1.6129032258064515,1.1834675968982045,0.0473387038759281,0.0188515389484069,0.6994967002387295,0.933,0.093,1.026,0.206,0.021,0.227,0.092,2023-24
Abby Roque,42,NY,C,24,497.9333333333333,3.554,58.61668953670005,0.4282501004150488,7.063197293215965,-0.0018244304097188,-0.0018244304097187,0.240996117284777,-0.4817599469779391,-0.0192703978791175,-0.0191992450931385,0.4090508553219103,1.026,-0.004,1.022,0.227,-0.001,0.226,0.027,2023-24
Victoria Bach,125,TOR,LW,21,271.8166666666666,2.301,25.83377872511861,0.5079158746704274,5.70247123737979,0.1997399802697917,0.1997399802697918,0.6622110491139863,-0.08397910389609,-0.0033591641558436,-0.0111490233863654,0.4967668512840619,0.921,0.034,0.955,0.203,0.008,0.211,0.047,2023-24
Lexie Adzija,49,OTT,F,17,266.68333333333334,2.3280000000000003,25.2485206749826,0.5237672645459659,5.680562116738789,-0.0464184569952211,-0.046418456995221,0.2249859383788513,-0.7625115742016277,-0.0305004629680651,-0.0286901431452514,0.4950771214007144,0.974,-0.044,0.93,0.215,-0.01,0.205,0.046,2023-24
Catherine Dubois,157,MTL,LW,24,247.05,2.071,24.425535146380323,0.5029751062537947,5.93212754010451,-0.1235003199966117,-0.1235003199966116,1.2143290831815423,0.0158225004775063,0.0006329000191002,0.0054494124989681,0.5084245187527628,0.817,0.1,0.917,0.18,0.022,0.202,0.049,2023-24
Theresa Schafzahl,17,BOS,LW,28,421.2166666666666,2.9930000000000003,41.89384229760844,0.4263364064416571,5.967547670295983,0.0664472576129106,0.0664472576129107,0.2848890119890793,-0.2227201399243519,-0.008908805596974,-0.0115002486438775,0.4148361577977795,0.855,0.051,0.906,0.189,0.011,0.2,0.028,2023-24
Kayla Vespa,45,NY,LW,23,234.66666666666663,1.97,27.570914250511045,0.5036931818181818,7.049381484505665,-0.0078843333177716,-0.0078843333177715,1.022727272727273,0.2999712084645567,0.0119988483385822,0.0123063373379753,0.5159995191561572,0.779,0.121,0.9,0.172,0.027,0.199,0.051,2023-24
Megan Keller,12,BOS,LD,32,854.8999999999999,4.932000000000001,84.40427885975048,0.3461457480407067,5.923800130524072,0.014455738655493,0.0144557386554931,1.5440402386244008,0.0800297895162888,0.0032011915806515,0.0026374177730873,0.348783165813794,0.592,0.304,0.896,0.131,0.067,0.198,0.014,2023-24
Madison Packer,148,NY,D,23,170.83333333333334,1.6879999999999995,19.919537564233607,0.5928585365853657,6.996130266462535,-0.0519689309162407,-0.0519689309162407,1.7560975609756095,0.0769401995182126,0.0030776079807285,0.0051043962864618,0.5979629328718276,0.821,0.068,0.889,0.181,0.015,0.196,0.069,2023-24
Jill Saulnier,149,NY,LW,18,225.03333333333333,1.866,25.71044464498196,0.4975262924011258,6.8551030011802,-0.2027968020600836,-0.2027968020600836,1.066508665382906,0.3437526011201899,0.0137501040448075,0.0216591793251508,0.5191854717262767,0.724,0.151,0.875,0.16,0.033,0.193,0.051,2023-24
Gigi Marvin,109,BOS,C,32,382.35,2.7880000000000003,37.88582101859644,0.4375049038838761,5.945205338343889,0.0452531000527356,0.0452531000527356,0.156924284032954,-0.3506848678804771,-0.014027394715219,-0.0157922656172757,0.4217126382666003,0.847,0.019,0.866,0.187,0.004,0.191,0.03,2023-24
Mikyla Grant-Mentis,138,OTT,F,6,77.85000000000001,1.1509999999999998,6.860141008445972,0.887090558766859,5.28719923579651,-0.4024299838659207,-0.4024299838659207,1.541425818882466,0.5539283063019871,0.0221571322520794,0.0378519016228503,0.9249424603897094,0.756,0.073,0.829,0.167,0.016,0.183,0.141,2023-24
Alexandra Labelle,39,NY,C,24,254.35,1.789,29.768471139569037,0.4220169058384116,7.022245993214632,-0.0434165323120929,-0.0434165323120929,1.6512679378808726,0.9285118736181563,0.0371404749447262,0.0388337197048978,0.4608506255433094,0.498,0.244,0.742,0.11,0.054,0.164,0.039,2023-24
Chloé Aurard-Bushee,33,NY,RW,21,251.7,2.047,30.34697969514904,0.4879618593563767,7.234083359987853,0.1752002877669374,0.1752002877669374,0.2383790226460072,-0.484377041616709,-0.0193750816646683,-0.0262078928875789,0.4617539664687978,0.769,-0.031,0.738,0.17,-0.007,0.163,0.039,2023-24
Lexie Adzija,49,BOS,C,15,194.51666666666665,1.637,19.51840834613549,0.5049438779881759,6.020586928805397,0.1275677362067728,0.1275677362067729,0.308456858880987,-0.1991522930324441,-0.0079660917212977,-0.0129412334333619,0.4920026445548139,0.65,0.019,0.669,0.144,0.004,0.148,0.046,2023-24
Gabrielle David,156,MTL,RW,26,360.65,2.3280000000000003,35.993892220671576,0.3873007070567031,5.988170063053638,-0.07934967271346,-0.0793496727134599,1.1645639816997089,-0.0339426010043272,-0.001357704040173,0.0017369331956518,0.389037640252355,0.497,0.123,0.62,0.11,0.027,0.137,0.023,2023-24
Amanda Pelkey,110,BOS,RW,31,372.7333333333334,2.403,37.95324803139773,0.3868181005186907,6.109447903462341,0.2042848219102033,0.2042848219102034,0.6438919692362725,0.1362828173228412,0.0054513126929136,-0.0025157953615842,0.3843023051571064,0.511,0.101,0.612,0.113,0.022,0.135,0.022,2023-24
Emma Woods,86,NY,LW,24,375.9500000000001,2.531,43.946865486310806,0.4039366937092698,7.013730360895459,-0.0537908960026547,-0.0537908960026546,0.1595956909163452,-0.563160373346371,-0.0225264149338548,-0.0204285699897513,0.3835081237195185,0.622,-0.011,0.611,0.137,-0.002,0.135,0.022,2023-24
Jillian Dempsey,27,MTL,C,26,201.8333333333333,1.4580000000000002,21.161266219050383,0.4334269199009084,6.290714978412996,0.2279372356183536,0.2279372356183537,2.0809248554913298,0.8824182727872938,0.0352967309114917,0.0264071787223759,0.4598340986232844,0.433,0.152,0.585,0.096,0.034,0.13,0.039,2023-24
Sophie Jaques,11,BOS,RD,6,105.68333333333337,0.767,9.986590438181192,0.4354518214792619,5.669724897879244,-0.2304384069993057,-0.2304384069993057,5.6773379593124105,4.213327510204298,0.1685331004081719,0.1775201982811448,0.6129720197604067,0.23,0.346,0.576,0.051,0.076,0.127,0.072,2023-24
Clair DeGeorge,116,MIN,F,33,344.7666666666666,2.1750000000000003,28.3360268500155,0.3785168713139322,4.931339875280664,-0.0746839352338254,-0.0746839352338253,0.5220922362950788,0.0926566073868318,0.0037062642954732,0.0066189377695924,0.3851358090835247,0.425,0.146,0.571,0.094,0.032,0.126,0.022,2023-24
Ann-Sophie Bettez,80,MTL,LW,15,217.53333333333333,1.6369999999999998,22.76003122502996,0.4515170088875267,6.277667208865144,0.2167492128295812,0.2167492128295813,0.5516395954642966,-0.6468669872397392,-0.0258746794895895,-0.0343278987899432,0.4171891100975835,0.533,-0.057,0.476,0.118,-0.013,0.105,0.029,2023-24
Kaitlin Willoughby,128,TOR,LW,27,184.66666666666663,1.279,16.964542293516853,0.4155595667870037,5.511945149518112,-0.0002807731180664,-0.0002807731180663,1.2996389891696754,0.5534488361595991,0.0221379534463839,0.0221489035979885,0.4377084703849923,0.342,0.126,0.468,0.076,0.028,0.104,0.034,2023-24
Kennedy Marchment,29,MTL,RW,9,97.71666666666668,1.023,10.719721002664128,0.628142589118199,6.582124443048073,0.5393643925398989,0.539364392539899,0.0,-1.198506582704036,-0.0479402633081614,-0.0689754746172175,0.5591671145009814,0.527,-0.082,0.445,0.116,-0.018,0.098,0.06,2023-24
Micah Zandee-Hart,47,NY,LD,18,397.5166666666667,2.018,46.10902219513503,0.3045910024736908,6.959560601336888,-0.1181738627732305,-0.1181738627732304,2.5659301496792586,0.8867727882218617,0.0354709115288744,0.0400796921770304,0.3446706946507213,0.0,0.39,0.39,0.0,0.086,0.086,0.013,2023-24
Amanda Boulier,51,MTL,RD,9,214.0,0.8929999999999999,20.798457684803616,0.2503738317757009,5.831343276113163,-0.2502531904385744,-0.2502531904385743,5.327102803738318,3.172194923839601,0.126887796953584,0.1366476713806884,0.3870215031563893,-0.193,0.554,0.361,-0.043,0.122,0.079,0.022,2023-24
Tereza Vanišová,161,OTT,LW,6,78.46666666666667,0.6649999999999999,7.752559856536808,0.5084961767204756,5.928040671948282,0.1994901581154639,0.1994901581154639,2.293967714528462,1.306470201947983,0.0522588080779193,0.0444786919114162,0.5529748686318918,0.267,0.083,0.35,0.059,0.018,0.077,0.059,2023-24
Brooke Bryant,91,MIN,F,25,172.81666666666666,1.049,15.17849829939324,0.3642009837014177,5.269803633698107,0.2623080821871836,0.2623080821871836,1.7359436782717717,1.3065080493635246,0.0522603219745409,0.0420303067692408,0.4062312904706585,0.172,0.175,0.347,0.038,0.039,0.077,0.027,2023-24
Akane Shiga,141,OTT,F,23,240.53333333333333,1.5600000000000005,22.85572579975974,0.3891352549889136,5.701261978875766,-0.0395594025860218,-0.0395594025860217,0.4988913525498891,-0.4886061600305899,-0.0195442464012235,-0.0180014297003687,0.3711338252885449,0.339,0.003,0.342,0.075,0.001,0.076,0.019,2023-24
Alexa Vasko,101,TOR,C,29,253.25,1.227,23.213940848089187,0.2907008884501481,5.499847782370588,-0.0252142032916901,-0.02521420329169,2.3692003948667324,1.623010241856656,0.0649204096742662,0.0659037636026421,0.3566046520527902,-0.059,0.357,0.298,-0.013,0.079,0.066,0.016,2023-24
Claire Butorac,102,MIN,F,30,318.3166666666667,1.764,25.243402659231403,0.3324990837216607,4.758167944564272,-0.2525867122936521,-0.2525867122936521,0.3769830881197967,-0.0524525407884502,-0.002098101631538,0.0077527801479144,0.3402518638695752,0.148,0.14,0.288,0.033,0.031,0.064,0.012,2023-24
Ashton Bell,50,OTT,D,24,534.7166666666667,2.76,51.3917574110627,0.309696724121809,5.766615549662616,0.0176275112852401,0.0176275112852401,2.131970202287816,0.1880713925126565,0.0075228557005062,0.0068353827603818,0.3165321068821908,0.046,0.228,0.274,0.01,0.05,0.06,0.007,2023-24
Erin Ambrose,83,MTL,RD,27,741.8166666666666,3.754,74.93196881190741,0.3036329731065628,6.060686326874715,-0.0154348478995899,-0.0154348478995898,2.1838279898447506,0.0289201099460339,0.0011568043978413,0.0017587634659253,0.3053917365724881,-0.012,0.253,0.241,-0.003,0.056,0.053,0.004,2023-24
Kelly Babstock,175,BOS,F,11,63.016666666666666,0.562,7.067256015710128,0.5350965353081196,6.728939872138709,0.8390205154098753,0.8390205154098754,0.0,-0.5076091519134311,-0.0203043660765372,-0.0530261661775223,0.4820703691305972,0.242,-0.036,0.206,0.053,-0.008,0.045,0.043,2023-24
Rosalie Demers,136,OTT,RW,13,75.03333333333333,0.537,7.5144240625183665,0.4294091514882275,6.00886864172948,0.2721876074238355,0.2721876074238356,1.5992892047978675,0.6117916922173887,0.0244716676886955,0.0138563509991659,0.4432655024873934,0.156,0.041,0.197,0.034,0.009,0.043,0.034,2023-24
Maggie Flaherty,79,MIN,D,34,597.3666666666666,3.2200000000000006,50.61486772990122,0.3234194520395068,5.083799001943095,0.0721109159789333,0.0721109159789334,1.0044082361475366,-0.3814286899553911,-0.0152571475982156,-0.018069473321394,0.3053499787181128,0.187,0.006,0.193,0.041,0.001,0.042,0.004,2023-24
Maude Poulin-Labelle,165,TOR,LD,10,65.73333333333333,0.5630000000000001,5.901602321321137,0.5138945233265722,5.3868581026257845,-0.1152585211084361,-0.115258521108436,0.0,-1.702591450204757,-0.0681036580081902,-0.0636085756849612,0.4502859476416109,0.229,-0.049,0.18,0.051,-0.011,0.04,0.037,2023-24
Sydney Brodt,92,MIN,RW,13,109.1,0.7160000000000001,8.977602407743241,0.3937671860678277,4.93726988510169,-0.067186120884061,-0.0671861208840609,0.0,-0.429435628908247,-0.0171774251563298,-0.0145571664418515,0.3792100196259761,0.162,0.008,0.17,0.036,0.002,0.038,0.021,2023-24
Savannah Norcross,147,NY,RW,20,148.20000000000002,0.921,17.667989609943337,0.3728744939271255,7.153032230746289,0.0823176327088661,0.0823176327088662,0.0,-0.7227560642627162,-0.0289102425705086,-0.0321206302461544,0.3407538636809711,0.169,-0.033,0.136,0.037,-0.007,0.03,0.012,2023-24
Emma Greco,118,MIN,D,32,444.83333333333337,1.9919999999999995,36.51307546142476,0.268684900711877,4.924955850922784,-0.0923592059488488,-0.0923592059488487,2.1581116523042336,0.7722747262013059,0.0308909890480522,0.0344929980800573,0.3031778987919343,-0.266,0.394,0.128,-0.059,0.087,0.028,0.004,2023-24
Amanda Boulier,51,OTT,D,17,289.9,1.098,27.39819478758804,0.2272507761296998,5.670547386185866,-0.0869164858201346,-0.0869164858201345,3.932390479475682,1.9884916697005224,0.0795396667880209,0.0829294097350061,0.310180185864706,-0.374,0.491,0.117,-0.083,0.108,0.025,0.005,2023-24
Kristin Della Rovere,54,OTT,F,8,70.80000000000001,0.4339999999999999,6.3803379360984085,0.3677966101694914,5.407066047541023,-0.3359490475932308,-0.3359490475932308,0.0,-0.987497512580479,-0.0394999005032191,-0.0263978876470831,0.3413987225224082,0.075,-0.009,0.066,0.017,-0.002,0.015,0.013,2023-24
Shiann Darkangelo,4,OTT,C,7,64.01666666666667,0.409,6.237749769833129,0.3833376724811247,5.846367917573357,0.1049505171927382,0.1049505171927382,0.0,-0.987497512580479,-0.0394999005032191,-0.0435929706737359,0.3397447018073887,0.084,-0.027,0.057,0.019,-0.006,0.013,0.012,2023-24
Taylor Wenczkowski,111,BOS,LW,24,135.28333333333333,0.6910000000000001,13.029585015618643,0.3064679068621412,5.778798331431209,-0.1346251302857118,-0.1346251302857117,0.443513613403967,-0.0640955385094642,-0.0025638215403785,0.0026865585407641,0.3091544654029054,0.004,0.048,0.052,0.001,0.011,0.012,0.005,2023-24
Nicole Kosta,14,BOS,RW,12,89.61666666666667,0.46,8.803577899089207,0.3079784266319509,5.894156674115891,-0.0191114990201662,-0.0191114990201661,0.6695183187651106,0.1619091668516794,0.0064763666740671,0.0072217151358536,0.3152001417678046,0.005,0.039,0.044,0.001,0.009,0.01,0.007,2023-24
Emma Buckles,3,OTT,LD,13,63.08333333333333,0.307,6.250905783620363,0.2919947159841479,5.945379345055034,0.1945714564664424,0.1945714564664424,2.8533685601056806,0.9094697503305208,0.0363787900132208,0.0287905032110295,0.3207852191951775,-0.013,0.05,0.037,-0.003,0.011,0.008,0.008,2023-24
Olivia Zafuto,46,NY,LD,11,87.35000000000001,0.511,10.475308870208709,0.3510017172295363,7.195403917716342,0.1224406947216001,0.1224406947216002,0.68689181453921,-0.9922655469181868,-0.0396906218767274,-0.0444658089708698,0.3065359082586664,0.068,-0.037,0.031,0.015,-0.008,0.007,0.005,2023-24
Madison Bizal,162,MTL,LD,24,237.48333333333332,0.792,23.195837318069582,0.200098252508948,5.86041226367117,-0.2263527703581166,-0.2263527703581165,4.042388939574707,1.88748105967599,0.0754992423870396,0.0843270004310061,0.2844252529399541,-0.414,0.408,-0.006,-0.091,0.09,-0.001,-0.0,2023-24
Jincy Roese,60,OTT,D,24,496.0,2.223,47.527099204887385,0.2689112903225806,5.749245871558959,-0.0039351024298389,-0.0039351024298388,2.298387096774193,0.3544882869990338,0.0141795314799613,0.014333000474725,0.2832442907973057,-0.295,0.273,-0.022,-0.065,0.06,-0.005,-0.001,2023-24
Savannah Harmon,56,OTT,D,24,616.0,3.4230000000000005,58.79371366424089,0.333409090909091,5.726660421841645,-0.0198898730113404,-0.0198898730113403,0.6818181818181819,-1.2620806279569778,-0.0504832251182791,-0.0497075200708368,0.2837015708382541,0.296,-0.318,-0.022,0.065,-0.07,-0.005,-0.0,2023-24
Renata Fast,67,TOR,RD,29,814.6,4.036,74.62090040414355,0.2972747360667812,5.496260771235715,-0.0281253917808718,-0.0281253917808717,1.1784925116621654,-0.5240989385425916,-0.0209639575417036,-0.0198670672622496,0.2774076688045315,-0.099,-0.016,-0.115,-0.022,-0.004,-0.026,-0.002,2023-24
Dominique Kremer,119,MIN,D,12,63.48333333333333,0.051,5.440109571424886,0.048201627723812,5.141610516442528,0.1016287356717361,0.1016287356717362,1.8902599107377265,0.5044229846347985,0.0201769193853919,0.0162133986941942,0.0644150264180062,-0.271,0.037,-0.234,-0.06,0.008,-0.052,-0.049,2023-24
Jessica DiGirolamo,5,BOS,LD,32,679.7499999999999,2.6830000000000003,67.19726898880728,0.236822361162192,5.931351437040732,0.01076808362866,0.0107680836286601,2.118425891872012,0.6544154427639002,0.026176617710556,0.0257566624490382,0.2625790236112303,-0.768,0.504,-0.264,-0.17,0.111,-0.059,-0.005,2023-24
Abby Cook,117,MIN,D,9,105.23333333333332,0.281,9.959134927197868,0.1602153943617358,5.678315764636098,0.6498495291802747,0.6498495291802748,0.5701615457713018,-0.8156753803316259,-0.032627015213265,-0.0579711468512957,0.10224424751044,-0.253,-0.069,-0.322,-0.056,-0.015,-0.071,-0.04,2023-24
Zoe Boyd,52,OTT,D,16,238.45,0.792,21.77491805330012,0.199287062277207,5.479115467385226,-0.2812232067429469,-0.2812232067429468,1.7613755504298598,-0.1825232593452998,-0.0073009303738119,0.0036667746891629,0.2029538369663699,-0.418,0.089,-0.329,-0.092,0.02,-0.072,-0.018,2023-24
Jess Healey,10,BOS,D,29,279.6833333333334,1.098,27.40455380640893,0.2355521125081937,5.879053316433593,-0.0416606245515556,-0.0416606245515555,0.6435850068529884,-0.8204254422551234,-0.0328170176902049,-0.0311922533326942,0.2043598591754994,-0.322,-0.058,-0.38,-0.071,-0.013,-0.084,-0.018,2023-24
Dominika Lásková,82,MTL,RD,7,126.70000000000002,0.4599999999999999,14.344469743614727,0.2178374112075769,6.792961204553145,0.7080198399885568,0.7080198399885569,0.0,-2.1549078798987167,-0.0861963151959486,-0.1138090889555023,0.1040283222520745,-0.183,-0.201,-0.384,-0.04,-0.044,-0.084,-0.04,2023-24
Brigitte Laganière,164,MTL,LD,20,140.95,0.3319999999999999,13.927281117308608,0.1413267115998581,5.928604945289227,-0.1642020812815378,-0.1642020812815377,1.2770485987938986,-0.877859281104818,-0.0351143712441927,-0.0287104900742127,0.1126162215256453,-0.384,-0.023,-0.407,-0.085,-0.005,-0.09,-0.038,2023-24
Natalie Buchbinder,90,MIN,D,34,710.4999999999998,3.0140000000000007,59.4692002523604,0.2545249824067559,5.022029577961471,0.0032588144763291,0.0032588144763292,1.0133708655876146,-0.3724660605153131,-0.0148986424206125,-0.0150257361851893,0.2394992462215665,-0.593,0.044,-0.549,-0.131,0.01,-0.121,-0.01,2023-24
Taylor Baker,150,NY,RD,22,326.0833333333333,0.8689999999999999,39.2892260859486,0.1598977766419626,7.229297925347047,0.1366883128614595,0.1366883128614596,2.39202657807309,0.7128692166156929,0.0285147686646277,0.0231839244630307,0.1830817011049934,-0.786,0.228,-0.558,-0.174,0.05,-0.124,-0.023,2023-24
Brooke Hobson,38,NY,LD,24,471.9,1.662,55.45371672228851,0.2113159567705022,7.050695069585316,-0.0366285106467769,-0.0366285106467769,1.652892561983471,-0.026264799473926,-0.001050591978957,0.0003779199362672,0.2116938767067694,-0.734,0.15,-0.584,-0.162,0.033,-0.129,-0.016,2023-24
Leah Lum,159,MTL,LD,25,234.88333333333333,0.766,24.13767873040821,0.1956716100191584,6.165872662276986,0.0786525484506853,0.0786525484506854,0.0,-2.1549078798987167,-0.0861963151959486,-0.0892637645855254,0.106407845433633,-0.426,-0.276,-0.702,-0.094,-0.061,-0.155,-0.04,2023-24
Johanna Fällman,152,NY,RD,20,233.7666666666667,0.511,27.75841750633528,0.1311564237844003,7.124647299501425,0.0290829399237722,0.0290829399237722,1.0266647654356194,-0.6524925960217776,-0.0260997038408711,-0.0272339384978982,0.1039224852865021,-0.676,-0.033,-0.709,-0.149,-0.007,-0.156,-0.04,2023-24
Jocelyne Larocque,71,TOR,LD,28,786.3999999999999,3.2190000000000003,72.34805426110613,0.2456002034587996,5.519943102322442,-0.0097554471957125,-0.0097554471957124,1.2207527975584946,-0.4818386526462623,-0.0192735461058504,-0.0188930836652177,0.2267071197935819,-0.773,-0.002,-0.775,-0.171,-0.0,-0.171,-0.013,2023-24
Olivia Knowles,131,TOR,RD,25,250.6166666666666,0.485,23.4116941991389,0.1161135864866662,5.604980988022882,0.0619706014852249,0.061970601485225,0.9576378266941548,-0.7449536235106022,-0.029798144940424,-0.0322149983983478,0.0838985880883183,-0.787,-0.056,-0.843,-0.174,-0.012,-0.186,-0.045,2023-24
Kali Flanagan,68,TOR,RD,29,619.1166666666666,2.196,56.892543956328446,0.2128193393813767,5.513585437391511,-0.0194831400890781,-0.019483140089078,1.162947209734299,-0.539644240470458,-0.0215857696188183,-0.0208259271553442,0.1919934122260324,-0.947,-0.022,-0.969,-0.209,-0.005,-0.214,-0.021,2023-24
Lauriane Rougeau,133,TOR,LD,29,344.3666666666668,0.689,31.941743540194423,0.1200464621043461,5.565302330108406,0.0226962617965612,0.0226962617965613,1.568096021682315,-0.134495428522442,-0.0053798171408976,-0.0062649713509635,0.1137814907533825,-1.059,0.071,-0.988,-0.234,0.016,-0.218,-0.038,2023-24
Aneta Tejralová,62,OTT,D,23,522.2833333333333,1.251,50.009565269982936,0.1437150971694801,5.745107539711477,-0.0209441954238166,-0.0209441954238165,2.642243992724256,0.6983451829490961,0.0279338073179638,0.0287506309394926,0.1724657281089728,-1.4,0.413,-0.987,-0.309,0.091,-0.218,-0.025,2023-24
Allie Munroe,74,TOR,LD,29,556.4,1.354,50.54566734939017,0.1460100647016535,5.4506470901571005,-0.0892897969351221,-0.0892897969351221,2.372393961179008,0.6698025109742511,0.02679210043897,0.0302744025194398,0.1762844672210933,-1.471,0.454,-1.017,-0.325,0.1,-0.225,-0.024,2023-24
Mariah Keopple,99,MTL,LD,27,578.05,1.5320000000000005,58.88897776214871,0.15901738603927,6.112513910092418,0.0215255685750529,0.021525568575053,2.698728483695182,0.5438206037964655,0.0217528241518586,0.0209133269774315,0.1799307130167015,-1.402,0.382,-1.02,-0.31,0.084,-0.226,-0.023,2023-24
Catherine Daoust,163,MTL,RD,27,418.8000000000001,1.098,41.767086358528886,0.1573065902578796,5.983823260534223,-0.1073409588858019,-0.1073409588858019,1.57593123209169,-0.5789766478070266,-0.023159065912281,-0.0189727685157347,0.1383338217421448,-1.028,-0.002,-1.03,-0.227,-0.0,-0.227,-0.033,2023-24
Emily Brown,2,BOS,LD,32,689.3500000000001,1.7880000000000005,68.68945468403787,0.155624864002321,5.97862810044574,0.0496972600588847,0.0496972600588847,1.5666932617683322,0.1026828126602203,0.0041073125064088,0.0021691193641123,0.1577939833664333,-1.711,0.24,-1.471,-0.378,0.053,-0.325,-0.028,2023-24
Lee Stecklein,24,MIN,D,34,923.4166666666666,3.065,77.1974845418651,0.1991517011100081,5.015990332112884,-0.0084730667433398,-0.0084730667433397,0.9096651926721416,-0.4761717334307861,-0.0190468693372314,-0.0187164197342411,0.1804352813757669,-1.623,0.0,-1.623,-0.358,0.0,-0.358,-0.023,2023-24
Mellissa Channell-Watkins,129,MIN,D,34,605.2666666666667,1.327,50.6201851992052,0.1315453243749311,5.017971877881339,-0.0134417764500899,-0.0134417764500898,1.1895583214010357,-0.1962786047018922,-0.0078511441880756,-0.0073269149065221,0.1242184094684089,-1.746,0.115,-1.631,-0.385,0.025,-0.36,-0.036,2023-24
Kaleigh Fratkin,7,BOS,RD,32,619.8166666666666,1.301,61.03687673117778,0.1259404662669069,5.908541671791122,-0.023440865164198,-0.0234408651641979,0.7744225443007342,-0.6895879048073776,-0.0275835161922951,-0.0266693224508913,0.0992711438160155,-1.846,-0.082,-1.928,-0.408,-0.018,-0.426,-0.041,2023-24
Laura Stacey,32,MTL,RW,31,640.4000000000001,12.145000000000003,60.06223543781096,1.1378825733916302,5.627317498857991,-0.0221619858633014,-0.0221619858633014,1.2179887570268582,-0.9683402834177162,-0.0387336113367086,-0.0378692938880398,1.1000132795035904,8.98,-0.18,8.8,1.836,-0.037,1.799,0.169,2024-25
Tereza Vanišová,161,OTT,LW,38,682.5000000000002,12.280000000000005,65.02716039913365,1.0795604395604397,5.716673441682077,-0.0175662283479259,-0.0175662283479259,0.2637362637362636,-0.9260545073533754,-0.037042180294135,-0.0363570973885659,1.0432033421718736,8.907,-0.175,8.732,1.821,-0.036,1.785,0.157,2024-25
Marie-Philip Poulin,31,MTL,C,34,706.5333333333334,11.38,66.57710816514634,0.9664087563691262,5.65384009705904,-0.0009378253927844,-0.0009378253927844,2.4627288167578785,0.2763997763133041,0.0110559910525321,0.0110925662428507,0.9775013226119768,7.888,0.378,8.266,1.612,0.077,1.689,0.143,2024-25
Kendall Coyne Schofield,20,MIN,LW,38,712.9499999999999,11.538000000000006,59.644216200196055,0.9710077845571224,5.019500626988938,0.0232702608134159,0.0232702608134159,0.8415737428992217,-0.272131649962158,-0.0108852659984863,-0.0117928061702095,0.9592149783869128,8.014,0.109,8.123,1.638,0.022,1.66,0.14,2024-25
Daryl Watts,63,TOR,LW,34,623.6666666666666,10.845000000000004,55.7732367487463,1.0433458043826835,5.365677506560307,-0.0312416027765222,-0.0312416027765222,1.1544628540887227,-0.6120138120575039,-0.0244805524823001,-0.0232621299740157,1.0200836744086677,7.763,-0.024,7.739,1.587,-0.005,1.582,0.152,2024-25
Hilary Knight,13,BOS,RW,30,666.4333333333333,10.358000000000002,66.7740921107925,0.9325463912369332,6.011772410314936,0.0272247189793241,0.0272247189793241,1.9806932426349224,0.4846842993322069,0.0193873719732882,0.0183256079330946,0.950871999170028,7.064,0.437,7.501,1.444,0.089,1.533,0.138,2024-25
Sarah Fillier,205,NY,RW,30,590.4333333333334,9.359,59.4643754710097,0.9510641901428328,6.042786419455624,0.0082231052992895,0.0082231052992895,1.9307852989329868,0.4768560112933365,0.0190742404517334,0.0187535393450611,0.969817729487894,6.441,0.391,6.832,1.317,0.08,1.397,0.142,2024-25
Emily Clark,53,OTT,RW,38,778.9833333333335,9.998000000000005,73.69487601990603,0.7700806606902162,5.676235128514981,-0.0675672803965357,-0.0675672803965357,1.6174928860266584,0.4277021149370194,0.0171080845974807,0.0197432085329456,0.7898238692231618,6.148,0.529,6.677,1.257,0.108,1.365,0.105,2024-25
Jesse Compher,65,TOR,RW,34,581.9666666666667,7.495,51.83742478057311,0.7727246692250415,5.344370502607916,-0.0609106369099438,-0.0609106369099438,2.5774672088893977,0.8109905427431711,0.0324396217097268,0.0348151365492146,0.8075398057742561,4.619,0.541,5.16,0.944,0.111,1.055,0.109,2024-25
Sarah Nurse,75,TOR,C,25,454.90000000000015,7.034000000000001,41.36047899455863,0.9277643438118266,5.455328071386056,0.05483756448969,0.05483756448969,2.3741481644317424,0.6076714982855157,0.0243068599314206,0.0221681949163227,0.9499325387281492,4.786,0.327,5.113,0.978,0.067,1.045,0.138,2024-25
Blayre Turnbull,76,TOR,C,34,619.5833333333331,8.108,55.71190512803654,0.7851728312037662,5.39510042934584,-0.0097960694598159,-0.0097960694598159,1.3557498318762613,-0.4107268342699653,-0.0164290733707986,-0.0160470266618657,0.7691258045419005,5.046,0.051,5.097,1.031,0.01,1.041,0.101,2024-25
Brianne Jenner,58,OTT,RW,36,687.4166666666666,8.490000000000004,65.40010869365791,0.7410352770032735,5.7083377693579465,-0.0363621244261702,-0.0363621244261703,0.26184992120257,-0.927940849887069,-0.0371176339954827,-0.0356995111428621,0.7053357658604115,5.092,-0.169,4.923,1.041,-0.035,1.006,0.088,2024-25
Jessie Eldridge,36,NY,LW,30,561.45,7.392000000000001,56.53077539208494,0.7899545818861876,6.041226330973544,0.0016848268990001,0.0016848268990001,1.3892599519102324,-0.0646693357294178,-0.0025867734291767,-0.0026524816782377,0.7873021002079499,4.617,0.172,4.789,0.944,0.035,0.979,0.105,2024-25
Taylor Heise,21,MIN,C,37,688.8333333333333,7.903,57.487775159589226,0.6883813210742803,5.007403594834774,0.002440241059357,0.002440241059357,1.1323493830147595,0.0186439901533798,0.0007457596061351,0.0006505902048202,0.6890319112791006,4.498,0.248,4.746,0.919,0.051,0.97,0.084,2024-25
Abby Roque,42,NY,C,30,658.8333333333334,7.8530000000000015,66.33842290480855,0.7151732861118139,6.0414450406605305,-0.000407160440236,-0.000407160440236,0.8196306602580319,-0.6342986273816184,-0.0253719450952647,-0.0253560658380955,0.6898172202737183,4.597,-0.048,4.549,0.94,-0.01,0.93,0.085,2024-25
Britta Curl-Salemme,189,MIN,LW,35,604.4,6.726000000000003,49.84135400022839,0.667703507610854,4.947851158196068,-0.0577511275687457,-0.0577511275687458,2.481800132362674,1.368094739501294,0.0547237895800517,0.0569760835552328,0.7246795911660868,3.739,0.785,4.524,0.764,0.16,0.924,0.092,2024-25
Grace Zumwinkle,25,MIN,RW,30,556.0833333333335,6.623000000000001,45.11897596930265,0.7146051251311254,4.868224591322929,-0.1359284626920617,-0.1359284626920617,0.9710774763974224,-0.1426279164639574,-0.0057051166585582,-0.0004039066135678,0.7142012185175575,3.875,0.191,4.066,0.792,0.039,0.831,0.09,2024-25
Julia Gosling,210,TOR,LW,34,421.9,5.858000000000001,38.37467571658194,0.833088409575729,5.457408255498735,0.0539923192228849,0.0539923192228849,1.706565536857075,-0.0599111292891517,-0.002396445171566,-0.0045021456212585,0.8285862639544704,3.773,0.116,3.889,0.771,0.024,0.795,0.113,2024-25
Shiann Darkangelo,4,OTT,C,37,630.1,6.622999999999999,59.9687838057417,0.630661799714331,5.710406329700844,-0.0377040380942466,-0.0377040380942466,1.428344707189335,0.2385539360996958,0.0095421574439878,0.0110126149296634,0.6416744146439944,3.509,0.336,3.845,0.717,0.069,0.786,0.075,2024-25
Denisa Křížová,104,MIN,LW,38,576.3333333333334,6.396000000000002,48.412838082211664,0.6658646616541355,5.040087249738634,0.0344281447406166,0.0344281447406166,1.3533834586466165,0.2396780657852367,0.0095871226314094,0.0082444249865254,0.6741090866406609,3.547,0.281,3.828,0.725,0.057,0.782,0.081,2024-25
Hayley Scamurra,61,TOR,RW,23,318.01666666666665,5.117000000000003,26.71873555091919,0.9654210995230864,5.041006654960908,-0.3583202808507609,-0.3583202808507609,2.075362926471359,0.3088862603251322,0.0123554504130052,0.0263299413661849,0.9917510408892714,3.545,0.251,3.796,0.725,0.051,0.776,0.146,2024-25
Kelly Pannek,23,MIN,C,38,717.5499999999998,6.805000000000001,60.09401804300752,0.5690195805170374,5.024933569201383,0.0162820094903178,0.0162820094903178,1.5887394606647625,0.4750340678033827,0.0190013627121353,0.0183663643420129,0.5873859448590503,3.259,0.471,3.73,0.666,0.096,0.762,0.064,2024-25
Sophie Jaques,11,MIN,RD,33,791.6499999999999,7.641000000000001,65.20401501443158,0.5791195604117982,4.941882019662597,-0.0664574567492136,-0.0664574567492136,2.046358870713068,-0.5973934558844723,-0.0238957382353788,-0.0213038974221595,0.5578156629896387,3.728,-0.004,3.724,0.762,-0.001,0.761,0.058,2024-25
Michela Cava,115,MIN,RW,38,644.8000000000001,6.727000000000001,53.85546864108997,0.6259615384615385,5.011364947992242,0.0044728605065144,0.0044728605065143,0.9305210918114144,-0.1831843010499654,-0.0073273720419986,-0.0075018136017526,0.6184597248597857,3.54,0.145,3.685,0.724,0.03,0.754,0.07,2024-25
Hannah Miller,89,TOR,C,33,582.1333333333334,6.446000000000003,53.376778146123584,0.6643838754008248,5.501500267007698,0.0928714621743885,0.0928714621743885,1.03069170865781,-0.7357849574884167,-0.0294313982995366,-0.0330533853243378,0.631330490076487,3.569,-0.117,3.452,0.73,-0.024,0.706,0.073,2024-25
Alex Carpenter,34,NY,C,26,519.45,5.7040000000000015,53.18586492670285,0.6588507074790645,6.143328319572953,0.0997357846947599,0.0997357846947599,1.8481085763788625,0.394179288739212,0.0157671715495684,0.0118774759464728,0.6707281834255373,3.137,0.285,3.422,0.641,0.058,0.699,0.081,2024-25
Shay Maloney,183,BOS,RW,30,396.3,5.1160000000000005,39.93692444368129,0.7745647236941713,6.0464685001788485,0.057039270410281,0.057039270410281,1.816805450416352,0.3207965071136363,0.0128318602845454,0.0106073287385444,0.7851720524327158,3.157,0.209,3.366,0.645,0.043,0.688,0.104,2024-25
Lina Ljungblom,201,MTL,LW,33,452.63333333333327,5.296000000000002,42.46950999445096,0.7020251859488921,5.629657411445006,-0.0332898041920485,-0.0332898041920485,2.651152514912733,0.4648234744681587,0.0185929389787263,0.0198912413422162,0.7219164272911083,3.059,0.308,3.367,0.625,0.063,0.688,0.091,2024-25
Brooke McQuigge,192,MIN,LW,37,529.9333333333333,5.552000000000001,44.22528648474527,0.6286073719964778,5.00726605060646,0.0004557177843512,0.0004557177843512,1.132217889042647,0.0185124961812673,0.0007404998472506,0.0007227268536609,0.6293300988501388,2.933,0.192,3.125,0.6,0.039,0.639,0.072,2024-25
Catherine Dubois,157,MTL,LW,28,304.3833333333333,4.425000000000001,28.367129136070268,0.872255379729508,5.591724518964736,-0.065962686151385,-0.065962686151385,0.7884794393035098,-1.3978496011410644,-0.0559139840456425,-0.0533414392857385,0.8189139404437694,2.921,-0.164,2.757,0.597,-0.034,0.563,0.111,2024-25
Mikyla Grant-Mentis,138,MTL,LW,34,436.01666666666665,4.553000000000001,41.62501896424897,0.62653568288674,5.727994658892868,0.0627148630506904,0.0627148630506904,2.889797790604335,0.7034687501597607,0.0281387500063904,0.0256928703474135,0.6522285532341535,2.398,0.339,2.737,0.49,0.069,0.559,0.077,2024-25
Gabbie Hughes,57,OTT,C,37,730.3833333333333,5.857000000000002,69.2018513563847,0.4811446044314631,5.684838210140449,-0.067892148989797,-0.067892148989797,1.3143782945028866,0.1245875234132475,0.0049835009365299,0.0076312947471319,0.4887758991785951,2.247,0.348,2.595,0.459,0.071,0.53,0.044,2024-25
Jade Downie-Landry,35,NY,C,30,327.46666666666664,4.117,33.261215684392134,0.7543363192182411,6.094278118068591,0.0536360311173568,0.0536360311173568,1.2825732899022804,-0.1713559977373698,-0.0068542399094947,-0.0089460451230717,0.7453902740951693,2.498,0.066,2.564,0.511,0.013,0.524,0.096,2024-25
Danielle Serdachny,224,OTT,C,38,566.9500000000002,4.960000000000002,55.648208541574085,0.5249140135814446,5.889218648019127,0.1378407372854359,0.1378407372854359,1.4816121351089158,0.2918213640192767,0.011672854560771,0.006297065806639,0.5312110793880837,2.158,0.258,2.416,0.441,0.053,0.494,0.052,2024-25
Jenn Gardiner,198,MTL,LW,34,615.7999999999998,5.652000000000002,58.10542217300522,0.5506982786619036,5.661457178272677,-0.0061659477111387,-0.0061659477111387,1.0717765508281911,-1.114552489616383,-0.0445820995846553,-0.0443416276239209,0.5063566510379827,2.608,-0.24,2.368,0.533,-0.049,0.484,0.047,2024-25
Renata Fast,67,TOR,RD,34,843.8833333333332,6.109000000000001,76.04867389871134,0.4343491398890053,5.407051251858687,-0.0086854878368228,-0.0086854878368228,3.48389390318567,0.1873703033032826,0.0074948121321313,0.0078335461577674,0.4421826860467727,1.938,0.405,2.343,0.396,0.083,0.479,0.034,2024-25
Natalie Spooner,100,TOR,RW,18,314.8,3.735,26.605350052910477,0.7118805590851335,5.070905346806317,-0.3362558390908902,-0.3362558390908902,1.7153748411689962,-0.0511018249772304,-0.0020440729990892,0.0110699047254554,0.722950463810589,2.179,0.168,2.347,0.445,0.034,0.479,0.091,2024-25
Abby Boreen,114,MTL,RW,34,528.4166666666666,4.987000000000002,49.71855998026196,0.5662576880618202,5.645381357165843,-0.0217609924332113,-0.0217609924332113,1.476107869421227,-0.7102211710233473,-0.0284088468409338,-0.0275601681360386,0.5386975199257815,2.375,-0.058,2.317,0.485,-0.012,0.473,0.054,2024-25
Rebecca Leslie,72,OTT,RW,35,428.1,4.322000000000001,41.20605599008388,0.6057463209530485,5.775200559226893,0.026320318135486,0.026320318135486,0.9810791871058164,-0.2087115839838227,-0.0083484633593529,-0.0093749557666368,0.5963713651864117,2.206,0.083,2.289,0.451,0.017,0.468,0.066,2024-25
Alina Müller,15,BOS,C,26,461.53333333333336,4.526000000000001,46.80695985265783,0.5883865376281959,6.08497239164987,0.0897903679983486,0.0897903679983486,1.170013000144446,-0.3259959431582692,-0.0130398377263307,-0.0165416620782663,0.5718448755499296,2.245,0.034,2.279,0.459,0.007,0.466,0.061,2024-25
Susanna Tapani,78,BOS,C,30,647.8999999999997,5.243,64.51666095619454,0.4855378916499462,5.974686922938222,-0.0236730619662053,-0.0236730619662054,1.4817101404537742,-0.0142988028489409,-0.0005719521139576,0.0003512973027243,0.4858891889526706,2.041,0.23,2.271,0.417,0.047,0.464,0.043,2024-25
Paetyn Levis,40,NY,RW,30,428.2499999999999,4.245,42.90500620323071,0.5947460595446586,6.0112092754088575,-0.0343640545039132,-0.0343640545039132,1.1208406304728549,-0.3330886571667953,-0.0133235462866718,-0.0119833481610191,0.5827627113836394,2.128,0.064,2.192,0.435,0.013,0.448,0.063,2024-25
Maureen Murphy,98,MTL,RW,32,440.8333333333333,4.066999999999999,41.20248190554102,0.5535425330812853,5.607899238561349,-0.0596360016729532,-0.0596360016729532,2.3137996219281662,0.1274705814835919,0.0050988232593436,0.0074246273245888,0.5609671604058741,1.888,0.209,2.097,0.386,0.043,0.429,0.058,2024-25
Ronja Savolainen,223,OTT,RD,36,670.0999999999999,4.83,64.80036319596366,0.4324727652589166,5.802151606861393,0.0479173171978199,0.0479173171978199,3.1338606178182364,0.4140229129924367,0.0165609165196974,0.0146921411489824,0.4471649064078991,1.518,0.398,1.916,0.31,0.081,0.391,0.035,2024-25
Élizabeth Giguère,37,NY,LW,29,283.05,3.375999999999999,28.926427143027237,0.7156332803391624,6.131728064234707,0.0898900766786809,0.0898900766786809,0.6359300476947536,-0.8179992399448967,-0.0327199695977958,-0.0362256825882644,0.679407597750898,1.977,-0.072,1.905,0.404,-0.015,0.389,0.082,2024-25
Claire Dalton,26,MTL,RW,33,422.08333333333326,3.886000000000001,40.7434352086401,0.5524027640671275,5.791761767072236,0.124191308661459,0.124191308661459,2.1322803553800598,-0.0540486850645149,-0.0021619474025805,-0.0070054084403775,0.54539735562675,1.8,0.098,1.898,0.368,0.02,0.388,0.055,2024-25
Mannon McMahon,220,OTT,RW,38,595.5833333333334,4.218,55.04678626580303,0.4249279417937596,5.545499665786789,-0.2089677543803923,-0.2089677543803923,2.014831397789282,0.825040626699643,0.0330016250679857,0.041151367488821,0.4660793092825806,1.274,0.617,1.891,0.26,0.126,0.386,0.039,2024-25
Maggie Connors,66,TOR,LW,34,264.76666666666665,3.0430000000000006,24.45165730690215,0.689588316756893,5.541103254743027,0.1332532519762773,0.1332532519762773,2.0395316630995843,0.2730549969533576,0.0109221998781343,0.0057253230510594,0.6953136398079525,1.734,0.118,1.852,0.354,0.024,0.378,0.086,2024-25
Noora Tulus,231,NY,RW,30,314.2666666666668,3.376000000000001,31.7815253380969,0.644548154433602,6.067749852415613,0.0237153772574691,0.0237153772574691,0.954603309291472,-0.4993259783481782,-0.0199730391339271,-0.0208979388469684,0.6236502155866336,1.823,0.0,1.823,0.373,0.0,0.373,0.071,2024-25
Hannah Bilka,181,BOS,LW,16,327.8833333333333,3.4530000000000003,32.22720384166465,0.6318710923600874,5.8973178381534455,-0.0965205389315769,-0.0965205389315769,0.7319676714278454,-0.7640412718748699,-0.0305616508749947,-0.0267973498566632,0.6050737425034242,1.832,-0.032,1.8,0.374,-0.007,0.367,0.067,2024-25
Lexie Adzija,49,BOS,C,29,295.0166666666667,3.068999999999999,28.795534263978773,0.6241681260945706,5.856387963975118,-0.1376884301308519,-0.1376884301308519,1.6270267216541436,0.1310177783514284,0.0052407111340571,0.0106105599091603,0.634778686003731,1.611,0.155,1.766,0.329,0.032,0.361,0.073,2024-25
Kristin O'Neill,30,MTL,C,34,552.5833333333334,4.221000000000001,52.2194285660168,0.4583200120645454,5.670032961473699,-0.0004445973426016,-0.0004445973426016,2.3887799728547727,0.2024509324101984,0.0080980372964079,0.0081153765927694,0.4664353886573148,1.49,0.268,1.758,0.305,0.055,0.36,0.039,2024-25
Dominique Petrie,195,MIN,C,25,377.6666666666667,3.043,30.416940775903267,0.483442188879082,4.832347166515965,-0.1789486830849987,-0.1789486830849987,2.5419240953221536,1.4282187024607738,0.0571287480984309,0.0641077467387459,0.5475499356178279,1.176,0.536,1.712,0.24,0.11,0.35,0.056,2024-25
Liz Schepers,97,MIN,C,35,381.3,3.197000000000001,32.65710301069617,0.5030684500393393,5.138804565019068,0.1281151550742937,0.1281151550742937,2.2029897718332023,1.0892843789718225,0.0435713751588729,0.0385748841109754,0.5416433341503147,1.312,0.379,1.691,0.268,0.077,0.345,0.054,2024-25
Jamie Lee Rattray,16,BOS,LW,30,450.45,3.965,45.05015896441476,0.5281385281385281,6.00068717474722,0.0036435238676328,0.0036435238676328,0.7992007992007992,-0.696808144101916,-0.0278723257640766,-0.0280144231949143,0.5001241049436138,1.739,-0.053,1.686,0.355,-0.011,0.344,0.046,2024-25
Gabby Rosenthal,227,NY,C,29,375.4,3.1210000000000004,37.36727584330583,0.4988279168886522,5.972393581775039,-0.0761435610096661,-0.0761435610096662,2.237613212573255,0.7836839249336048,0.0313473569973441,0.0343169558767211,0.5331448727653734,1.266,0.346,1.612,0.259,0.071,0.33,0.053,2024-25
Anna Meixner,221,OTT,LW,36,442.5,3.555,41.5616378596424,0.4820338983050847,5.635476319951511,-0.117226560533334,-0.117226560533334,1.3559322033898304,0.1661414323001914,0.0066456572920076,0.0112174931528076,0.4932513914578924,1.368,0.238,1.606,0.28,0.049,0.329,0.045,2024-25
Elle Hartje,206,NY,LW,27,434.85,3.633,43.19083856638815,0.5012763021731632,5.959412013299504,-0.0890494758536702,-0.0890494758536702,1.2418075198344256,-0.2121217678052246,-0.0084848707122089,-0.0050119411539158,0.4962643610192473,1.484,0.116,1.6,0.303,0.024,0.327,0.045,2024-25
Emma Woods,86,TOR,RW,34,363.73333333333335,2.8130000000000006,32.13693872324179,0.4640212609970675,5.3011812410039605,-0.1136386480098897,-0.1136386480098897,2.969208211143695,1.2027315449974685,0.0481092617998987,0.0525411690722844,0.516562430069352,1.015,0.446,1.461,0.207,0.091,0.298,0.049,2024-25
Kateřina Mrázová,88,OTT,C,20,357.83333333333337,3.045,35.675627988645175,0.5105728924080111,5.981940417285637,0.2301193745400569,0.2301193745400569,1.1737307871448532,-0.0160599839447858,-0.0006423993577914,-0.0096170549648536,0.5009558374431574,1.276,0.068,1.344,0.261,0.014,0.275,0.046,2024-25
Victoria Bach,125,OTT,LW,32,363.50000000000017,2.9410000000000007,33.82421504687742,0.4854470426409902,5.583089141162708,-0.1695082752166366,-0.1695082752166366,1.1554332874828055,-0.0343574836068335,-0.0013742993442733,0.0052365233891754,0.4906835660301657,1.144,0.159,1.303,0.234,0.033,0.267,0.044,2024-25
Chloé Aurard-Bushee,33,NY,RW,27,198.5,2.098,20.24187800776694,0.6341561712846348,6.118451790760788,0.0740962095786016,0.0740962095786016,2.4181360201511333,0.964206732511483,0.0385682693004593,0.0356785171268938,0.6698346884115286,1.117,0.187,1.304,0.228,0.038,0.266,0.08,2024-25
Alexa Vasko,101,OTT,LW,32,306.1,2.353,29.2817913310288,0.4612218229336817,5.739652008695614,-0.0136939523907671,-0.0136939523907671,2.744201241424371,1.554410470334732,0.0621764188133892,0.0627104829566291,0.5239323058903109,0.84,0.427,1.267,0.172,0.087,0.259,0.051,2024-25
Emma Maltais,73,TOR,LW,34,634.3166666666667,4.477000000000002,57.33105635732983,0.4234793347171498,5.422943400677562,0.0068707905451187,0.0068707905451187,1.040489765889803,-0.725986900256424,-0.0290394760102569,-0.0293074368415165,0.3941718978756332,1.342,-0.088,1.254,0.274,-0.018,0.256,0.024,2024-25
Loren Gabel,8,BOS,LW,20,176.14999999999995,2.047,18.04036470869031,0.6972466647743402,6.144887212724489,0.1530689014754622,0.1530689014754622,1.7030939540164638,0.2070850107137485,0.0082834004285499,0.0023137132710069,0.6995603780453471,1.176,0.068,1.244,0.24,0.014,0.254,0.087,2024-25
Amanda Pelkey,110,BOS,RW,25,231.4333333333333,2.455,23.230048640827885,0.6364683854241683,6.022481283809621,0.0287849603130243,0.0287849603130242,0.5185078496327237,-0.9775010936699916,-0.0391000437467996,-0.0402226571990076,0.5962457282251606,1.311,-0.074,1.237,0.268,-0.015,0.253,0.066,2024-25
Alexandra Labelle,39,MTL,C,23,364.15,2.9160000000000004,35.7472591831424,0.4804613483454621,5.889978171051885,0.2201847661991006,0.2201847661991006,2.3067417273101745,0.1204126868656001,0.004816507474624,-0.0037706984071409,0.4766906499383213,1.116,0.104,1.22,0.228,0.021,0.249,0.041,2024-25
Emmy Fecteau,204,NY,LW,30,226.16666666666669,2.275,22.95763705988463,0.6035372144436256,6.090456404980446,0.0451547164623821,0.0451547164623821,1.3264554163596167,-0.1274738712800335,-0.0050989548512013,-0.0068599887932342,0.5966772256503914,1.157,0.053,1.21,0.237,0.011,0.248,0.066,2024-25
Theresa Schafzahl,17,BOS,RW,30,385.4333333333334,2.993000000000001,38.48882570639381,0.4659171495286691,5.991514855271889,-0.0074513987537455,-0.0074513987537455,1.4010204964109656,-0.0949884468917496,-0.0037995378756699,-0.0035089333242739,0.4624082162043952,1.088,0.112,1.2,0.222,0.023,0.245,0.038,2024-25
Izzy Daniel,209,TOR,RW,34,441.7,3.146,40.98712483572698,0.4273488793298619,5.567642042435179,0.1516889989020681,0.1516889989020681,1.9017432646592711,0.1352665985130444,0.0054106639405217,-0.0005052070166588,0.4268436723132029,0.963,0.151,1.114,0.197,0.031,0.228,0.031,2024-25
Hannah Brandt,1,BOS,C,30,467.58333333333326,3.147,46.73957102519121,0.4038210657636786,5.997592432389535,-0.0032925532468602,-0.0032925532468602,1.7964712172518271,0.3004622739491119,0.0120184909579644,0.012146900534592,0.4159679662982706,0.836,0.258,1.094,0.171,0.053,0.224,0.029,2024-25
Katy Knoll,191,MIN,C,29,250.06666666666663,2.097,21.782874054663868,0.5031458277792589,5.22649604084177,0.2158090218225835,0.2158090218225835,2.159424153559051,1.045718760697671,0.0418287504279068,0.033412198576826,0.536558026356085,0.861,0.227,1.088,0.176,0.046,0.222,0.053,2024-25
Natalie Snodgrass,142,OTT,LW,21,188.83333333333337,1.969,19.968798693321915,0.6256310679611649,6.344896319149063,0.596630504770955,0.596630504770955,1.5887025595763455,0.3989117884867065,0.0159564715394682,-0.0073121181465989,0.6183189498145659,1.036,0.043,1.079,0.212,0.009,0.221,0.07,2024-25
Hayley Scamurra,61,OTT,RW,6,102.05,1.1760000000000002,11.933494648181586,0.6914257716805488,7.016263389425724,1.2700305917886512,1.2700305917886512,6.467417932386084,5.2776271612964445,0.2111050864518577,0.1615738933721003,0.8529996650526491,0.672,0.311,0.983,0.137,0.064,0.201,0.118,2024-25
Taylor Girard,9,NY,RW,17,157.45,1.534,15.721137768084596,0.5845665290568435,5.990906739187525,-0.0549811320899403,-0.0549811320899403,2.667513496348047,1.2135842087083968,0.0485433683483358,0.0506876324998435,0.635254161556687,0.756,0.188,0.944,0.155,0.038,0.193,0.074,2024-25
Sophie Shirley,18,BOS,RW,28,286.4,2.3530000000000006,28.41306776743729,0.4929469273743019,5.952458331167032,-0.0456727189932436,-0.0456727189932436,0.8379888268156425,-0.6580201164870727,-0.0263208046594829,-0.0245395686187464,0.4684073587555555,0.937,-0.017,0.92,0.192,-0.003,0.189,0.04,2024-25
Ella Shelton,44,NY,LD,24,588.7833333333334,3.320000000000001,58.62211952869307,0.3383247940668611,5.973890517261444,-0.0796060754065964,-0.0796060754065964,3.5666770458855828,0.5827008245097719,0.0233080329803908,0.0264126699212481,0.3647374639881092,0.41,0.465,0.875,0.084,0.095,0.179,0.018,2024-25
Micah Zandee-Hart,47,NY,LD,30,705.3166666666664,3.934,70.46369089433558,0.3346581913561285,5.9942174252607145,-0.0593924632240446,-0.0593924632240446,3.232590562158842,0.2486143407830313,0.0099445736313212,0.0122608796970589,0.3469190710531875,0.448,0.391,0.839,0.092,0.08,0.172,0.015,2024-25
Klára Hymlárová,190,MIN,RW,37,432.95,2.762,36.19272085543576,0.3827693729068022,5.0157368086988,0.0013302296824143,0.0013302296824143,1.108673056934981,-0.0050323359263987,-0.0002012934370559,-0.0002531723946701,0.3825162005121321,0.622,0.15,0.772,0.127,0.031,0.158,0.022,2024-25
Jill Saulnier,149,BOS,LW,19,258.1333333333334,1.586,26.34101924141735,0.3686466942148759,6.122654265825313,0.120682413280616,0.120682413280616,3.719008264462809,2.222999321160094,0.0889199728464037,0.0842133587284597,0.4528600529433356,0.31,0.453,0.763,0.063,0.093,0.156,0.036,2024-25
Victoria Bach,125,TOR,C,6,60.08333333333333,0.8439999999999999,6.476513251468974,0.8428294036061026,6.467530570121584,1.0644156246978622,1.0644156246978622,6.990291262135923,5.223814595989696,0.2089525838395878,0.1674403744763712,1.010269778082474,0.547,0.189,0.736,0.112,0.039,0.151,0.151,2024-25
Allyson Simpson,230,NY,RD,30,611.2333333333333,3.169,61.374911584050686,0.3110759666248568,6.024695470976235,-0.0296430940578396,-0.0296430940578396,3.8283252440421007,0.8443490226662899,0.0337739609066515,0.0349300415749073,0.3460060081997641,0.148,0.57,0.718,0.03,0.117,0.147,0.014,2024-25
Savannah Harmon,56,OTT,RD,6,131.28333333333333,0.8180000000000001,15.304892050121031,0.3738479116414879,6.994745636719019,1.2386998743668034,1.2386998743668034,9.140535736955696,6.420698032129894,0.2568279212851957,0.2085186261848904,0.5823665378263783,0.169,0.502,0.671,0.035,0.103,0.138,0.063,2024-25
Megan Keller,12,BOS,LD,30,713.1166666666668,3.5510000000000006,71.53739466124209,0.2987729917965737,6.018992235503108,0.0148613276128563,0.0148613276128563,3.617921331245471,0.5918654542065951,0.0236746181682638,0.0230950263913624,0.3218680181879361,0.026,0.524,0.55,0.005,0.107,0.112,0.009,2024-25
Kelly Babstock,175,BOS,RW,9,71.46666666666667,0.8190000000000001,6.590174502420883,0.6875932835820896,5.532795757629472,-0.4593208372877229,-0.4593208372877229,1.6791044776119404,0.1830955343092251,0.007323821372369,0.0252373340265902,0.7128306176086798,0.466,0.055,0.521,0.095,0.011,0.106,0.089,2024-25
Jocelyne Larocque,71,TOR,LD,6,134.7,0.588,15.065006764128928,0.2619153674832962,6.710470718988387,1.289405879518831,1.289405879518831,10.24498886414254,6.948465264260152,0.2779386105704061,0.2276517812691716,0.4895671487524679,-0.078,0.558,0.48,-0.016,0.114,0.098,0.044,2024-25
Kali Flanagan,68,TOR,RD,34,756.15,4.728,68.33756891398657,0.3751636580043642,5.422540679546644,0.0049751440864941,0.0049751440864941,1.666336044435628,-1.6301875554467593,-0.0652075022178703,-0.0654015328372436,0.3097621251671206,0.991,-0.56,0.431,0.203,-0.114,0.089,0.007,2024-25
Clair DeGeorge,116,MTL,C,27,223.03333333333327,1.382,21.26701051762864,0.3717829920789121,5.721210421720454,0.0480589210759413,0.0480589210759413,2.1521446719473927,-0.0341843684971816,-0.0013673747398872,-0.0032416726618489,0.3685413194170631,0.28,0.066,0.346,0.057,0.013,0.07,0.019,2024-25
Laura Kluge,212,TOR,C,16,60.5,0.563,5.287812321166309,0.5583471074380165,5.244111392892207,-0.1677938842443002,-0.1677938842443002,1.9834710743801651,0.2169944082339387,0.0086797763293575,0.0152237378148852,0.5735708452529018,0.264,0.037,0.301,0.054,0.008,0.062,0.061,2024-25
Maggie Flaherty,79,MIN,RD,28,408.48333333333335,2.0420000000000003,34.47583152789981,0.2999387979925741,5.063976233238374,0.0470102393154571,0.0470102393154571,2.937696356440491,0.2939440298429508,0.011757761193718,0.0099243618604152,0.3098631598529894,0.023,0.21,0.233,0.005,0.043,0.048,0.007,2024-25
Jaime Bourbonnais,87,NY,RD,30,673.2833333333333,3.729999999999999,67.56029782454348,0.3324009208604598,6.020671638199781,-0.0330079985845717,-0.0330079985845717,2.049657152758868,-0.9343190686169428,-0.0373727627446777,-0.0360854507998794,0.2963154700605804,0.402,-0.169,0.233,0.082,-0.035,0.047,0.004,2024-25
Brooke Bryant,91,MIN,RW,22,166.45,1.023,14.306828717829,0.3687593872033644,5.157162649863263,0.1423231707216908,0.1423231707216908,0.7209372183838991,-0.3927681744774806,-0.0157107269790992,-0.0212613306372451,0.3474980565661192,0.2,-0.001,0.199,0.041,-0.0,0.041,0.015,2024-25
Noemi Neubauerová,214,TOR,RW,20,89.7833333333333,0.486,8.402568858222404,0.3247818823092631,5.61523072017833,0.1961084181755715,0.1961084181755715,4.0096528680155945,2.2431762018693675,0.0897270480747747,0.0820788197659274,0.4068607020751905,0.042,0.154,0.196,0.009,0.031,0.04,0.027,2024-25
Claire Thompson,169,MIN,LD,38,895.8333333333335,4.777,75.04684036540259,0.3199479069767441,5.0263930291246375,0.0100453046252223,0.0100453046252223,1.808372093023256,-0.8353802335742847,-0.0334152093429713,-0.033806976223355,0.2861409307533891,0.349,-0.191,0.158,0.071,-0.039,0.032,0.002,2024-25
Claire Butorac,102,MIN,RW,31,326.0166666666667,1.638,27.03054319613024,0.3014569807269566,4.974692270644081,-0.0422268123461856,-0.0422268123461856,1.104238024640867,-0.0094673682205127,-0.0003786947288205,0.0012681509526807,0.3027251316796374,0.027,0.121,0.148,0.006,0.025,0.031,0.006,2024-25
Jillian Dempsey,27,BOS,C,9,67.15,0.358,6.931143225766995,0.3198808637379002,6.193128719970509,0.1896500326177547,0.1896500326177547,3.574087862993298,2.078078919690583,0.0831231567876233,0.0757268055155308,0.395607669253431,0.026,0.108,0.134,0.005,0.022,0.027,0.024,2024-25
Kaitlin Willoughby,128,MTL,RW,11,158.16666666666666,0.868,14.390066312785914,0.32927291886196,5.45882389104629,-0.2156411452724823,-0.2156411452724823,1.5173867228661748,-0.6689423175783995,-0.0267576927031359,-0.0183476880375091,0.3109252308244508,0.086,0.007,0.093,0.018,0.001,0.019,0.007,2024-25
Taylor House,217,OTT,LW,16,144.18333333333334,0.742,13.43633277203697,0.3087735521904982,5.59135336716369,-0.1667031537252646,-0.1667031537252646,0.8322737255808577,-0.3575170455087814,-0.0143006818203512,-0.0077992588250659,0.3009742933654323,0.029,0.032,0.061,0.006,0.007,0.013,0.005,2024-25
Jessica DiGirolamo,5,BOS,RD,30,520.8666666666667,2.325,52.33230872231467,0.2678228593370024,6.028296153856804,0.0232089055034065,0.0232089055034065,3.340586202483041,0.3145303254441652,0.0125812130177666,0.0116760657031337,0.2794989250401362,-0.249,0.284,0.035,-0.051,0.058,0.007,0.001,2024-25
Kaitlin Willoughby,128,TOR,RW,20,76.71666666666668,0.307,7.55283137921167,0.2401042798175102,5.907059084328048,0.4853202953783965,0.4853202953783965,3.12839452530958,1.3619178591633534,0.0544767143665341,0.0355492228467766,0.2756535026642869,-0.072,0.072,0.0,-0.015,0.015,0.0,0.0,2024-25
Dara Greig,199,MTL,LW,33,258.5833333333333,1.3300000000000003,24.852606421326293,0.3086045762165647,5.766637648519153,0.0915339728535616,0.0915339728535616,1.3922010957138256,-0.7941279447307488,-0.0317651177892299,-0.0353349427305188,0.2732696334860458,0.052,-0.062,-0.01,0.011,-0.013,-0.002,-0.0,2024-25
Anna Wilgren,203,MTL,LD,34,611.7500000000002,1.9920000000000004,57.56752645675631,0.1953739272578667,5.646181589547,-0.03242084501434,-0.0324208450143401,5.590519002860644,1.8741430286799088,0.0749657211471963,0.0762301341027556,0.2716040613606224,-1.032,0.991,-0.041,-0.211,0.203,-0.008,-0.001,2024-25
Anna Kjellbin,200,TOR,RD,11,104.93333333333334,0.281,9.24318195722214,0.1606734434561626,5.285173927255354,-0.1390192267259543,-0.1390192267259543,4.5743329097839895,1.2778093099016024,0.051112372396064,0.0565341222383763,0.2172075656945389,-0.238,0.136,-0.102,-0.049,0.028,-0.021,-0.012,2024-25
Lauren Bernard,207,TOR,LD,12,111.25,0.2809999999999999,11.012161420620998,0.1515505617977528,5.93914323808773,0.514668192554525,0.514668192554525,5.393258426966292,2.096734827083905,0.0838693930833561,0.0637973335737297,0.2153478953714825,-0.269,0.157,-0.112,-0.055,0.032,-0.023,-0.012,2024-25
Dominika Lásková,82,MTL,RD,5,50.75,0.051,4.937968818757065,0.060295566502463,5.83799269212658,0.1552164175257958,0.1552164175257958,4.729064039408867,1.0126880652281325,0.0405075226091253,0.0344540823256192,0.0947496488280823,-0.2,0.047,-0.153,-0.041,0.01,-0.031,-0.037,2024-25
Kati Tabin,84,MTL,LD,32,634.3999999999999,3.065,59.52179590042357,0.2898802017654477,5.6294258417802885,-0.0462564057850546,-0.0462564057850546,2.931904161412359,-0.7844718127683761,-0.031378872510735,-0.0295748726851179,0.2603053290803298,-0.071,-0.091,-0.162,-0.015,-0.019,-0.034,-0.003,2024-25
Emma Greco,118,BOS,LD,28,313.6,1.174,31.332200931339298,0.2246173469387755,5.994681300638897,-0.0117409720408539,-0.0117409720408539,3.4438775510204085,0.4178216739815326,0.0167128669592613,0.0171707648688546,0.2417881118076301,-0.376,0.199,-0.177,-0.077,0.041,-0.036,-0.007,2024-25
Rylind MacKinnon,232,TOR,LD,23,247.6833333333334,0.9190000000000002,22.44468605175345,0.2226229728820402,5.43710852475018,0.0148295739387686,0.0148295739387685,3.391427225624116,0.0949036257417287,0.0037961450296691,0.0032177916460571,0.2258407645280974,-0.305,0.1,-0.205,-0.062,0.02,-0.042,-0.01,2024-25
Mariah Keopple,99,MTL,LD,33,572.0833333333333,1.4039999999999997,53.93703929875,0.147251274581209,5.656907253474144,-0.0231821420883721,-0.0231821420883721,6.292789512017481,2.576413537836746,0.1030565415134698,0.1039606450549163,0.2512119196361254,-1.424,1.191,-0.233,-0.291,0.243,-0.048,-0.005,2024-25
Brooke Hobson,38,NY,LD,29,311.01666666666665,1.0730000000000002,32.024966480089006,0.2069985531322009,6.17811903586734,0.1205645414037983,0.1205645414037982,3.66539842452173,0.6814222031459191,0.0272568881258367,0.0225548710110886,0.2295534241432895,-0.464,0.226,-0.238,-0.095,0.046,-0.049,-0.009,2024-25
Anna Kjellbin,200,MTL,LD,18,197.01666666666668,0.766,18.855851646288865,0.2332797563657896,5.742413156809061,0.0649819895504494,0.0649819895504493,2.436342103036968,-1.280033871143767,-0.0512013548457506,-0.0537356524382182,0.1795441039275714,-0.208,-0.108,-0.316,-0.043,-0.022,-0.065,-0.02,2024-25
Sidney Morin,167,BOS,RD,30,583.0666666666666,3.089,58.07645562478292,0.3178710267550881,5.97631032040986,-0.0272304696958783,-0.0272304696958783,1.0290418477018066,-1.9970140293370693,-0.0798805611734827,-0.0788185728553435,0.2390524538997445,0.207,-0.562,-0.355,0.042,-0.115,-0.073,-0.008,2024-25
Erin Ambrose,83,MTL,RD,32,732.5666666666666,2.757,69.13449174949338,0.2258088001092051,5.66237817486864,-0.0152838404412968,-0.0152838404412968,4.013286617827729,0.2969106436469944,0.0118764257458797,0.0124724955230903,0.2382812956322954,-0.864,0.409,-0.455,-0.177,0.084,-0.093,-0.008,2024-25
Cayla Barnes,196,MTL,RD,34,778.2666666666667,3.5509999999999997,73.39652379162268,0.273762206612986,5.658460802849102,-0.0177194810645261,-0.0177194810645261,2.8524927188624294,-0.8638832553183056,-0.0345553302127322,-0.0338642704512157,0.2398979361617703,-0.296,-0.167,-0.463,-0.061,-0.034,-0.095,-0.007,2024-25
Maja Nylen Persson,229,NY,RD,23,428.25000000000006,1.942,44.04752902075786,0.2720840630472854,6.1712825247997,0.1157391334155263,0.1157391334155263,1.541155866900175,-1.4428203544756355,-0.0577128141790254,-0.0622266403822309,0.2098574226650544,-0.175,-0.294,-0.469,-0.036,-0.06,-0.096,-0.013,2024-25
Megan Carter,208,TOR,LD,23,376.3666666666667,1.1740000000000002,33.439942425060174,0.1871579133823399,5.3309623917375175,-0.0924124080649037,-0.0924124080649037,3.347799132052077,0.0512755321696897,0.0020510212867875,0.0056551052013188,0.1928130185836588,-0.686,0.167,-0.519,-0.14,0.034,-0.106,-0.017,2024-25
Emily Brown,2,BOS,LD,29,520.7666666666667,1.378,52.68176087515489,0.1587659220380208,6.069715776437228,0.0612587343660792,0.0612587343660792,4.493375152019459,1.4673192749805828,0.0586927709992233,0.0563036803589462,0.215069602396967,-1.196,0.671,-0.525,-0.244,0.137,-0.107,-0.012,2024-25
Natalie Buchbinder,90,MIN,RD,27,455.3833333333333,1.481,37.08968183350111,0.1951323061157266,4.886829945489295,-0.1333745059463055,-0.1333745059463055,2.7668996815869416,0.1231473549894012,0.004925894199576,0.0101274999314819,0.2052598060472086,-0.77,0.236,-0.534,-0.157,0.048,-0.109,-0.014,2024-25
Ashton Bell,50,OTT,RD,35,735.5166666666667,2.8620000000000005,70.17922345253825,0.2334685368561782,5.724891899778789,-0.0354915007555485,-0.0354915007555485,2.6104099159321112,-0.1094277888936884,-0.0043771115557475,-0.0029929430262811,0.2304755938298971,-0.773,0.221,-0.552,-0.158,0.045,-0.113,-0.009,2024-25
Daniela Pejšová,185,BOS,LD,28,345.0333333333333,1.38,32.95557958729776,0.2399768138344122,5.730851440163847,-0.2750962342341732,-0.2750962342341732,1.0433774514539658,-1.98267842558491,-0.0793071370233964,-0.0685783838882636,0.1713984299461485,-0.325,-0.274,-0.599,-0.066,-0.056,-0.122,-0.021,2024-25
Jincy Roese,60,OTT,LD,28,592.4166666666667,2.5540000000000003,58.76703824402081,0.2586692924461949,5.951929601307494,0.1923248889517639,0.1923248889517639,1.721761147840765,-0.9980765569850346,-0.0399230622794013,-0.0474237329485201,0.2112455594976748,-0.374,-0.261,-0.635,-0.076,-0.053,-0.129,-0.013,2024-25
Stephanie Markowski,219,OTT,LD,35,481.35,1.6609999999999998,48.54093495382348,0.2070426924275475,6.050599557971141,0.2893996147505033,0.2893996147505033,2.4929884699283265,-0.2268492348974732,-0.0090739693958989,-0.0203605543711685,0.1866821380563789,-0.718,0.005,-0.713,-0.147,0.001,-0.146,-0.018,2024-25
Zoe Boyd,52,OTT,LD,31,464.6166666666666,1.66,41.752126401490095,0.2143702693977114,5.391816014828151,-0.3691575106748077,-0.3691575106748077,1.2913871650464543,-1.428450539779345,-0.0571380215911738,-0.0427408786748563,0.1716293907228551,-0.636,-0.168,-0.804,-0.13,-0.034,-0.164,-0.021,2024-25
Amanda Boulier,51,MTL,RD,29,485.05,1.38,45.8855186592664,0.1707040511287496,5.675973857449715,-0.003390861434443,-0.003390861434443,3.834656221008144,0.1182802468274086,0.0047312098730963,0.0048634534690396,0.1755675045977892,-1.017,0.209,-0.808,-0.208,0.043,-0.165,-0.02,2024-25
Allie Munroe,74,TOR,RD,34,653.4333333333334,2.07,59.76181901753023,0.1900729480181604,5.487490395937071,0.064205668950246,0.064205668950246,3.5810845278783856,0.2845609279959983,0.0113824371198399,0.0088784160307803,0.1989513640489407,-1.16,0.325,-0.835,-0.237,0.066,-0.171,-0.016,2024-25
Sydney Bard,180,BOS,RD,27,465.75000000000006,1.123,47.251858169872825,0.1446698872785829,6.087195899500524,0.0783032984401541,0.078303298440154,3.349436392914653,0.3233805158757772,0.012935220635031,0.009881391995865,0.154551279274448,-1.179,0.24,-0.939,-0.241,0.049,-0.192,-0.025,2024-25
Mellissa Channell-Watkins,129,MIN,LD,37,711.2333333333332,2.579,59.72999632483003,0.2175657308900033,5.038852387153493,0.0193411150400365,0.0193411150400365,2.109012513474247,-0.5347398131232933,-0.0213895925249317,-0.0221438960114931,0.1954218348785101,-0.936,-0.014,-0.95,-0.191,-0.003,-0.194,-0.016,2024-25
Mae Batherson,188,MIN,RD,27,414.65,1.456,35.98322953304504,0.2106837091522971,5.206785896497534,0.1870619740548879,0.1870619740548879,1.012902447847582,-1.630849878749958,-0.0652339951499983,-0.0725294121381389,0.1381542970141581,-0.593,-0.356,-0.949,-0.121,-0.073,-0.194,-0.028,2024-25
Savannah Harmon,56,TOR,LD,28,649.2166666666667,2.2989999999999995,55.03129257761636,0.212471439940441,5.0859408332970215,-0.3366517937717589,-0.3366517937717589,1.848381382691962,-1.4481422171904252,-0.057925688687617,-0.0447962687305184,0.1676751712099226,-0.91,-0.258,-1.168,-0.186,-0.053,-0.239,-0.022,2024-25
Lee Stecklein,24,MIN,LD,38,923.3,2.988,77.34739445781786,0.1941730748402469,5.026365934657284,0.0061318435526637,0.0061318435526637,2.664356113939131,0.0206037873415908,0.0008241514936636,0.0005850095951097,0.1947580844353566,-1.575,0.332,-1.243,-0.322,0.068,-0.254,-0.017,2024-25
Aneta Tejralová,62,OTT,LD,38,791.1999999999999,2.324,75.76965277441802,0.1762386248736097,5.745929179050912,-0.0162225913152092,-0.0162225913152092,2.8058645096056627,0.086026804779863,0.0034410721911945,0.0040737532524876,0.1803123781260973,-1.587,0.33,-1.257,-0.324,0.067,-0.257,-0.019,2024-25
Jocelyne Larocque,71,OTT,RD,32,768.1666666666666,2.555,70.05555179218672,0.199566066391842,5.471902504922374,-0.2895284615423517,-0.2895284615423517,1.7964851377739206,-0.9233525670518792,-0.0369341026820751,-0.0256424926819234,0.1739235737099186,-1.242,-0.06,-1.302,-0.254,-0.012,-0.266,-0.021,2024-25
Kristýna Kaltounková,245,NY,LW,16,318.45000000000005,6.626000000000001,31.83797196634762,1.248422044276967,5.998675829740484,0.1987850902826958,0.1987850902826958,0.0,0.0860319987015541,0.0034412799480621,-0.0043113385729629,1.2441107057040035,5.045,0.09,5.135,1.119,0.02,1.139,0.215,2025-26
Laura Stacey,32,MTL,RW,15,297.6833333333334,6.085999999999999,25.985912858214,1.2266726387100382,5.237628704415787,0.1472516894999506,0.1472516894999506,0.604669391411455,0.0089392358279389,0.0003575694331175,-0.0053852464573805,1.2212873922526577,4.608,0.079,4.687,1.022,0.018,1.04,0.21,2025-26
Natalie Spooner,100,TOR,RW,16,277.53333333333336,5.321999999999999,26.678596787487106,1.150564496757146,5.767652440244629,0.0399219231992644,0.0399219231992644,0.8647609896709104,0.642147636557724,0.0256859054623089,0.0241289504575376,1.1746934472146835,3.944,0.21,4.154,0.875,0.047,0.922,0.199,2025-26
Sarah Fillier,205,NY,LW,15,301.21666666666664,5.474,29.83579444271348,1.090377911802136,5.943056492766477,0.108793870030288,0.108793870030288,0.0,0.0860319987015541,0.0034412799480621,-0.000801680983119,1.0895762308190169,3.978,0.103,4.081,0.882,0.023,0.905,0.18,2025-26
Kendall Coyne Schofield,20,MIN,LW,15,250.66666666666677,4.989000000000001,24.85724295581291,1.1941755319148937,5.949871984104153,0.1367243157197591,0.1367243157197591,0.2393617021276595,-0.3423298291601303,-0.0136931931664052,-0.0190254414794758,1.1751500904354175,3.744,0.01,3.754,0.83,0.002,0.832,0.199,2025-26
Daryl Watts,63,TOR,LW,15,268.46666666666664,4.704,27.166047204963437,1.0513037000248324,6.071378814121454,0.3220607792987533,0.3220607792987533,0.0,-0.2226133531131865,-0.0089045341245274,-0.0214649045171788,1.0298387955076536,3.371,-0.0,3.371,0.748,-0.0,0.748,0.167,2025-26
Hilary Knight,13,SEA,RW,14,285.1,4.118,30.17059699271971,0.866643283058576,6.349476743469598,0.0402629679059727,0.0402629679059727,2.946334619431778,2.5824984865028533,0.1032999394601141,0.1017296837117811,0.9683729667703572,2.702,0.585,3.287,0.599,0.13,0.729,0.153,2025-26
Emily Clark,53,OTT,LW,16,275.8333333333333,4.450000000000001,30.19345620892901,0.9679758308157104,6.567760867199061,0.1355301794949474,0.1355301794949474,0.0,0.0406637043889083,0.0016265481755563,-0.0036591288247466,0.9643167019909636,3.08,0.081,3.161,0.683,0.018,0.701,0.152,2025-26
Brianne Jenner,58,OTT,RW,16,305.4833333333333,4.476,33.14792547493474,0.8791314310655247,6.510586049962631,0.0590332318489043,0.0590332318489042,0.0,0.0406637043889083,0.0016265481755563,-0.0006757478665509,0.8784556831989738,2.959,0.105,3.064,0.656,0.023,0.679,0.133,2025-26
Julia Gosling,210,SEA,LW,14,254.2166666666667,4.218,26.994828641226373,0.9955287484429292,6.371296342254962,0.0901129408855754,0.0901129408855754,0.0,-0.3638361329289248,-0.0145534453171569,-0.0180678500116944,0.9774608984312348,2.956,0.014,2.97,0.656,0.003,0.659,0.156,2025-26
Rebecca Leslie,72,OTT,RW,16,294.6,4.272,32.03472211691776,0.8700610997963342,6.524383323201174,0.070857863884011,0.070857863884011,0.0,0.0406637043889083,0.0016265481755563,-0.00113690851592,0.8689241912804141,2.809,0.099,2.908,0.623,0.022,0.645,0.131,2025-26
Marie-Philip Poulin,31,MTL,C,15,300.95,4.168,26.36979332151009,0.8309685994351222,5.257310514339943,0.08087466992017,0.08087466992017,0.9968433294567204,0.4011131738732044,0.0160445269549281,0.0128904148280415,0.8438590142631638,2.674,0.172,2.846,0.593,0.038,0.631,0.126,2025-26
Jesse Compher,65,TOR,RW,16,267.3166666666667,3.965,26.30785610099612,0.8899557329010536,5.904874491151943,0.1204660457816129,0.1204660457816129,0.8978115842633578,0.6751982311501713,0.0270079292460068,0.0223097534605239,0.9122654863615776,2.638,0.195,2.833,0.585,0.043,0.628,0.141,2025-26
Alex Carpenter,34,SEA,C,14,284.9333333333333,4.17,30.233414823617125,0.8781001403837156,6.366418657289522,0.0596965513408991,0.0596965513408991,0.0,-0.3638361329289248,-0.0145534453171569,-0.016881610819452,0.8612185295642636,2.755,0.021,2.776,0.611,0.005,0.616,0.13,2025-26
Abby Boreen,114,VAN,RW,16,277.21666666666664,4.042,28.971956792586667,0.8748391751337702,6.270609297980641,0.0924748458863353,0.0924748458863353,0.6493116094510913,0.1699761146360136,0.0067990445854405,0.0031925255958734,0.8780317007296436,2.666,0.113,2.779,0.591,0.025,0.616,0.133,2025-26
Grace Zumwinkle,25,MIN,RW,15,248.18333333333337,3.913,24.5103297646854,0.9459942246994828,5.92553805337905,0.05841521495886,0.05841521495886,0.4835135316634207,-0.098177999624369,-0.0039271199849747,-0.0062053133683703,0.9397889113311126,2.681,0.063,2.744,0.595,0.014,0.609,0.147,2025-26
Maureen Murphy,98,MTL,RW,15,238.48333333333335,3.836,20.93210367371485,0.9650988888112376,5.266306046919663,0.1190412357950879,0.1190412357950879,0.754769725347683,0.159039569764167,0.0063615827905666,0.0017189745945582,0.9668178634057958,2.652,0.092,2.744,0.588,0.02,0.608,0.153,2025-26
Hannah Bilka,181,SEA,LW,14,251.2,3.863,26.261359331918893,0.9226910828025476,6.272617674821392,-0.0244066673185165,-0.0244066673185165,0.0,-0.3638361329289248,-0.0145534453171569,-0.0136015852917348,0.9090894975108128,2.616,0.032,2.648,0.58,0.007,0.587,0.14,2025-26
Kristin O'Neill,30,NY,C,16,282.00000000000006,3.709000000000001,27.72688439980229,0.7891489361702126,5.899337106340912,-0.0004376428397146,-0.0004376428397146,0.8510638297872339,0.937095828488788,0.0374838331395515,0.0375009012103004,0.826649837380513,2.309,0.277,2.586,0.512,0.061,0.573,0.122,2025-26
Shiann Darkangelo,4,MTL,C,15,224.63333333333333,3.709,19.59677127196421,0.9906811099569668,5.234335701073689,0.0926345834912524,0.0926345834912524,0.0,-0.595730155583516,-0.0238292062233406,-0.0274419549794994,0.9632391549774671,2.594,-0.023,2.571,0.575,-0.005,0.57,0.152,2025-26
Kelly Pannek,23,MIN,C,15,256.8666666666667,3.326,25.448332200542836,0.7769011160134959,5.944328829610317,0.0404311454307485,0.0404311454307485,3.036594861147158,2.454903329859368,0.0981961331943747,0.0966193185225755,0.8735204345360714,2.051,0.505,2.556,0.455,0.112,0.567,0.132,2025-26
Taylor Heise,21,MIN,C,15,255.85,3.632000000000001,25.34502736335194,0.851749071721712,5.943723438737996,0.0561038988776377,0.0561038988776377,1.1725620480750438,0.590870516787254,0.0236348206714901,0.0214467686152622,0.8731958403369743,2.362,0.183,2.545,0.524,0.041,0.565,0.132,2025-26
Dominique Petrie,195,MIN,C,10,145.95000000000002,3.302,14.72527153872132,1.3574511819116133,6.053554589402392,0.2759165694687947,0.2759165694687947,0.0,-0.5816915312877897,-0.0232676612515115,-0.0340284074607945,1.323422774450819,2.577,-0.031,2.546,0.572,-0.007,0.565,0.232,2025-26
Sophie Jaques,11,VAN,RD,16,365.2833333333333,3.934,38.02997188157249,0.6461833280102204,6.246653226886024,0.0187900568369023,0.0187900568369023,1.8068166263630971,0.96109613587269,0.0384438454349076,0.0377110332182684,0.6838943612284888,2.12,0.36,2.48,0.47,0.08,0.55,0.09,2025-26
Taylor Girard,9,NY,LW,13,179.45,3.096,18.41143861288301,1.035162998049596,6.155956070063978,0.3096851522964544,0.3096851522964544,0.0,0.0860319987015541,0.0034412799480621,-0.0086364409914995,1.0265265570580964,2.205,0.038,2.243,0.489,0.008,0.497,0.166,2025-26
Ella Huber,243,BOS,LW,14,199.65,3.196,17.986603667450563,0.9604808414725772,5.405440621322484,0.146768616137913,0.146768616137913,0.0,-0.3999735854087965,-0.0159989434163518,-0.0217229194457304,0.9387579220268468,2.205,-0.001,2.204,0.489,-0.0,0.489,0.147,2025-26
Sarah Wozniewicz,241,OTT,LW,16,255.53333333333336,3.3249999999999997,27.735965351214663,0.7807200626141401,6.512488603207199,0.0395330033722508,0.0395330033722508,0.0,0.0406637043889083,0.0016265481755563,8.476104403854975e-05,0.7808048236581786,2.056,0.091,2.147,0.456,0.02,0.476,0.112,2025-26
Alina Müller,15,BOS,C,14,286.19999999999993,3.4030000000000005,25.80606774777513,0.7134171907756816,5.410077095969631,0.0976729918383202,0.0976729918383202,0.628930817610063,0.2289572322012664,0.0091582892880506,0.0053490426063561,0.7187662333820377,1.982,0.127,2.109,0.44,0.028,0.468,0.098,2025-26
Anne Cherkowski,249,NY,RW,14,258.9333333333334,3.2220000000000004,25.019238805266863,0.7466014418125643,5.797454923980477,-0.1115731741663462,-0.1115731741663462,0.0,0.0860319987015541,0.0034412799480621,0.0077926337405496,0.754394075553114,1.936,0.126,2.062,0.429,0.028,0.457,0.106,2025-26
Casey O'Brien,280,NY,C,16,317.78333333333336,3.3260000000000005,31.60905777580288,0.627975035401479,5.968039439497056,0.0332121362101912,0.0332121362101912,0.0,0.0860319987015541,0.0034412799480621,0.0021460066358647,0.6301210420373438,1.748,0.125,1.873,0.388,0.028,0.416,0.079,2025-26
Jessie Eldridge,36,SEA,RW,14,234.6833333333333,2.942,24.58482013111357,0.7521624884596265,6.285445101342863,-0.0486662800221055,-0.0486662800221055,0.0,-0.3638361329289248,-0.0145534453171569,-0.0126554603962948,0.7395070280633317,1.777,0.034,1.811,0.394,0.008,0.402,0.103,2025-26
Jenn Gardiner,198,VAN,LW,16,284.3666666666668,3.196999999999999,29.69994295065229,0.6745516352127532,6.266545224613071,0.0448516739525501,0.0448516739525501,0.0,-0.4793354948150776,-0.0191734197926031,-0.0209226350767525,0.6536290001360007,1.785,0.002,1.787,0.396,0.0,0.396,0.084,2025-26
Hayley Scamurra,61,MTL,C,15,217.68333333333328,2.839,18.64551240322317,0.7825128244391701,5.139257687129884,-0.0477164557780694,-0.0477164557780694,0.0,-0.595730155583516,-0.0238292062233406,-0.0219682644479959,0.7605445599911742,1.758,-0.002,1.756,0.39,-0.0,0.39,0.107,2025-26
Maggie Connors,66,TOR,LW,16,210.58333333333331,2.685,20.342708891339612,0.7650178076770874,5.796102256337365,-0.0154780410694683,-0.0154780410694683,0.2849228333992877,0.0623094802861012,0.002492379211444,0.0030960228131533,0.7681138304902407,1.639,0.086,1.725,0.364,0.019,0.383,0.109,2025-26
Fanuza Kadirova,240,OTT,LW,14,194.36666666666665,2.559,20.664841397790333,0.789950265820614,6.379131283831693,-0.0918169054004011,-0.0918169054004011,0.0,0.0406637043889083,0.0016265481755563,0.0052074074861719,0.795157673306786,1.594,0.086,1.68,0.354,0.019,0.373,0.115,2025-26
Susanna Tapani,78,BOS,C,14,271.0,2.8390000000000004,24.160334444376264,0.6285608856088563,5.34915153750028,0.0182926450072759,0.0182926450072758,0.8856088560885609,0.4856352706797643,0.0194254108271905,0.0187119976719068,0.647272883280763,1.493,0.181,1.674,0.331,0.04,0.371,0.082,2025-26
Blayre Turnbull,76,TOR,C,16,288.70000000000005,2.967,28.106115049621074,0.6166262556286802,5.841243169301227,-0.0026097409931551,-0.0026097409931551,0.0,-0.2226133531131865,-0.0089045341245274,-0.0088027542257944,0.6078235014028858,1.534,0.06,1.594,0.34,0.013,0.353,0.073,2025-26
Jill Saulnier,149,BOS,LW,14,172.03333333333336,2.43,15.195096811241642,0.8475101724472002,5.299588114751977,0.0163469301311397,0.0163469301311397,0.0,-0.3999735854087965,-0.0159989434163518,-0.0166364736914663,0.8308736987557339,1.576,0.014,1.59,0.35,0.003,0.353,0.123,2025-26
Emma Maltais,73,TOR,C,16,304.6166666666667,2.9420000000000006,29.36987304660093,0.5794824095858184,5.7849506465920735,-0.0669804120062289,-0.0669804120062289,0.3939377359522897,0.1713243828391032,0.0068529753135641,0.009465211381807,0.5889476209676254,1.43,0.157,1.587,0.317,0.035,0.352,0.069,2025-26
Olivia Mobley,256,BOS,RW,10,126.2,2.123,11.103519807217046,1.009350237717908,5.279011001846456,0.0309672506649106,0.0309672506649106,0.0,-0.3999735854087965,-0.0159989434163518,-0.0172066661922833,0.9921435715256246,1.496,0.009,1.505,0.332,0.002,0.334,0.159,2025-26
Abby Hustler,247,MIN,LW,15,246.4666666666667,2.737,24.581375345527395,0.6662969975655937,5.984105439809211,0.0561532602815976,0.0561532602815976,0.0,-0.5816915312877897,-0.0232676612515115,-0.0254576384024938,0.6408393591630998,1.513,-0.017,1.496,0.336,-0.004,0.332,0.081,2025-26
Britta Curl-Salemme,189,MIN,RW,15,266.8333333333333,2.8140000000000005,26.44438845584853,0.6327545284197378,5.946270983201419,0.011023892965657,0.011023892965657,0.0,-0.5816915312877897,-0.0232676612515115,-0.0236975930771722,0.6090569353425656,1.489,-0.01,1.479,0.33,-0.002,0.328,0.074,2025-26
Maddi Wheeler,285,NY,RW,16,234.41666666666669,2.506,23.35625857106268,0.6414219694276572,5.978139413851806,0.0462365876686624,0.0462365876686624,0.0,0.0860319987015541,0.0034412799480621,0.0016380530289843,0.6430600224566415,1.342,0.09,1.432,0.298,0.02,0.318,0.081,2025-26
Denisa Křížová,104,MIN,LW,15,204.35,2.251,20.223889073063763,0.6609248837778322,5.938014897890021,0.0088943759179279,0.0088943759179279,1.1744555908979692,0.5927640596101794,0.0237105623844071,0.0233636817236079,0.6842885655014402,1.236,0.152,1.388,0.274,0.034,0.308,0.09,2025-26
Sarah Nurse,75,VAN,C,5,104.3,1.663,10.996433434233568,0.9566634707574304,6.325848571946443,0.1655094982345754,0.1655094982345754,3.451581975071908,2.97224648025683,0.1188898592102732,0.1124349887791247,1.0690984595365554,1.145,0.233,1.378,0.254,0.052,0.306,0.176,2025-26
Michelle Karvinen,252,VAN,LW,16,265.53333333333336,2.6850000000000005,27.798471994114493,0.6067034898317851,6.281351944439629,0.0449025879344206,0.0449025879344206,0.0,-0.4793354948150776,-0.0191734197926031,-0.0209246207220455,0.5857788691097396,1.367,0.002,1.369,0.303,0.0,0.303,0.068,2025-26
Abby Roque,42,MTL,LW,14,285.0333333333333,2.761000000000001,25.47974322645665,0.5811951818500761,5.36352915537621,0.1327718842710931,0.1327718842710931,0.0,-0.595730155583516,-0.0238292062233406,-0.0290073097099132,0.5521878721401628,1.346,-0.036,1.31,0.299,-0.008,0.291,0.061,2025-26
Skylar Irving,272,MTL,RW,13,100.55,1.791,8.970245644894247,1.0687220288413726,5.352707495710142,0.2279789370758281,0.2279789370758281,0.0,-0.595730155583516,-0.0238292062233406,-0.0327203847692979,1.0360016440720747,1.292,-0.019,1.273,0.287,-0.004,0.283,0.169,2025-26
Ronja Savolainen,223,OTT,RD,16,356.05,2.9650000000000003,39.08829160713781,0.4996489257126809,6.586989176880406,0.052905434170284,0.052905434170284,0.0,-0.3257212912864213,-0.0130288516514568,-0.0150921635840979,0.4845567621285829,1.197,0.037,1.234,0.266,0.008,0.274,0.046,2025-26
Mikyla Grant-Mentis,138,SEA,C,14,206.63333333333333,2.07,22.005236788084822,0.6010646878528794,6.38964772036662,0.0226751635517799,0.0226751635517799,1.1614776576867236,0.7976415247577987,0.0319056609903119,0.0310213296117925,0.6320860174646719,1.044,0.18,1.224,0.232,0.04,0.272,0.079,2025-26
Hannah Miller,89,VAN,C,16,299.1,2.505,31.22424844412195,0.5025075225677031,6.26364061065636,0.0045304215798988,0.0045304215798988,0.8024072216649951,0.3230717268499175,0.0129228690739967,0.0127461826323806,0.5152537052000838,1.02,0.17,1.19,0.226,0.038,0.264,0.053,2025-26
Haley Winn,246,BOS,RD,14,391.8833333333334,3.1940000000000004,35.29401137944794,0.4890230936077914,5.403752858674459,0.0425468939777459,0.0425468939777459,0.0,-0.7663585810841261,-0.030654343243365,-0.0323136721084971,0.4567094214992943,1.248,-0.072,1.176,0.277,-0.016,0.261,0.04,2025-26
Shay Maloney,183,BOS,RW,14,219.51666666666668,2.2260000000000004,19.4456711340141,0.6084276061043202,5.315041840593026,-0.0201956942595832,-0.0201956942595832,0.0,-0.3999735854087965,-0.0159989434163518,-0.0152113113402281,0.5932162947640921,1.136,0.023,1.159,0.252,0.005,0.257,0.07,2025-26
Paetyn Levis,40,NY,RW,16,271.56666666666666,2.3020000000000005,26.971761078647496,0.5086043942555544,5.95914691807604,-0.0016414486181545,-0.0016414486181545,0.0,0.0860319987015541,0.0034412799480621,0.0035052964441701,0.5121096906997246,0.954,0.113,1.067,0.212,0.025,0.237,0.052,2025-26
Katy Knoll,191,MIN,RW,15,207.01666666666668,2.072,20.453874763771456,0.600531358183721,5.928182042474619,-0.0140730336247673,-0.0140730336247673,0.0,-0.5816915312877897,-0.0232676612515115,-0.0227188129401456,0.5778125452435754,1.044,-0.005,1.039,0.232,-0.001,0.231,0.067,2025-26
Tereza Vanišová,161,VAN,LW,16,271.54999999999995,2.378000000000001,28.301347768189665,0.5254280979561777,6.25328987697065,-0.0008354807831301,-0.0008354807831301,0.0,-0.4793354948150776,-0.0191734197926031,-0.019140836042061,0.5062872619141167,1.03,0.01,1.04,0.228,0.002,0.23,0.051,2025-26
Abby Newhook,259,BOS,RW,13,163.83333333333334,1.765,14.176399015236257,0.6463886063072228,5.191763627146544,-0.1352180424127852,-0.1352180424127852,0.0,-0.3999735854087965,-0.0159989434163518,-0.0107254397622532,0.6356631665449696,0.952,0.029,0.981,0.211,0.006,0.217,0.079,2025-26
Peyton Hemp,286,OTT,RW,16,205.11666666666667,1.918,22.49279224480964,0.5610465588689363,6.579511829147209,0.0587810167064398,0.0587810167064398,0.0,0.0406637043889083,0.0016265481755563,-0.0006659114759948,0.5603806473929415,0.9,0.071,0.971,0.2,0.016,0.216,0.063,2025-26
Liz Schepers,97,BOS,C,13,169.4666666666667,1.6380000000000003,15.084010023889943,0.5799370574350905,5.34052282513806,-0.0009109145217872,-0.0009109145217872,1.416207710464201,1.0162341250554046,0.0406493650022161,0.0406848906685658,0.6206219481036563,0.797,0.175,0.972,0.177,0.039,0.216,0.076,2025-26
Emma Gentry,244,TOR,C,16,183.35,1.842,17.97869775470732,0.6027815653122444,5.883402592214012,0.0365386996570784,0.0365386996570784,0.0,-0.2226133531131865,-0.0089045341245274,-0.0103295434111535,0.5924520219010908,0.932,0.034,0.966,0.207,0.008,0.215,0.07,2025-26
Natálie Mlýnková,274,MTL,LW,15,208.01666666666668,2.02,18.573147146629505,0.5826456213444435,5.357209336420656,0.1267675109839231,0.1267675109839231,0.0,-0.595730155583516,-0.0238292062233406,-0.0287731391517136,0.5538724821927299,0.987,-0.026,0.961,0.219,-0.006,0.213,0.061,2025-26
Peyton Anderson,263,MIN,LW,13,111.36666666666666,1.4320000000000002,11.202789892872236,0.7715055372642923,6.035624605558223,0.130553475708241,0.130553475708241,0.0,-0.5816915312877897,-0.0232676612515115,-0.0283592468041329,0.7431462904601593,0.879,-0.013,0.866,0.195,-0.003,0.192,0.103,2025-26
Lexie Adzija,49,SEA,LW,14,205.1833333333333,1.868,22.10771290281688,0.5462431971407684,6.464768617507983,0.0858733284132545,0.0858733284132545,0.0,-0.3638361329289248,-0.0145534453171569,-0.0179025051252739,0.5283406920154945,0.849,0.012,0.861,0.188,0.003,0.191,0.056,2025-26
Izzy Daniel,209,VAN,RW,16,200.1,1.842,20.834243431282108,0.5523238380809594,6.247149454657303,-0.0011265417454487,-0.0011265417454487,0.0,-0.4793354948150776,-0.0191734197926031,-0.0191294846645306,0.5331943534164288,0.849,0.007,0.856,0.188,0.002,0.19,0.057,2025-26
Hannah Brandt,1,BOS,C,14,158.93333333333337,1.202,13.83167739221154,0.4537751677852348,5.221690290683886,-0.1471814922447806,-0.1471814922447806,3.775167785234899,3.3751941998261024,0.1350077679930441,0.1407478461905905,0.5945230139758253,0.413,0.429,0.842,0.092,0.095,0.187,0.071,2025-26
Danielle Serdachny,224,SEA,C,14,240.7333333333333,1.994,25.472471493667143,0.496981445582941,6.348719009775804,-0.0408898638609184,-0.0408898638609184,0.0,-0.3638361329289248,-0.0145534453171569,-0.0129587406265811,0.4840227049563598,0.799,0.034,0.833,0.177,0.008,0.185,0.046,2025-26
Megan Keller,12,BOS,LD,14,375.75,2.299,33.831691899888604,0.3671057884231536,5.4022661716389,0.0145452878635491,0.0145452878635491,1.7564870259481038,0.9901284448639776,0.0396051377945591,0.0390378715678806,0.4061436599910343,0.433,0.378,0.811,0.096,0.084,0.18,0.029,2025-26
Mannon McMahon,220,OTT,RW,13,179.38333333333333,1.6109999999999998,19.412636387420896,0.538846046641271,6.493123756825721,-0.0324352855724715,-0.0324352855724715,0.0,0.0406637043889083,0.0016265481755563,0.0028915243128827,0.5417375709541538,0.72,0.073,0.793,0.16,0.016,0.176,0.059,2025-26
Kiara Zanon,317,TOR,LW,16,206.46666666666664,1.791,20.693566327425355,0.5204714239586699,6.013629220110695,0.1488642860729314,0.1488642860729314,0.0,-0.2226133531131865,-0.0089045341245274,-0.0147102412813717,0.5057611826772981,0.766,0.023,0.789,0.17,0.005,0.175,0.051,2025-26
Savannah Norcross,147,NY,RW,15,58.43333333333334,1.049,5.7936430164875485,1.077124928693668,5.948977427083621,0.1118325082358228,0.1118325082358228,0.0,0.0860319987015541,0.0034412799480621,-0.0009201878731349,1.076204740820533,0.759,0.02,0.779,0.168,0.004,0.172,0.177,2025-26
Anna Bargman,277,NY,RW,15,79.18333333333334,1.1,7.641706947046202,0.8335087350031573,5.790390446088471,-0.0997368090418327,-0.0997368090418327,0.0,0.0860319987015541,0.0034412799480621,0.0073310155006936,0.8408397505038508,0.707,0.038,0.745,0.157,0.008,0.165,0.125,2025-26
Michela Cava,115,VAN,RW,13,188.85,1.457,19.377781877154927,0.4629070691024622,6.156562947467809,-0.1111596598171909,-0.1111596598171909,1.5885623510722795,1.109226856257202,0.044369074250288,0.0487043009831585,0.5116113700856207,0.519,0.221,0.74,0.115,0.049,0.164,0.052,2025-26
Theresa Schafzahl,17,BOS,RW,14,212.3666666666667,1.638,18.813552118948312,0.462784492230419,5.315396925774127,-0.0515154838870984,-0.0515154838870984,0.8475906451106575,0.447617059701861,0.0179046823880744,0.0199137862596712,0.4826982784900903,0.584,0.146,0.73,0.13,0.032,0.162,0.046,2025-26
Jessica DiGirolamo,5,MTL,LD,15,272.5333333333333,1.507,23.84940912331381,0.3317759295499022,5.250603769809792,-0.0343979031165245,-0.0343979031165245,3.5225048923679063,2.560389741109061,0.1024155896443624,0.1037571078659069,0.4355330374158091,0.154,0.568,0.722,0.034,0.126,0.16,0.035,2025-26
Jamie Lee Rattray,16,BOS,LW,14,213.53333333333336,1.662,18.974169404749635,0.4669996877926942,5.331486876139453,-0.0345088009130155,-0.0345088009130155,0.5619731501717139,0.1619995647629173,0.0064799825905166,0.0078258258261243,0.4748255136188185,0.602,0.104,0.706,0.134,0.023,0.157,0.044,2025-26
Claire Dalton,26,TOR,RW,16,221.21666666666667,1.6370000000000002,21.55820592658547,0.4439990959089882,5.847174062812303,-0.0342222886187622,-0.0342222886187622,0.5424546070971145,0.3198412539839279,0.0127936501593571,0.0141283194154888,0.4581274153244771,0.539,0.131,0.67,0.12,0.029,0.149,0.04,2025-26
Gabbie Hughes,57,OTT,C,14,216.7,1.61,24.201367884081755,0.4457775726811259,6.700886354614237,0.1550865182443587,0.1550865182443587,0.0,0.0406637043889083,0.0016265481755563,-0.0044218260359736,0.4413557466451522,0.534,0.061,0.595,0.118,0.014,0.132,0.037,2025-26
Sara Hjalmarsson,313,TOR,LW,16,172.13333333333333,1.38,16.351978890301382,0.4810224632068164,5.699760263854083,-0.1735841413300256,-0.1735841413300256,0.0,-0.2226133531131865,-0.0089045341245274,-0.0021347526126564,0.4788877105941599,0.525,0.055,0.58,0.116,0.012,0.128,0.045,2025-26
Kayla Vespa,45,NY,C,16,113.33333333333331,1.049,10.987201977969413,0.5553529411764706,5.816753988336748,-0.1338673726417713,-0.1338673726417713,0.0,0.0860319987015541,0.0034412799480621,0.0086621074810912,0.5640150486575618,0.486,0.057,0.543,0.108,0.013,0.121,0.064,2025-26
Catherine Dubois,157,MTL,LW,11,97.09999999999998,1.023,8.196449691023478,0.632131822863028,5.064747491878566,-0.1549319350062369,-0.1549319350062369,0.0,-0.595730155583516,-0.0238292062233406,-0.0177868607580974,0.6143449621049306,0.541,0.006,0.547,0.12,0.001,0.121,0.075,2025-26
Emmy Fecteau,204,NY,LW,15,108.33333333333334,1.023,10.58527624718377,0.5665846153846155,5.862614536901781,-0.0855641279205566,-0.0855641279205566,0.0,0.0860319987015541,0.0034412799480621,0.0067782809369638,0.5733628963215793,0.485,0.051,0.536,0.108,0.011,0.119,0.066,2025-26
Kaitlin Willoughby,128,MTL,RW,15,146.11666666666667,1.177,13.040738935518949,0.4833124215809285,5.354928729082721,0.1028836394534046,0.1028836394534046,0.8212615489905326,0.2255313934070165,0.0090212557362806,0.0050087937975978,0.4883212153785264,0.452,0.064,0.516,0.1,0.014,0.114,0.047,2025-26
Klára Hymlárová,190,MIN,C,15,180.55,1.407,17.821233815077342,0.467571309886458,5.922315308250571,-0.0488562938165971,-0.0488562938165971,0.0,-0.5816915312877897,-0.0232676612515115,-0.0213622657926642,0.4462090440937937,0.511,0.0,0.511,0.113,0.0,0.113,0.038,2025-26
Anna Shokhina,239,OTT,RW,12,128.20000000000002,1.074,13.31850283647938,0.5026521060842434,6.233308659818741,-0.3001219427616025,-0.3001219427616025,0.0,0.0406637043889083,0.0016265481755563,0.0133313039432588,0.5159834100275023,0.437,0.074,0.511,0.097,0.016,0.113,0.053,2025-26
Brooke McQuigge,192,VAN,LW,13,128.81666666666666,1.126,14.059694815753584,0.524466295769181,6.548699875367176,0.2943653421635339,0.2943653421635339,0.0,-0.4793354948150776,-0.0191734197926031,-0.0306536681369809,0.4938126276322001,0.486,-0.02,0.466,0.108,-0.004,0.104,0.048,2025-26
Kali Flanagan,68,TOR,RD,16,362.2333333333333,2.068,35.44203622594863,0.3425416398269992,5.870586657468256,-0.032874947405413,-0.032874947405413,0.8281954541271741,0.2391971053386579,0.0095678842135463,0.0108500071623574,0.3533916469893566,0.27,0.194,0.464,0.06,0.043,0.103,0.017,2025-26
Ella Shelton,44,TOR,RD,16,402.8166666666667,2.478,39.52959123096073,0.3691009143944722,5.887977509680112,-0.009707909320048,-0.009707909320048,0.0,-0.5889983487885161,-0.0235599339515406,-0.0231813254880587,0.3459195889064134,0.478,-0.012,0.466,0.106,-0.003,0.103,0.015,2025-26
Jade Downie-Landry,35,MTL,LW,8,87.56666666666666,0.869,6.888897673865455,0.59543205177008,4.720219190315119,-0.507441806202151,-0.507441806202151,0.0,-0.595730155583516,-0.0238292062233406,-0.0040389757814567,0.5913930759886232,0.434,0.025,0.459,0.096,0.006,0.102,0.07,2025-26
Vanessa Upson,269,MIN,C,12,68.9,0.768,6.542254148198019,0.6687953555878083,5.697173423684776,-0.230235405900118,-0.230235405900118,0.0,-0.5816915312877897,-0.0232676612515115,-0.0142884804214069,0.6545068751664014,0.426,0.008,0.434,0.094,0.002,0.096,0.084,2025-26
Kendall Cooper,236,MIN,RD,15,335.7333333333333,2.147,32.9614438598038,0.3836973788721207,5.890647234675024,-0.0987655062549525,-0.0987655062549525,0.0,-0.9480765269631194,-0.0379230610785247,-0.0340712063345816,0.3496261725375391,0.48,-0.071,0.409,0.106,-0.016,0.09,0.016,2025-26
Cayla Barnes,196,SEA,RD,14,333.41666666666663,2.0700000000000003,35.32569771891124,0.3725068732816797,6.357036330321444,-0.0596436240524844,-0.0596436240524844,0.0,-0.7302211286042545,-0.0292088451441701,-0.0268827438061232,0.3456241294755564,0.415,-0.031,0.384,0.092,-0.007,0.085,0.015,2025-26
Erin Ambrose,83,MTL,RD,14,289.2833333333333,1.584,25.69719973770648,0.3285360373336405,5.329833442169921,0.0441271483548181,0.0441271483548181,1.659272915826468,0.6971577645676221,0.0278863105827048,0.0261653517968669,0.3547013891305075,0.148,0.229,0.377,0.033,0.051,0.084,0.017,2025-26
Renata Fast,67,TOR,RD,12,288.21666666666664,1.431,25.69938231504139,0.2979008847510553,5.350013088194588,-0.5631571138848288,-0.5631571138848288,1.4572370323252186,0.8682386835367025,0.0347295473414681,0.0566926747829764,0.3545935595340317,0.0,0.375,0.375,0.0,0.083,0.083,0.017,2025-26
Anna Meixner,221,OTT,LW,13,150.00000000000003,1.023,15.876264275509492,0.4091999999999999,6.350505710203795,-0.2032491197436089,-0.2032491197436089,0.0,0.0406637043889083,0.0016265481755563,0.009553263845557,0.418753263845557,0.278,0.077,0.355,0.062,0.017,0.079,0.032,2025-26
Gabby Rosenthal,227,VAN,C,16,255.35,1.611,26.77005774886677,0.378539259839436,6.290203504726869,0.004132348545851,0.004132348545851,0.0,-0.4793354948150776,-0.0191734197926031,-0.0193345813858912,0.3592046784535447,0.343,0.009,0.352,0.076,0.002,0.078,0.018,2025-26
Emma Greco,118,VAN,RD,13,71.68333333333332,0.179,7.132744809177185,0.1498256219483841,5.970211883989275,-0.3656005586455225,-0.3656005586455225,10.881190420832366,10.03546993034196,0.4014187972136783,0.4156772190008537,0.5655028409492379,-0.177,0.522,0.345,-0.039,0.116,0.077,0.064,2025-26
Natalie Snodgrass,142,SEA,RW,13,188.4333333333333,1.253,20.12292121574509,0.3989739961082611,6.4074399767099175,-0.0034838332107819,-0.003483833210782,0.0,-0.3638361329289248,-0.0145534453171569,-0.0144175758219364,0.3845564202863246,0.317,0.022,0.339,0.07,0.005,0.075,0.024,2025-26
Kateřina Mrázová,88,OTT,C,16,277.75,1.6110000000000002,30.33507170614504,0.348010801080108,6.5530307916064885,-0.0140316377452039,-0.014031637745204,0.0,0.0406637043889083,0.0016265481755563,0.0021737820476192,0.3501845831277274,0.232,0.109,0.341,0.051,0.024,0.075,0.016,2025-26
Alexa Vasko,101,OTT,C,16,168.1833333333333,1.023,18.51331442298473,0.3649588742443763,6.604690508645827,0.0413139940033614,0.0413139940033614,0.7135070855217521,0.7541707899106604,0.0301668315964264,0.0285555858302953,0.3935144600746716,0.188,0.14,0.328,0.042,0.031,0.073,0.026,2025-26
Anna Segedi,248,VAN,C,13,152.55,1.049,15.667972040450518,0.4125860373647984,6.162427547866477,-0.1162390191989422,-0.1162390191989422,0.0,-0.4793354948150776,-0.0191734197926031,-0.0146400980438443,0.397945939320954,0.292,0.017,0.309,0.065,0.004,0.069,0.027,2025-26
Maja Nylen Persson,229,NY,RD,16,333.6166666666667,1.891,33.20417424457994,0.3400909227156917,5.971675439900473,-0.0257617114332192,-0.0257617114332192,0.0,-0.2803529969737754,-0.011214119878951,-0.0102094131330554,0.3298815095826362,0.235,0.062,0.297,0.052,0.014,0.066,0.012,2025-26
Elle Hartje,206,NY,C,15,200.91666666666669,1.202,19.7899336489124,0.3589547905433429,5.909893084702167,-0.0834414995004452,-0.0834414995004452,0.0,0.0860319987015541,0.0034412799480621,0.0066954984285795,0.3656502889719225,0.204,0.094,0.298,0.045,0.021,0.066,0.02,2025-26
Sophie Shirley,18,BOS,RW,12,130.7,0.921,11.867731654548964,0.4228003060443764,5.4480788008641,0.0724705177209071,0.0724705177209071,0.0,-0.3999735854087965,-0.0159989434163518,-0.0188252936074672,0.4039750124369092,0.272,0.006,0.278,0.06,0.001,0.061,0.028,2025-26
Alexandra Labelle,39,MTL,C,13,135.26666666666665,0.946,12.186032852297716,0.4196155741744702,5.405337391359264,0.1394393318665722,0.1394393318665722,0.0,-0.595730155583516,-0.0238292062233406,-0.0292673401661369,0.3903482340083332,0.274,-0.018,0.256,0.061,-0.004,0.057,0.025,2025-26
Nina Jobst-Smith,305,VAN,D,6,71.45,0.612,7.129244637299548,0.5139258222533241,5.986769464492272,-0.2698574405932792,-0.2698574405932792,0.0,-0.8457204904904073,-0.0338288196196162,-0.0233043794364784,0.4906214428168456,0.257,-0.002,0.255,0.057,-0.0,0.057,0.048,2025-26
Emma Woods,86,TOR,RW,16,135.86666666666667,0.895,13.325920510952695,0.3952404317958783,5.884852041146922,-0.0071484819510254,-0.0071484819510254,0.0,-0.2226133531131865,-0.0089045341245274,-0.0086257433284374,0.3866146884674408,0.22,0.029,0.249,0.049,0.006,0.055,0.024,2025-26
Claire Thompson,169,VAN,RD,15,325.85,1.89,34.24959189111335,0.3480128893662728,6.306507636847631,0.0137975195967756,0.0137975195967756,0.0,-0.8457204904904073,-0.0338288196196162,-0.0343669228838905,0.3136459664823823,0.272,-0.071,0.201,0.06,-0.016,0.044,0.008,2025-26
Kati Tabin,84,MTL,RD,15,319.1333333333334,1.66,27.51748784832481,0.3120952579903905,5.173540644138777,-0.1157412366958704,-0.1157412366958704,0.7520367662419051,-0.2100783850169406,-0.0084031354006776,-0.0038892271695386,0.3082060308208519,0.075,0.093,0.168,0.017,0.021,0.038,0.007,2025-26
Brooke Bryant,91,SEA,RW,14,101.75,0.665,10.91451223468212,0.3921375921375922,6.4360760106233625,0.0236654003030268,0.0236654003030268,0.0,-0.3638361329289248,-0.0145534453171569,-0.015476395928975,0.3766611962086171,0.16,0.01,0.17,0.035,0.002,0.037,0.022,2025-26
Micah Zandee-Hart,47,NY,LD,16,290.4166666666667,1.5329999999999997,28.62285287288959,0.3167173601147776,5.91347319038178,-0.0890473092100122,-0.0890473092100122,0.0,-0.2803529969737754,-0.011214119878951,-0.0077412748197605,0.308976085295017,0.091,0.066,0.157,0.02,0.015,0.035,0.007,2025-26
Jaime Bourbonnais,87,NY,LD,14,287.81666666666666,1.558,29.50401250056631,0.3247900862817766,6.1505845736312885,0.149819753274185,0.149819753274185,0.0,-0.2803529969737754,-0.011214119878951,-0.0170570902566442,0.3077329960251324,0.129,0.021,0.15,0.029,0.005,0.034,0.007,2025-26
Laura Kluge,212,BOS,LW,13,125.85,0.768,11.444214185879297,0.366150178784267,5.456121185162955,0.0681924727105559,0.0681924727105559,0.0,-0.3999735854087965,-0.0159989434163518,-0.0186584498520635,0.3474917289322034,0.143,0.006,0.149,0.032,0.001,0.033,0.016,2025-26
Savannah Harmon,56,TOR,LD,16,368.3833333333334,1.967,36.44343307031618,0.3203728000723883,5.935681086419863,0.0273981398074589,0.0273981398074589,0.0,-0.5889983487885161,-0.0235599339515406,-0.0246284614040315,0.2957443386683568,0.138,-0.02,0.118,0.031,-0.004,0.027,0.004,2025-26
Lina Ljungblom,201,MTL,LW,6,57.61666666666667,0.384,4.52593613781286,0.3998842927393694,4.713153050658459,-0.557036223520918,-0.557036223520918,0.0,-0.595730155583516,-0.0238292062233406,-0.0021047935060248,0.3977794992333445,0.098,0.018,0.116,0.022,0.004,0.026,0.027,2025-26
Maggie Flaherty,79,MTL,LD,15,278.6,1.148,23.948324811659653,0.2472361809045226,5.15757174694752,-0.1458158687361909,-0.1458158687361909,2.1536252692031588,1.191510117944313,0.0476604047177725,0.0533472235984839,0.3005834045030066,-0.235,0.347,0.112,-0.052,0.077,0.025,0.005,2025-26
Marah Wagner,295,SEA,LW,11,96.0,0.588,10.686308344222338,0.3674999999999999,6.6789427151389615,0.2611738518550173,0.2611738518550173,0.0,-0.3638361329289248,-0.0145534453171569,-0.0247392255395026,0.3427607744604972,0.111,-0.005,0.106,0.025,-0.001,0.024,0.015,2025-26
Dara Greig,199,MTL,LW,15,177.18333333333337,0.972,15.150524988535777,0.3291505973097544,5.130457149725217,-0.155115487854531,-0.155115487854531,0.0,-0.595730155583516,-0.0238292062233406,-0.0177797021970139,0.3113708951127404,0.092,0.011,0.103,0.02,0.002,0.022,0.007,2025-26
Claire Butorac,102,MIN,RW,15,143.9,0.691,14.17674837873683,0.2881167477414871,5.9110834101751895,-0.0991164757468429,-0.0991164757468429,0.8339124391938847,0.2522209079060949,0.0100888363162437,0.0139543788703706,0.3020711266118577,-0.023,0.085,0.062,-0.005,0.019,0.014,0.006,2025-26
Clara Van Wieren,316,TOR,C,16,174.10000000000002,0.844,16.899164876386198,0.2908673176335439,5.823951134883238,-0.0907487471925712,-0.0907487471925712,0.0,-0.2226133531131865,-0.0089045341245274,-0.0053653329840171,0.2855019846495267,-0.02,0.046,0.026,-0.004,0.01,0.006,0.002,2025-26
Jincy Roese,60,NY,LD,16,269.06666666666666,1.252,26.05691809921052,0.2791873141724479,5.810511964640601,-0.2001706750975095,-0.2001706750975095,0.0,-0.2803529969737754,-0.011214119878951,-0.0034074635501481,0.2757798506222998,-0.084,0.081,-0.003,-0.019,0.018,-0.001,-0.0,2025-26
Lee Stecklein,24,MIN,LD,13,314.4833333333333,1.2,31.56679281426332,0.2289469500238486,6.0226007807169415,-0.0004675195455036,-0.0004675195455036,2.098680375218613,1.1506038482554937,0.0460241539302197,0.0460423871924943,0.274989337216343,-0.361,0.353,-0.008,-0.08,0.078,-0.002,-0.0,2025-26
Anna Wilgren,203,SEA,LD,14,298.1,1.481,31.53190370471414,0.2980878899698088,6.346575720506033,-0.0862890840615599,-0.0862890840615599,0.0,-0.7302211286042545,-0.0292088451441701,-0.0258435708657693,0.2722443191040395,0.001,-0.022,-0.021,0.0,-0.005,-0.005,-0.001,2025-26
Brooke Becker,264,MIN,RD,14,182.5833333333333,0.92,18.38906109889388,0.3023277042446372,6.042959375264078,0.035850128206975,0.035850128206975,0.0,-0.9480765269631194,-0.0379230610785247,-0.0393212160785968,0.2630064881660404,0.013,-0.055,-0.042,0.003,-0.012,-0.009,-0.003,2025-26
Mae Batherson,188,MIN,LD,15,296.05,1.481,29.108944116858112,0.3001520013511231,5.899465114039813,-0.1081173110134191,-0.1081173110134191,0.0,-0.9480765269631194,-0.0379230610785247,-0.0337064859490014,0.2664455154021217,0.011,-0.061,-0.05,0.002,-0.014,-0.012,-0.002,2025-26
Taylor House,217,OTT,C,11,94.56666666666666,0.409,11.14737511140102,0.2594994712724708,7.07270891805493,0.4863967952832769,0.4863967952832769,0.0,0.0406637043889083,0.0016265481755563,-0.0173429268404914,0.2421565444319794,-0.061,0.006,-0.055,-0.014,0.001,-0.013,-0.008,2025-26
Zoe Boyd,52,BOS,LD,12,207.50000000000003,0.996,19.036856981520945,0.288,5.504633344054248,0.099708310502825,0.099708310502825,0.0,-0.7663585810841261,-0.030654343243365,-0.0345429673529752,0.2534570326470247,-0.034,-0.046,-0.08,-0.008,-0.01,-0.018,-0.005,2025-26
Jessica Kondas,132,TOR,RD,6,60.06666666666666,0.255,6.955217845331083,0.2547169811320754,6.947498402661459,1.0249364435363726,1.0249364435363726,0.0,-0.5889983487885161,-0.0235599339515406,-0.0635324552494591,0.1911845258826163,-0.043,-0.042,-0.085,-0.01,-0.009,-0.019,-0.019,2025-26
Allyson Simpson,230,NY,RD,16,291.3166666666666,1.2779999999999998,28.47048688293223,0.2632187196063848,5.8638224600123605,-0.1503330746693959,-0.1503330746693959,0.0,-0.2803529969737754,-0.011214119878951,-0.0053511299668445,0.2578675896395402,-0.168,0.078,-0.09,-0.037,0.017,-0.02,-0.004,2025-26
Kathryn Reilly,289,OTT,RD,11,134.35,0.511,13.50045590919292,0.228209899516189,6.029232263130444,-0.5638848038767025,-0.5638848038767025,0.0,-0.3257212912864213,-0.0130288516514568,0.0089626556997345,0.2371725552159236,-0.156,0.068,-0.088,-0.035,0.015,-0.02,-0.009,2025-26
Stephanie Markowski,219,OTT,LD,16,270.81666666666666,1.2000000000000002,29.565653277342246,0.2658625146162841,6.550332438822825,-0.034595831352188,-0.034595831352188,0.0,-0.3257212912864213,-0.0130288516514568,-0.0116796142287215,0.2541829003875626,-0.145,0.044,-0.101,-0.032,0.01,-0.022,-0.005,2025-26
Darcie Lappan,306,VAN,C,12,100.46666666666668,0.358,10.51903621819136,0.2138022561380225,6.282105239795768,-0.0397933841576466,-0.0397933841576466,0.0,-0.4793354948150776,-0.0191734197926031,-0.0176214778104548,0.1961807783275676,-0.141,0.006,-0.135,-0.031,0.001,-0.03,-0.018,2025-26
Sidney Morin,167,MIN,RD,15,319.50000000000006,1.353,31.71902230256947,0.2540845070422535,5.956623906585815,-0.0609774069419067,-0.0609774069419067,0.7511737089201878,-0.1969028180429316,-0.0078761127217172,-0.0054979938509829,0.2485865131912706,-0.233,0.084,-0.149,-0.052,0.019,-0.033,-0.006,2025-26
Anna Kjellbin,200,TOR,LD,16,183.95,0.766,18.388596623046077,0.2498505028540363,5.997911374736419,0.0742910402023222,0.0742910402023222,0.0,-0.5889983487885161,-0.0235599339515406,-0.0264572845194312,0.2233932183346051,-0.147,-0.016,-0.163,-0.033,-0.004,-0.037,-0.012,2025-26
Lauren Bernard,207,NY,RD,16,219.75,0.869,21.847127288649745,0.2372696245733788,5.965085949119384,-0.0547130678713197,-0.0547130678713198,0.0,-0.2803529969737754,-0.011214119878951,-0.0090803102319695,0.2281893143414093,-0.222,0.045,-0.177,-0.049,0.01,-0.039,-0.011,2025-26
Daniela Pejšová,185,BOS,LD,12,151.75,0.587,13.521887905429594,0.2320922570016474,5.346380720433448,-0.070703286605993,-0.070703286605993,0.0,-0.7663585810841261,-0.030654343243365,-0.0278969150657313,0.2041953419359161,-0.166,-0.017,-0.183,-0.037,-0.004,-0.041,-0.016,2025-26
Katie Chan,301,VAN,RW,13,119.16666666666666,0.409,12.659439876864768,0.2059300699300699,6.373983714225618,0.0503730250329032,0.0503730250329032,0.0,-0.4793354948150776,-0.0191734197926031,-0.0211379677688863,0.1847921021611836,-0.183,0.0,-0.183,-0.041,0.0,-0.041,-0.021,2025-26
Aneta Tejralová,62,SEA,D,7,99.6,0.358,11.790270724991514,0.2156626506024096,7.102572725898502,0.6517818480097006,0.6517818480097006,0.0,-0.7302211286042545,-0.0292088451441701,-0.0546283372165485,0.1610343133858611,-0.137,-0.055,-0.192,-0.03,-0.012,-0.042,-0.025,2025-26
Lyndie Lobdell,294,SEA,RD,10,127.11666666666667,0.4339999999999999,13.08781164236342,0.2048511865740133,6.1775431903118285,-0.275598995239165,-0.275598995239165,0.0,-0.7302211286042545,-0.0292088451441701,-0.0184604843298427,0.1863907022441706,-0.197,0.006,-0.191,-0.044,0.001,-0.043,-0.02,2025-26
Emily Brown,2,SEA,LD,14,266.5833333333333,0.5609999999999999,28.4626345934168,0.1262644576430134,6.406094688108815,-0.0641387606972558,-0.0641387606972558,3.1509846827133483,2.420763554109094,0.0968305421643637,0.0993319538315567,0.2255964114745701,-0.763,0.536,-0.227,-0.169,0.119,-0.05,-0.011,2025-26
Rylind MacKinnon,232,BOS,LD,12,113.41666666666666,0.3319999999999999,9.824256479497034,0.1756355620867009,5.197255448374626,-0.2321069197625281,-0.2321069197625281,0.0,-0.7663585810841261,-0.030654343243365,-0.0216021733726264,0.1540333887140745,-0.231,-0.0,-0.231,-0.051,-0.0,-0.051,-0.027,2025-26
Megan Carter,208,SEA,LD,14,246.26666666666668,1.0219999999999998,26.28242458684373,0.2489983757444504,6.40340609858131,-0.0401348318678695,-0.0401348318678695,0.0,-0.7302211286042545,-0.0292088451441701,-0.0276435867013232,0.2213547890431271,-0.201,-0.026,-0.227,-0.045,-0.006,-0.051,-0.012,2025-26
Nicole Gosling,253,MTL,LD,15,311.1500000000001,1.379,27.114347353054107,0.2659167604049493,5.228541993196998,-0.0707829174175206,-0.0707829174175206,0.0,-0.9621151512588456,-0.0384846060503538,-0.0357240722710705,0.2301926881338788,-0.166,-0.074,-0.24,-0.037,-0.016,-0.053,-0.01,2025-26
Hadley Hartmetz,182,BOS,RD,11,129.21666666666667,0.434,12.120129013338978,0.2015219914871662,5.627816902878927,0.2040843883523716,0.2040843883523716,0.0,-0.7663585810841261,-0.030654343243365,-0.0386136343891075,0.1629083570980587,-0.208,-0.037,-0.245,-0.046,-0.008,-0.054,-0.025,2025-26
Rory Guilday,242,OTT,LD,16,336.35,1.3279999999999998,36.78207446419216,0.2368960903820424,6.561392798726117,-0.0298351710149692,-0.0298351710149692,0.0,-0.3257212912864213,-0.0130288516514568,-0.011865279981873,0.2250308104001694,-0.342,0.053,-0.289,-0.076,0.012,-0.064,-0.011,2025-26
Riley Brengman,255,BOS,RD,13,248.9833333333333,0.945,21.638478203345592,0.2277260860834059,5.214440158781989,-0.2035934154120519,-0.2035934154120519,0.0,-0.7663585810841261,-0.030654343243365,-0.022714200042295,0.2050118860411108,-0.291,-0.006,-0.297,-0.065,-0.001,-0.066,-0.016,2025-26
Allie Munroe,74,TOR,LD,10,162.25,0.3829999999999999,16.153167689740794,0.141633281972265,5.973436433802451,0.0262807131289577,0.0262807131289577,1.1093990755007703,0.5204007267122545,0.0208160290684901,0.0197910812564608,0.1614243632287258,-0.423,0.111,-0.312,-0.094,0.025,-0.069,-0.026,2025-26
Samantha Isbell,108,OTT,RD,7,92.63333333333334,0.153,10.79062309690713,0.0991003958258366,6.989248497456938,0.368052331773454,0.368052331773454,0.0,-0.3257212912864213,-0.0130288516514568,-0.0273828925906215,0.071717503235215,-0.307,-0.009,-0.316,-0.068,-0.002,-0.07,-0.045,2025-26
Jocelyne Larocque,71,OTT,RD,16,370.2333333333333,1.2009999999999998,40.60272117759548,0.1946340145853966,6.580075458690184,-0.0203437863841809,-0.020343786384181,0.972359773116053,0.6466384818296318,0.0258655392731852,0.0266589469421683,0.2212929615275649,-0.637,0.296,-0.341,-0.141,0.066,-0.075,-0.012,2025-26
Jenna Buglioni,237,SEA,C,10,72.36666666666667,0.0,7.6777332218114225,0.0,6.365693136462717,-0.1320006623883471,-0.1320006623883471,0.0,-0.3638361329289248,-0.0145534453171569,-0.0094054194840114,-0.0094054194840114,-0.359,0.014,-0.345,-0.08,0.003,-0.077,-0.064,2025-26
Sydney Bard,180,VAN,LD,16,231.06666666666663,0.741,24.161117417914483,0.1924120023081361,6.273804292014724,-0.0527463446165628,-0.0527463446165628,0.0,-0.8457204904904073,-0.0338288196196162,-0.0317717121795703,0.1606402901285658,-0.406,-0.04,-0.446,-0.09,-0.009,-0.099,-0.026,2025-26
Amanda Boulier,51,MTL,RD,15,240.8,0.7150000000000001,21.131812405144355,0.178156146179402,5.265401762079158,-0.0530095742151101,-0.0530095742151101,0.4983388704318936,-0.463776280826952,-0.018551051233078,-0.0164836778386887,0.1616724683407132,-0.481,0.02,-0.461,-0.107,0.004,-0.103,-0.026,2025-26
Brooke Hobson,38,OTT,LD,16,255.99999999999997,0.7160000000000001,27.54141631952244,0.1678125,6.4550194498880735,-0.1512330137578562,-0.1512330137578562,0.0,-0.3257212912864213,-0.0130288516514568,-0.0071307641149004,0.1606817358850995,-0.555,0.061,-0.494,-0.123,0.014,-0.109,-0.026,2025-26
Mariah Keopple,99,SEA,RD,14,216.2,0.511,22.954371421958594,0.1418131359851988,6.370315843281755,-0.0965360351443071,-0.0965360351443071,0.5550416281221091,-0.1751795004821453,-0.0070071800192858,-0.0032422746486578,0.138570861336541,-0.562,0.065,-0.497,-0.125,0.014,-0.111,-0.031,2025-26
Madison Samoskevich,310,VAN,D,13,134.23333333333332,0.179,13.980771965181855,0.0800099329525701,6.249165517091469,-0.1018306383176535,-0.1018306383176535,0.0,-0.8457204904904073,-0.0338288196196162,-0.0298574247252278,0.0501525082273423,-0.487,-0.019,-0.506,-0.108,-0.004,-0.112,-0.05,2025-26
Natalie Buchbinder,90,MIN,RD,15,255.33333333333331,0.306,25.33006578509177,0.0719060052219321,5.952234779786578,-0.1049872276723103,-0.1049872276723103,2.349869451697128,1.4017929247340088,0.0560717169893603,0.0601662188685804,0.1320722240905125,-0.962,0.347,-0.615,-0.213,0.077,-0.136,-0.032,2025-26
Ashton Bell,50,VAN,LD,16,329.08333333333326,1.0730000000000002,34.58191916083005,0.1956343378070398,6.305135932083474,-0.0207139019433891,-0.0207139019433891,0.0,-0.8457204904904073,-0.0338288196196162,-0.0330209774438241,0.1626133603632157,-0.561,-0.064,-0.625,-0.124,-0.014,-0.138,-0.025,2025-26
Mellissa Channell-Watkins,129,VAN,LD,16,305.31666666666666,0.689,32.19094752353989,0.1354004039521807,6.3260773560098045,-0.012872323683192,-0.012872323683192,0.9825863857197448,0.1368658952293373,0.0054746358091734,0.0059766564328179,0.1413770603849987,-0.827,0.139,-0.688,-0.183,0.031,-0.152,-0.03,2025-26
