Season,name,player_id,team,pos,gp,toi_min,ixG,xGA,ixG60,xGA60,xGA60_resid,d_adj_xGA60,blocks60,blocks60_adj,block_val60,d_value60,value60,oGAR,dGAR,GAR,oWAR,dWAR,WAR,war60
2023-24,Natalie Spooner,100,TOR,RW,27,504.9333333333332,11.128000000000002,3.986430791299716,1.322313176656985,0.4736978759136183,0.016263989595581327,0.016263989595581334,1.0694481119619754,0.3232579589518991,0.012930318358075966,0.007075282103666686,1.3293884587606515,8.565,0.219,8.784,1.891,0.048,1.939,0.23
2023-24,Grace Zumwinkle,25,MIN,F,34,660.7166666666668,10.482000000000005,4.7153500044586165,0.9518754887369776,0.4282032140870019,0.005702200328361842,0.005702200328361849,0.27243145069747493,-0.157004178210772,-0.00628016712843088,-0.008332959246641146,0.9435425294903365,7.128,0.116,7.244,1.574,0.026,1.6,0.145
2023-24,Laura Stacey,32,MTL,RW,26,617.1833333333333,10.024000000000001,5.460408923413813,0.9744916421376687,0.5308382739944838,-0.0040633568257320285,-0.0040633568257320216,0.9721584618292782,-0.2263481208747577,-0.009053924834990307,-0.00759111637772678,0.9669005257599419,6.891,0.116,7.007,1.521,0.026,1.547,0.15
2023-24,Kendall Coyne Schofield,20,MIN,F,34,676.5,9.666999999999998,4.78350281732037,0.8573835920177382,0.42425745608162924,0.0007250614202306133,0.0007250614202306203,0.7095343680709534,0.2800987391627064,0.011203949566508256,0.010942927455225232,0.8683265194729634,6.233,0.337,6.57,1.376,0.074,1.45,0.129
2023-24,Hilary Knight,13,BOS,RW,32,761.0,9.869000000000002,6.490536659534488,0.7781077529566361,0.5117374501604064,0.002509778334687859,0.002509778334687866,0.8672798948751642,0.359670742961733,0.01438682971846932,0.01348330951798169,0.7915910624746179,6.006,0.411,6.417,1.326,0.091,1.417,0.112
2023-24,Alex Carpenter,34,NY,C,24,522.1333333333333,8.389000000000001,5.428003596238056,0.9640066394279878,0.6237491364420646,0.0017782284710532864,0.0017782284710532933,0.8043922369765066,0.08163617271379041,0.0032654469085516163,0.0026252846589724307,0.9666319240869602,5.738,0.187,5.925,1.267,0.041,1.308,0.15
2023-24,Hayley Scamurra,61,OTT,F,24,464.8,7.952000000000002,3.8563035740941776,1.0265060240963857,0.49780166619115884,0.0049257184827254785,0.004925718482725485,1.4199655765920827,0.4324680640116037,0.01729872256046415,0.015525463906682975,1.0420314880030688,5.592,0.267,5.859,1.235,0.059,1.294,0.167
2023-24,Jessie Eldridge,36,NY,RW,24,446.5,7.878,4.656760930738353,1.0586338185890258,0.6257685461238549,0.004830495666102982,0.004830495666102989,1.0750279955207167,0.3522719312580005,0.01409087725032002,0.012351898810522944,1.0709857173995487,5.611,0.233,5.844,1.239,0.051,1.29,0.173
2023-24,Marie-Philip Poulin,31,MTL,C,24,556.9333333333334,8.236,4.9840139015115845,0.8872875269332057,0.5369418854872428,0.0010884200421904244,0.0010884200421904314,1.4005266937993774,0.20202011109534151,0.00808080444381366,0.007688973228625105,0.8949765001618307,5.409,0.247,5.656,1.194,0.055,1.249,0.135
2023-24,Taylor Heise,21,MIN,F,29,565.6666666666666,7.750000000000001,4.044028879275361,0.8220388921626401,0.4289482606184826,0.005030077866147523,0.0050300778661475296,0.9546258102533883,0.5251901813451414,0.021007607253805655,0.019196779221992543,0.8412356713846327,4.878,0.359,5.237,1.077,0.079,1.156,0.123
2023-24,Jamie Lee Rattray,16,BOS,C,30,497.2,7.572000000000001,4.149807807666241,0.9137570394207564,0.5007813122686534,-0.0069657449394157555,-0.006965744939415749,0.48270313757039424,-0.024906014343036964,-0.0009962405737214785,0.0015114276044681909,0.9152684670252246,5.048,0.169,5.217,1.114,0.037,1.151,0.139
2023-24,Sarah Nurse,75,TOR,LW,29,564.45,7.521,4.384284228884705,0.7994685091682168,0.46604137431673714,0.002900628216222209,0.002900628216222216,1.0629816635663034,0.3167915105562271,0.012671660422249084,0.011627434264409087,0.8110959434326258,4.656,0.287,4.943,1.028,0.063,1.091,0.116
2023-24,Brianne Jenner,58,OTT,F,24,444.41666666666663,7.058,3.7037948112978634,0.9528895555972248,0.5000435522472271,0.006364079343779789,0.006364079343779796,0.6750421901368836,-0.31245532244359536,-0.012498212897743815,-0.01478928146150454,0.9381002741357203,4.802,0.031,4.833,1.06,0.007,1.067,0.144
2023-24,Blayre Turnbull,76,TOR,C,29,559.35,7.185999999999999,4.346724181528419,0.7708232770179672,0.46626164457263813,0.002808235202354889,0.002808235202354896,1.5017430946634485,0.7555529416533722,0.030222117666134887,0.029211152993287123,0.8000344300112543,4.346,0.449,4.795,0.96,0.099,1.059,0.114
2023-24,Daryl Watts,63,OTT,F,24,417.09999999999997,6.725999999999998,3.480347317626845,0.9675377607288419,0.5006493384263024,0.007129750968665733,0.00712975096866574,0.7192519779429394,-0.2682455346375396,-0.010729821385501584,-0.01329653173422125,0.9542412289946206,4.609,0.039,4.648,1.018,0.009,1.027,0.148
2023-24,Emily Clark,53,OTT,F,24,447.99999999999994,6.777,3.756022175829311,0.9076339285714288,0.5030386842628541,0.008865245304354936,0.008865245304354943,0.5357142857142858,-0.45178322686619315,-0.018071329074647726,-0.021262817384215506,0.8863711111872132,4.503,-0.018,4.485,0.994,-0.004,0.99,0.133
2023-24,Maureen Murphy,98,MTL,RW,27,501.3500000000001,7.010000000000001,4.481686168883389,0.8389348758352447,0.5363541839692895,-2.705160919938554e-05,-2.705160919937852e-05,0.7180612346664006,-0.48044534803763533,-0.019217813921505414,-0.019208075342193636,0.8197268004930511,4.465,-0.002,4.463,0.986,-0.0,0.986,0.118
2023-24,Michela Cava,115,MIN,F,34,542.4333333333334,6.625000000000002,3.755221719712283,0.7328089473360783,0.41537510572617886,-0.009517023620981876,-0.00951702362098187,0.33183801388803535,-0.09759761502021164,-0.0039039046008084656,-0.00047777609725499276,0.7323311712388233,3.871,0.167,4.038,0.855,0.037,0.892,0.099
2023-24,Denisa Křížová,104,MIN,F,34,561.8833333333333,6.702000000000002,3.967614585130553,0.7156645804289149,0.42367669760834076,-0.0014025628392832917,-0.0014025628392832848,0.10678373327796399,-0.322651895630283,-0.01290607582521132,-0.012401153203069337,0.7032634272258456,3.85,0.061,3.911,0.85,0.013,0.863,0.092
2023-24,Alina Müller,15,BOS,C,32,678.3666666666667,7.213000000000002,5.771577270729631,0.6379735639526315,0.5104829781000116,-0.00027426114238964547,-0.0002742611423896385,0.0,-0.5076091519134311,-0.020304366076537246,-0.020205632065276976,0.6177679318873546,3.769,-0.015,3.754,0.832,-0.003,0.829,0.073
2023-24,Gabbie Hughes,57,OTT,F,24,446.74999999999994,5.729,3.709379045037576,0.7694236149972021,0.4981818527190925,0.0024998454818944537,0.0024998454818944606,0.5372132064913263,-0.45028430608915265,-0.018011372243566106,-0.01891131661704811,0.750512298380154,3.461,0.0,3.461,0.764,0.0,0.764,0.103
2023-24,Loren Gabel,8,BOS,LW,23,270.96666666666664,4.706000000000001,2.2826187826354074,1.0420469922499696,0.5054390218653874,-0.0009077479957467136,-0.0009077479957467065,0.0,-0.5076091519134311,-0.020304366076537246,-0.01997757679806843,1.0220694154519012,3.33,-0.005,3.325,0.735,-0.001,0.734,0.163
2023-24,Kelly Pannek,23,MIN,F,34,696.0166666666667,6.188,5.051128001703652,0.533435502023419,0.43543164210945967,0.008363347703154847,0.008363347703154854,1.4654821484159861,1.036046519507739,0.041441860780309564,0.03843105560717382,0.5718665576305929,2.655,0.665,3.32,0.586,0.147,0.733,0.063
2023-24,Jade Downie-Landry,35,NY,C,24,334.8833333333333,4.655000000000001,3.5139418443270762,0.8340217986363413,0.6295819757914435,0.006192280738202591,0.006192280738202598,1.254168118250137,0.5314120539874208,0.02125648215949683,0.019027261093743895,0.8530490597300852,2.955,0.212,3.167,0.652,0.047,0.699,0.125
2023-24,Kristin O'Neill,30,MTL,C,26,539.3833333333333,5.269,4.760755422420514,0.5861137719000092,0.5295775892443176,-0.009563193633638806,-0.009563193633638799,1.557333992522325,0.35882740981828914,0.014353096392731565,0.017795846100841534,0.6039096180008507,2.531,0.33,2.861,0.559,0.073,0.632,0.07
2023-24,Sidney Morin,167,BOS,RD,32,620.9166666666667,6.001999999999998,5.318932510066155,0.5799812105757614,0.5139754941950921,0.002585267280143141,0.002585267280143148,0.8696819218896792,-0.5943285272184327,-0.023773141088737307,-0.02470383730958884,0.5552773732661725,2.85,-0.06,2.79,0.629,-0.013,0.616,0.06
2023-24,Liz Schepers,97,MIN,F,29,397.53333333333336,4.58,2.79020344413706,0.6912627871876572,0.4211274693482063,-0.004218137150411735,-0.0042181371504117285,0.30186147912124767,-0.12757414978699932,-0.005102965991479973,-0.0035844366173317507,0.6876783505703254,2.562,0.102,2.664,0.566,0.023,0.589,0.089
2023-24,Rebecca Leslie,72,TOR,RW,29,306.58333333333337,3.9890000000000008,2.3623773867532543,0.7806686599619462,0.4623299044474974,-0.0010160423751884445,-0.0010160423751884376,0.978526773579777,0.2323366205697007,0.009293464822788028,0.009659240077855865,0.7903279000398021,2.433,0.146,2.579,0.537,0.032,0.569,0.111
2023-24,Emma Maltais,73,TOR,C,29,566.8500000000001,5.168000000000003,4.386510698757181,0.5470230219634826,0.4643038580319852,-0.0015923355040295545,-0.0015923355040295475,0.6350886477904206,-0.1111015052196557,-0.0044440602087862284,-0.0038708194273355916,0.543152202536147,2.29,0.142,2.432,0.506,0.031,0.537,0.057
2023-24,Brittany Howard,69,TOR,RW,28,335.5333333333334,4.066000000000001,2.6129201970547227,0.727081263659845,0.4672418393302702,0.0033109850277529412,0.003310985027752948,0.3576395787800516,-0.3885505742300247,-0.015542022969200988,-0.01673397757919205,0.710347286080653,2.363,0.012,2.375,0.522,0.003,0.525,0.094
2023-24,Sophie Jaques,11,MIN,RD,25,645.1833333333333,5.514999999999999,4.293255209045259,0.5128774766862131,0.39925909308886187,-0.028033592566506657,-0.02803359256650665,0.9299682260856088,-0.4558687000173189,-0.018234748000692757,-0.008142654676750363,0.5047348220094627,2.24,0.116,2.356,0.495,0.026,0.521,0.048
2023-24,Sophia Kunin,103,MIN,F,33,417.53333333333336,4.271000000000001,2.9796635854398716,0.6137474053967747,0.42818093994824913,0.001989251539700823,0.00198925153970083,0.2874022034168928,-0.14203342549135417,-0.005681337019654167,-0.0063974675739464654,0.6073499378228283,2.151,0.087,2.238,0.475,0.019,0.494,0.071
2023-24,Hannah Miller,89,TOR,LW,28,430.6,4.348,3.3314242024398895,0.6058522991175104,0.4642021647617124,-0.001051906062340749,-0.001051906062340742,0.41802136553646074,-0.32816878747361555,-0.013126751498944622,-0.012748065316501956,0.5931042338010084,2.162,0.044,2.206,0.477,0.01,0.487,0.068
2023-24,Élizabeth Giguère,37,NY,RW,24,306.3833333333333,3.682,3.1874473529252025,0.7210574987760431,0.6242077174852162,-0.0004149851127413645,-0.0004149851127413575,0.5874993200239352,-0.13525674423878098,-0.005410269769551239,-0.00526087512896435,0.7157966236470787,2.127,0.07,2.197,0.47,0.015,0.485,0.095
2023-24,Paetyn Levis,40,NY,LW,23,306.4166666666667,3.557,3.243724150630442,0.6965025836279575,0.6351594746951097,0.010268754717547221,0.010268754717547228,0.5874354093010606,-0.13532065496165557,-0.005412826198466223,-0.009109577896783225,0.6873930057311742,2.001,0.05,2.051,0.442,0.011,0.453,0.089
2023-24,Tereza Vanišová,161,MTL,LW,17,279.41666666666663,3.479,2.606629532442245,0.7470563674321504,0.5597295745178695,0.022345483221260592,0.0223454832212606,0.6441992245750076,-0.5543073581290283,-0.022172294325161133,-0.030216668284814948,0.7168396991473355,2.061,-0.053,2.008,0.455,-0.012,0.443,0.095
2023-24,Abby Boreen,114,MIN,LW,14,235.11666666666662,3.1710000000000003,1.6401433829924028,0.8092152831927414,0.4185522207962466,-0.00550593189906988,-0.005505931899069873,0.0,-0.429435628908247,-0.01717742515632988,-0.015195289672664725,0.7940199935200767,1.977,0.015,1.992,0.436,0.003,0.439,0.112
2023-24,Kati Tabin,84,MTL,LD,27,648.2333333333335,4.930000000000001,5.835676923963999,0.4563171697434051,0.5401459589209233,-0.0004115564108756742,-0.0004115564108756672,2.4065408546305336,0.25163297473181695,0.010065318989272678,0.010213479297187918,0.466530649040593,1.639,0.315,1.954,0.362,0.07,0.432,0.04
2023-24,Susanna Tapani,78,BOS,C,25,586.35,4.680000000000001,4.940524797633044,0.47889485801995396,0.5055538293817389,-0.006939757050538445,-0.006939757050538438,0.4093118444614991,-0.0982973074519321,-0.003931892298077284,-0.0014335797598834465,0.4774612782600705,1.703,0.171,1.874,0.376,0.038,0.414,0.042
2023-24,Natalie Snodgrass,142,OTT,C,23,294.7833333333333,3.1470000000000007,2.456373840761993,0.6405382484310512,0.4999686677640739,0.0028798742273443544,0.0028798742273443614,1.0176966133318257,0.03019910075134674,0.0012079640300538697,0.00017120930820989973,0.6407094577392611,1.651,0.094,1.745,0.365,0.021,0.386,0.079
2023-24,Sophie Shirley,18,BOS,RW,28,368.5833333333333,3.529000000000001,3.101376589894709,0.5744698168663804,0.5048589520063738,-0.006591431878821322,-0.006591431878821315,0.32557087949355645,-0.18203827241987475,-0.00728153089679499,-0.004908615420419317,0.5695612014459611,1.658,0.086,1.744,0.366,0.019,0.385,0.063
2023-24,Jaime Bourbonnais,87,NY,RD,24,606.2833333333335,4.652,6.302703085172416,0.4603788107870356,0.6237383815768395,-0.003729634004377161,-0.003729634004377154,1.3854908321191957,-0.29366652933820125,-0.01174666117352805,-0.010403992931952275,0.4499748178550833,1.574,0.086,1.66,0.348,0.019,0.367,0.036
2023-24,Jesse Compher,65,TOR,C,29,444.8833333333334,3.7340000000000004,3.4345568317127775,0.503592702206571,0.46320775462353414,-0.0031624817029547586,-0.0031624817029547517,0.8092009140973289,0.06301076108725254,0.0025204304434901016,0.003658923856553812,0.5072516260631249,1.476,0.167,1.643,0.326,0.037,0.363,0.049
2023-24,Hannah Brandt,1,BOS,C,32,608.8333333333333,4.193000000000001,5.248202321175474,0.41321653435532457,0.5172058132009775,0.003995346579976974,0.003995346579976981,1.1825896523405421,0.674980500427111,0.02699922001708444,0.025560895248292727,0.4387774296036173,1.102,0.451,1.553,0.243,0.1,0.343,0.034
2023-24,Claire Dalton,26,MTL,LW,23,319.36666666666673,2.9160000000000004,2.803112706152949,0.5478342552969417,0.5266259128562057,-0.012932691694952397,-0.01293269169495239,1.315102807640121,0.11659622493608507,0.004663848997443403,0.009319618007626262,0.557153873304568,1.295,0.15,1.445,0.286,0.033,0.319,0.06
2023-24,Ella Shelton,44,NY,LD,24,635.2666666666668,4.523,6.633807713737249,0.427190681078812,0.6265533573684041,-0.0012769072983721125,-0.0012769072983721055,1.4167278833035994,-0.26242947815379747,-0.010497179126151899,-0.01003749249873794,0.41715318858007405,1.298,0.094,1.392,0.287,0.021,0.308,0.029
2023-24,Taylor Girard,9,BOS,LW,23,283.95,2.5309999999999997,2.3596710378433485,0.5348124669836238,0.49860983367001555,-0.013273410965605794,-0.013273410965605787,1.479133650290544,0.971524498377113,0.03886097993508452,0.043639407882702604,0.5784518748663264,1.09,0.296,1.386,0.241,0.065,0.306,0.065
2023-24,Maggie Connors,66,TOR,LW,29,440.7166666666666,3.5280000000000014,3.4018730673419855,0.4803085882842343,0.4631374292792478,-0.003486953606585866,-0.003486953606585859,0.5445675604129638,-0.2016225925971125,-0.0080649037038845,-0.0068096004055135904,0.4734989878787207,1.291,0.089,1.38,0.285,0.02,0.305,0.042
2023-24,Mélodie Daoust,168,MTL,RW,9,201.4333333333333,2.3529999999999998,1.6643139101690343,0.7008770478239285,0.4957413599709188,-0.04214677950336429,-0.04214677950336428,0.5957305973854047,-0.6027759853186312,-0.02411103941274525,-0.008938198791534107,0.6919388490323943,1.33,0.033,1.363,0.294,0.007,0.301,0.09
2023-24,Sarah Bujold,81,MTL,C,21,294.1166666666667,2.6610000000000005,2.6965463900498765,0.5428458094860317,0.5500972972278322,0.010484243692978484,0.010484243692978491,1.6320054400181334,0.4334988573140975,0.0173399542925639,0.013565626563091645,0.5564114360491234,1.168,0.159,1.327,0.258,0.035,0.293,0.06
2023-24,Sarah Lefort,158,MTL,LW,26,305.91666666666663,2.8360000000000003,2.749692200535559,0.5562299101062382,0.539302202229802,-0.00016476358473319075,-0.00016476358473318373,0.7845273767365841,-0.4139792059674518,-0.01655916823869807,-0.016499853348194125,0.5397300567580441,1.283,0.012,1.295,0.283,0.003,0.286,0.056
2023-24,Mikyla Grant-Mentis,138,MTL,RW,10,166.75,1.969,1.305363928139579,0.7084857571214394,0.4696961660472248,-0.06810892421610412,-0.06810892421610411,0.7196401799100449,-0.478866402793991,-0.019154656111759642,0.005364556606037834,0.7138503137274772,1.122,0.067,1.189,0.248,0.015,0.263,0.095
2023-24,Brittyn Fleming,105,MIN,F,32,357.69999999999993,2.8640000000000008,2.551106262680975,0.4804025719876994,0.42791829958305433,0.0002711497070715524,0.0002711497070715594,0.5032149846239866,0.07377935571573963,0.002951174228629585,0.0028535603340838233,0.48325613232178327,1.048,0.13,1.178,0.231,0.029,0.26,0.044
2023-24,Kateřina Mrázová,88,OTT,F,23,390.7333333333333,2.993000000000001,3.2483867616413202,0.4595973383381678,0.4988138688751388,-0.0002498982379182269,-0.00024989823791821993,1.0749018938747656,0.08740438129428668,0.003496175251771467,0.0035861386174220263,0.4631834769555898,1.009,0.147,1.156,0.223,0.032,0.255,0.039
2023-24,Fanni Garát-Gasparics,137,OTT,F,15,125.59999999999998,1.791,1.0181132670788853,0.8555732484076434,0.48635984096125096,-0.008381841340538225,-0.008381841340538218,0.0,-0.987497512580479,-0.03949990050321916,-0.0364824376206254,0.819090810787018,1.153,-0.037,1.116,0.255,-0.008,0.247,0.118
2023-24,Shiann Darkangelo,4,BOS,RW,17,202.79999999999995,2.1220000000000003,1.7205852809551596,0.6278106508875742,0.5090488996908757,-0.0018192679466115167,-0.0018192679466115097,0.0,-0.5076091519134311,-0.020304366076537246,-0.0196494296157571,0.608161221271817,1.092,-0.002,1.09,0.241,-0.0,0.241,0.071
2023-24,Samantha Cogan,126,TOR,RW,28,239.35000000000002,2.072,1.8307938812742393,0.5194067265510758,0.45894143670964843,-0.007256189231495583,-0.007256189231495576,1.5040735324838101,0.7578833794737339,0.030315335178949354,0.032927563302287764,0.5523342898533635,0.857,0.207,1.064,0.189,0.046,0.235,0.059
2023-24,Becca Gilmore,55,OTT,F,22,260.51666666666665,2.072,2.1929719616168892,0.4772055530676221,0.5050667943075172,0.00619522120298553,0.006195221202985537,2.3031156036082145,1.3156180910277355,0.05262472364110942,0.050394444008034625,0.5275999970756567,0.749,0.301,1.05,0.165,0.066,0.231,0.053
2023-24,Abby Roque,42,NY,C,24,497.93333333333334,3.554,5.216643458464208,0.42825010041504885,0.6285954093744527,0.0007767082904739792,0.0007767082904739862,0.24099611728477707,-0.4817599469779391,-0.019270397879117565,-0.0195500128636882,0.40870008755136067,1.026,-0.005,1.021,0.227,-0.001,0.226,0.027
2023-24,Susanna Tapani,78,MIN,F,9,148.8,1.688,1.2657929030586832,0.6806451612903225,0.5104003641365658,0.08493886604339458,0.0849388660433946,1.6129032258064515,1.1834675968982045,0.04733870387592818,0.01676071210030613,0.6974058733906287,0.933,0.088,1.021,0.206,0.019,0.225,0.091
2023-24,Victoria Bach,125,TOR,LW,21,271.8166666666666,2.301,2.172801505788809,0.5079158746704274,0.479617721554952,0.013294672740550004,0.01329467274055001,0.6622110491139863,-0.08397910389609001,-0.0033591641558436,-0.008145246342441605,0.4997706283279858,0.921,0.049,0.97,0.203,0.011,0.214,0.047
2023-24,Lexie Adzija,49,OTT,F,17,266.68333333333334,2.3280000000000003,2.2148932668540815,0.5237672645459659,0.4983198400521651,-4.3511059943062216e-05,-4.3511059943055196e-05,0.2249859383788513,-0.7625115742016277,-0.03050046296806511,-0.03048479898648561,0.4932824655594803,0.974,-0.051,0.923,0.215,-0.011,0.204,0.046
2023-24,Megan Keller,12,BOS,LD,32,854.8999999999999,4.932000000000001,7.326293570359952,0.3461457480407067,0.5141860033004997,0.0002434577336882318,0.0002434577336882388,1.5440402386244008,0.08002978951628886,0.0032011915806515545,0.003113546796523789,0.3492592948372305,0.592,0.314,0.906,0.131,0.069,0.2,0.014
2023-24,Kayla Vespa,45,NY,LW,23,234.66666666666666,1.9699999999999998,2.4415480003968426,0.5036931818181818,0.6242594319196473,-0.0027358064537071486,-0.0027358064537071416,1.022727272727273,0.2999712084645567,0.01199884833858227,0.01298373866191684,0.5166769204800986,0.779,0.125,0.904,0.172,0.028,0.2,0.051
2023-24,Theresa Schafzahl,17,BOS,LW,28,421.21666666666664,2.9930000000000003,3.6531840557363697,0.42633640644165716,0.5203759981264959,0.0073087351661933,0.007308735166193307,0.2848890119890793,-0.2227201399243519,-0.008908805596974077,-0.011539950256803667,0.4147964561848535,0.855,0.052,0.907,0.189,0.011,0.2,0.028
2023-24,Catherine Dubois,157,MTL,LW,24,247.05,2.0709999999999997,2.2145879396893617,0.5029751062537947,0.5378477084855766,-0.0022005345556901645,-0.0022005345556901576,1.2143290831815423,0.015822500477506385,0.0006329000191002554,0.001425092459148712,0.5044001987129434,0.817,0.084,0.901,0.18,0.019,0.199,0.048
2023-24,Madison Packer,148,NY,D,23,170.83333333333334,1.6879999999999997,1.785338630169159,0.5928585365853657,0.6270457627911192,0.0010237660108276952,0.0010237660108277022,1.7560975609756095,0.07694019951821261,0.0030776079807285045,0.002709052216830532,0.5955675888021962,0.821,0.062,0.883,0.181,0.014,0.195,0.068
2023-24,Jill Saulnier,149,NY,LW,18,225.03333333333333,1.866,2.296966850750437,0.49752629240112584,0.6124337626056564,-0.014628787486427444,-0.014628787486427437,1.0665086653829061,0.3437526011201899,0.013750104044807596,0.019016467539921474,0.5165427599410473,0.724,0.142,0.866,0.16,0.031,0.191,0.051
2023-24,Gigi Marvin,109,BOS,C,32,382.35,2.7880000000000003,3.3369529014748918,0.4375049038838761,0.5236489449156362,0.010703586323584766,0.010703586323584773,0.15692428403295408,-0.3506848678804771,-0.014027394715219084,-0.0178806857917096,0.4196242180921665,0.847,0.007,0.854,0.187,0.002,0.189,0.03
2023-24,Mikyla Grant-Mentis,138,OTT,F,6,77.85000000000001,1.1509999999999998,0.6062012979529549,0.887090558766859,0.4672071660523736,-0.0271905041897635,-0.027190504189763494,1.541425818882466,0.5539283063019871,0.022157132252079485,0.031945713760394345,0.9190362725272534,0.756,0.066,0.822,0.167,0.015,0.182,0.14
2023-24,Alexandra Labelle,39,NY,C,24,254.35000000000002,1.7890000000000001,2.6410814081684575,0.4220169058384116,0.6230190072345485,-0.004867729290274639,-0.004867729290274632,1.6512679378808726,0.9285118736181563,0.037140474944726255,0.03889285748922512,0.4609097633276367,0.498,0.245,0.743,0.11,0.054,0.164,0.039
2023-24,Chloé Aurard-Bushee,33,NY,RW,21,251.69999999999996,2.047,2.6939232322270694,0.48796185935637676,0.6421747871816615,0.015007841115631068,0.015007841115631075,0.23837902264600722,-0.484377041616709,-0.01937508166466836,-0.024777904466295547,0.46318395489008124,0.769,-0.025,0.744,0.17,-0.006,0.164,0.039
2023-24,Lexie Adzija,49,BOS,C,15,194.51666666666665,1.637,1.6530395860877571,0.5049438779881759,0.5098913983305566,-0.0023178625387507068,-0.0023178625387507,0.30845685888098706,-0.19915229303244414,-0.007966091721297766,-0.007131661207347514,0.4978122167808283,0.65,0.038,0.688,0.144,0.008,0.152,0.047
2023-24,Amanda Pelkey,110,BOS,RW,31,372.7333333333334,2.403,3.2520366773529155,0.3868181005186907,0.5234900750523382,0.009991469009152773,0.00999146900915278,0.6438919692362725,0.13628281732284125,0.00545131269291365,0.0018543838496186491,0.38867248436830937,0.511,0.129,0.64,0.113,0.028,0.141,0.023
2023-24,Emma Woods,86,NY,LW,24,375.95000000000005,2.531,3.8896458423497613,0.4039366937092698,0.6207707156296999,-0.0073133667645075146,-0.007313366764507508,0.15959569091634523,-0.563160373346371,-0.022526414933854842,-0.01989360289863214,0.3840430908106377,0.622,-0.006,0.616,0.137,-0.001,0.136,0.022
2023-24,Gabrielle David,156,MTL,RW,26,360.65000000000003,2.3280000000000003,3.2352207297011266,0.38730070705670316,0.5382316478083117,-0.0030791835649941757,-0.0030791835649941687,1.1645639816997087,-0.03394260100432728,-0.0013577040401730911,-0.00024919795677519037,0.38705150909992797,0.497,0.112,0.609,0.11,0.025,0.135,0.022
2023-24,Jillian Dempsey,27,MTL,C,26,201.83333333333331,1.4580000000000002,1.9213953121726026,0.4334269199009084,0.5711827517606416,0.03037538890364086,0.030375388903640867,2.0809248554913298,0.8824182727872938,0.035296730911491755,0.024361590906181042,0.4577885108070895,0.433,0.146,0.579,0.096,0.032,0.128,0.038
2023-24,Clair DeGeorge,116,MIN,F,33,344.7666666666666,2.1750000000000003,2.43487196281312,0.37851687131393225,0.4237425827190967,-0.00501665157457247,-0.005016651574572463,0.5220922362950788,0.09265660738683185,0.003706264295473274,0.005512258862319361,0.3840291301762516,0.425,0.14,0.565,0.094,0.031,0.125,0.022
2023-24,Sophie Jaques,11,BOS,RD,6,105.68333333333335,0.767,0.9266106725426108,0.4354518214792619,0.5260681944730166,0.01310042644632121,0.013100426446321216,5.6773379593124105,4.213327510204298,0.16853310040817193,0.1638169468874963,0.5992687683667582,0.23,0.322,0.552,0.051,0.071,0.122,0.069
2023-24,Kaitlin Willoughby,128,TOR,LW,27,184.66666666666663,1.2790000000000001,1.4257113854091763,0.41555956678700373,0.4632275259452198,-0.004103593777984929,-0.004103593777984922,1.2996389891696754,0.5534488361595991,0.022137953446383963,0.023615247206458533,0.43917481399346225,0.342,0.131,0.473,0.076,0.029,0.105,0.034
2023-24,Ann-Sophie Bettez,80,MTL,LW,15,217.53333333333333,1.6369999999999998,2.149835259096634,0.45151700888752677,0.5929671263214743,0.052357217139950535,0.05235721713995054,0.5516395954642966,-0.6468669872397392,-0.02587467948958957,-0.044723277659971764,0.406793731227555,0.533,-0.094,0.439,0.118,-0.021,0.097,0.027
2023-24,Kennedy Marchment,29,MTL,RW,9,97.71666666666667,1.0230000000000001,1.0537739845101148,0.628142589118199,0.6470384349712457,0.108356397456113,0.10835639745611302,0.0,-1.198506582704036,-0.04794026330816144,-0.08694856639236212,0.5411940227258368,0.527,-0.111,0.416,0.116,-0.025,0.091,0.056
2023-24,Micah Zandee-Hart,47,NY,LD,18,397.5166666666667,2.0180000000000002,4.025010802382412,0.30459100247369086,0.6075233276833961,-0.021645114875748675,-0.021645114875748668,2.5659301496792586,0.8867727882218617,0.035470911528874466,0.043263152884143986,0.34785415535783487,0.0,0.412,0.412,0.0,0.091,0.091,0.014
2023-24,Amanda Boulier,51,MTL,RD,9,214.0,0.8929999999999999,1.7214887145598978,0.2503738317757009,0.4826603872597845,-0.060145003638121114,-0.06014500363812111,5.327102803738318,3.172194923839601,0.12688779695358404,0.14853999826330763,0.3989138300390085,-0.193,0.597,0.404,-0.043,0.132,0.089,0.025
2023-24,Tereza Vanišová,161,OTT,LW,6,78.46666666666667,0.6649999999999999,0.6368222323176905,0.5084961767204756,0.4869498802769086,-0.011580155057809254,-0.011580155057809247,2.293967714528462,1.306470201947983,0.05225880807791932,0.05642766389873065,0.5649238406192063,0.267,0.099,0.366,0.059,0.022,0.081,0.062
2023-24,Brooke Bryant,91,MIN,F,25,172.81666666666666,1.049,1.328770051742874,0.3642009837014177,0.46133399423997945,0.03241850175272716,0.03241850175272717,1.7359436782717717,1.3065080493635246,0.05226032197454099,0.04058966134355921,0.40479064504497686,0.172,0.171,0.343,0.038,0.038,0.076,0.026
2023-24,Akane Shiga,141,OTT,F,23,240.53333333333333,1.5600000000000003,2.000341034235319,0.3891352549889136,0.49897642206535125,-0.0008564400670482853,-0.0008564400670482783,0.4988913525498891,-0.4886061600305899,-0.019544246401223594,-0.019235927977086214,0.3698993270118274,0.339,-0.001,0.338,0.075,-0.0,0.075,0.019
2023-24,Alexa Vasko,101,TOR,C,29,253.25,1.2269999999999999,1.9841987909278707,0.2907008884501481,0.47009645589604043,0.0014025012541659526,0.0014025012541659596,2.3692003948667324,1.623010241856656,0.06492040967426624,0.0644155092227665,0.3551163976729146,-0.059,0.352,0.293,-0.013,0.078,0.065,0.015
2023-24,Claire Butorac,102,MIN,F,30,318.3166666666667,1.764,2.1222919148378683,0.33249908372166076,0.40003407997362816,-0.02922743937259846,-0.029227439372598453,0.37698308811979675,-0.05245254078845024,-0.0020981016315380096,0.008423776542597433,0.3409228602642582,0.148,0.145,0.293,0.033,0.032,0.065,0.012
2023-24,Ashton Bell,50,OTT,D,24,534.7166666666667,2.76,4.465376214065454,0.309696724121809,0.501055212125912,0.00035527687376145194,0.00035527687376145893,2.131970202287816,0.18807139251265653,0.007522855700506262,0.0073949560259521365,0.3170916801477611,0.046,0.234,0.28,0.01,0.052,0.062,0.007
2023-24,Erin Ambrose,83,MTL,RD,27,741.8166666666666,3.754,6.654870396777519,0.3036329731065628,0.5382626756026662,-0.003961390724845942,-0.003961390724845935,2.1838279898447506,0.028920109946033945,0.0011568043978413577,0.0025829050587858945,0.3062158781653487,-0.012,0.266,0.254,-0.003,0.059,0.056,0.005
2023-24,Kelly Babstock,175,BOS,F,11,63.016666666666666,0.562,0.5847689789676945,0.5350965353081196,0.5567755419951601,0.044895397970862456,0.04489539797086246,0.0,-0.5076091519134311,-0.020304366076537246,-0.03646670934604773,0.4986298259620719,0.242,-0.018,0.224,0.053,-0.004,0.049,0.047
2023-24,Rosalie Demers,136,OTT,RW,13,75.03333333333333,0.537,0.6588105236338296,0.4294091514882275,0.5268142792274071,0.027421007463824906,0.027421007463824913,1.5992892047978677,0.6117916922173887,0.024471667688695548,0.014600105001718579,0.4440092564899461,0.156,0.042,0.198,0.034,0.009,0.043,0.034
2023-24,Maggie Flaherty,79,MIN,D,34,597.3666666666666,3.2200000000000006,4.355658779503862,0.32341945203950684,0.43748595519820066,0.008125331494392166,0.008125331494392173,1.0044082361475366,-0.3814286899553911,-0.015257147598215644,-0.018182266936196827,0.30523718510331,0.187,0.007,0.194,0.041,0.002,0.043,0.004
2023-24,Maude Poulin-Labelle,165,TOR,LD,10,65.73333333333333,0.5630000000000001,0.5147123226498864,0.5138945233265722,0.46981855008610324,0.003560758338839773,0.00356075833883978,0.0,-1.702591450204757,-0.06810365800819028,-0.0693855310101726,0.44450899231639956,0.229,-0.055,0.174,0.051,-0.012,0.039,0.036
2023-24,Sydney Brodt,92,MIN,RW,13,109.10000000000001,0.7160000000000001,0.7507567412486198,0.3937671860678277,0.4128818008700017,-0.015710975939541003,-0.015710975939540996,0.0,-0.429435628908247,-0.01717742515632988,-0.01152147381809512,0.3822457122497326,0.162,0.013,0.175,0.036,0.003,0.039,0.021
2023-24,Savannah Norcross,147,NY,RW,20,148.20000000000002,0.921,1.5644830372650516,0.3728744939271255,0.6333939422125714,0.004970815299571371,0.004970815299571378,0.0,-0.7227560642627162,-0.02891024257050865,-0.030699736078354346,0.34217475784877116,0.169,-0.029,0.14,0.037,-0.006,0.031,0.013
2023-24,Emma Greco,118,MIN,D,32,444.83333333333337,1.9919999999999993,3.1211541466753543,0.268684900711877,0.4209874457861099,-0.008970606617093965,-0.008970606617093958,2.1581116523042336,0.7722747262013059,0.030890989048052236,0.034120407430206064,0.30280530814208306,-0.266,0.393,0.127,-0.059,0.087,0.028,0.004
2023-24,Amanda Boulier,51,OTT,D,17,289.9,1.0979999999999999,2.4199976509716006,0.22725077612969988,0.5008618801596966,-0.0007379542290068142,-0.0007379542290068072,3.932390479475682,1.9884916697005222,0.0795396667880209,0.07980533031046334,0.30705610644016323,-0.374,0.477,0.103,-0.083,0.105,0.022,0.005
2023-24,Kristin Della Rovere,54,OTT,F,8,70.80000000000001,0.43399999999999994,0.5495708302698725,0.3677966101694914,0.46573799175412917,-0.034327782104266305,-0.0343277821042663,0.0,-0.987497512580479,-0.03949990050321916,-0.027141898945683293,0.3406547112238081,0.075,-0.01,0.065,0.017,-0.002,0.015,0.013
2023-24,Shiann Darkangelo,4,OTT,C,7,64.01666666666667,0.409,0.5220440720026241,0.3833376724811247,0.489288898518471,-0.01060724434051265,-0.010607244340512642,0.0,-0.987497512580479,-0.03949990050321916,-0.03568129254063461,0.3476563799404901,0.084,-0.018,0.066,0.019,-0.004,0.015,0.014
2023-24,Taylor Wenczkowski,111,BOS,LW,24,135.28333333333333,0.6910000000000001,1.1383308322189474,0.3064679068621412,0.5048652206465702,-0.009510409333562444,-0.009510409333562437,0.443513613403967,-0.0640955385094642,-0.0025638215403785683,0.000859925819703909,0.3073278326818451,0.004,0.045,0.049,0.001,0.01,0.011,0.005
2023-24,Nicole Kosta,14,BOS,RW,12,89.61666666666667,0.46,0.7662104190312017,0.3079784266319509,0.5129919115700811,-0.0013672310571895472,-0.0013672310571895402,0.6695183187651106,0.1619091668516794,0.006476366674067175,0.00696856985465541,0.3149469964866063,0.005,0.039,0.044,0.001,0.009,0.01,0.007
2023-24,Emma Buckles,3,OTT,LD,13,63.08333333333333,0.307,0.5515253410767124,0.29199471598414795,0.524568356109951,0.023675203092388228,0.023675203092388235,2.8533685601056806,0.9094697503305209,0.036378790013220835,0.027855716899961074,0.319850432884109,-0.013,0.049,0.036,-0.003,0.011,0.008,0.008
2023-24,Olivia Zafuto,46,NY,LD,11,87.35000000000001,0.511,0.9610277549255287,0.3510017172295363,0.6601220984033396,0.03146022970443567,0.031460229704435676,0.68689181453921,-0.9922655469181869,-0.03969062187672748,-0.05101630457032432,0.299985412659212,0.068,-0.047,0.021,0.015,-0.01,0.005,0.003
2023-24,Madison Bizal,162,MTL,LD,24,237.48333333333335,0.792,2.0505915312888385,0.200098252508948,0.5180805328542226,-0.025273616975731078,-0.02527361697573107,4.042388939574707,1.88748105967599,0.0754992423870396,0.08459774449830279,0.2846959970072508,-0.414,0.41,-0.004,-0.091,0.091,0.0,0.0
2023-24,Jincy Roese,60,OTT,D,24,496.0,2.223,4.123337325979663,0.2689112903225806,0.498790805562056,-0.0023543034985559364,-0.0023543034985559295,2.2983870967741935,0.35448828699903384,0.014179531479961354,0.015027080739441489,0.2839383710620221,-0.295,0.281,-0.014,-0.065,0.062,-0.003,-0.0
2023-24,Savannah Harmon,56,OTT,D,24,616.0,3.4230000000000005,5.099287116429608,0.333409090909091,0.49668381004184486,-0.0037573042625552323,-0.0037573042625552253,0.6818181818181819,-1.2620806279569778,-0.050483225118279115,-0.049130595583759235,0.2842784953253318,0.296,-0.31,-0.014,0.065,-0.068,-0.003,-0.0
2023-24,Renata Fast,67,TOR,RD,29,814.6,4.036,6.33519131116508,0.2972747360667812,0.4666234700097039,-0.0019987309567248285,-0.0019987309567248215,1.1784925116621654,-0.5240989385425916,-0.020963957541703663,-0.020244414397282726,0.2770303216694984,-0.099,-0.018,-0.117,-0.022,-0.004,-0.026,-0.002
2023-24,Dominique Kremer,119,MIN,D,12,63.483333333333334,0.051,0.4693361748554299,0.04820162772381202,0.4435836779941054,0.011219046349368558,0.011219046349368565,1.8902599107377263,0.5044229846347985,0.020176919385391942,0.01613806269961926,0.06433969042343128,-0.271,0.037,-0.234,-0.06,0.008,-0.052,-0.049
2023-24,Jessica DiGirolamo,5,BOS,LD,32,679.7499999999999,2.6830000000000003,5.823141355924635,0.23682236116219207,0.5139955591842268,-0.001140253290819285,-0.001140253290819278,2.118425891872012,0.6544154427639002,0.02617661771055601,0.026587108895250948,0.26340947005744303,-0.768,0.515,-0.253,-0.17,0.114,-0.056,-0.005
2023-24,Abby Cook,117,MIN,D,9,105.23333333333333,0.281,0.9028374902397881,0.16021539436173585,0.5147632190154002,0.08362121982664723,0.08362121982664725,0.5701615457713018,-0.8156753803316259,-0.03262701521326504,-0.06273065435085805,0.0974847400108778,-0.253,-0.077,-0.33,-0.056,-0.017,-0.073,-0.042
2023-24,Zoe Boyd,52,OTT,D,16,238.44999999999996,0.792,1.9007812918314924,0.19928706227720702,0.47828424202092495,-0.02362081685198332,-0.023620816851983313,1.7613755504298598,-0.18252325934529984,-0.007300930373811993,0.001202563692901999,0.20048962597010903,-0.418,0.08,-0.338,-0.092,0.018,-0.074,-0.019
2023-24,Jess Healey,10,BOS,D,29,279.6833333333334,1.098,2.3819068207156615,0.23555211250819375,0.5109865058444896,-0.004163171419485238,-0.004163171419485231,0.6435850068529884,-0.8204254422551234,-0.03281701769020494,-0.031318275979190256,0.20423383652900348,-0.322,-0.058,-0.38,-0.071,-0.013,-0.084,-0.018
2023-24,Dominika Lásková,82,MTL,RD,7,126.70000000000002,0.45999999999999996,1.386253478412399,0.2178374112075769,0.6564736282931644,0.11331310172772321,0.11331310172772323,0.0,-2.1549078798987167,-0.08619631519594867,-0.12698903181792903,0.09084837938964788,-0.183,-0.228,-0.411,-0.04,-0.05,-0.09,-0.043
2023-24,Brigitte Laganière,164,MTL,LD,20,140.95,0.33199999999999996,1.2541785908388257,0.1413267115998581,0.5338823373560095,-0.010113304993661948,-0.010113304993661941,1.2770485987938986,-0.877859281104818,-0.03511437124419272,-0.03147358144647442,0.10985313015338369,-0.384,-0.03,-0.414,-0.085,-0.007,-0.092,-0.039
2023-24,Natalie Buchbinder,90,MIN,D,34,710.4999999999998,3.0140000000000007,5.088434623609001,0.2545249824067559,0.42970594991772015,-0.0004066582710228611,-0.0004066582710228541,1.0133708655876146,-0.3724660605153131,-0.014898642420612524,-0.014752245443044296,0.23977273696371162,-0.593,0.049,-0.544,-0.131,0.011,-0.12,-0.01
2023-24,Taylor Baker,150,NY,RD,22,326.0833333333333,0.8689999999999999,3.4949576424750646,0.15989777664196267,0.6430793515415402,0.012331579589476102,0.012331579589476109,2.39202657807309,0.7128692166156929,0.028514768664627717,0.024075400012416318,0.18397317665437898,-0.786,0.234,-0.552,-0.174,0.052,-0.122,-0.022
2023-24,Brooke Hobson,38,NY,LD,24,471.90000000000003,1.662,4.918855106975134,0.2113159567705022,0.6254106938302776,-0.004775847678960846,-0.004775847678960839,1.652892561983471,-0.02626479947392603,-0.001050591978957041,0.0006687131854688608,0.21198466995597104,-0.734,0.154,-0.58,-0.162,0.034,-0.128,-0.016
2023-24,Johanna Fällman,152,NY,RD,20,233.7666666666667,0.511,2.489162741780819,0.13115642378440037,0.6388839206053719,0.007822436224137183,0.00782243622413719,1.0266647654356194,-0.6524925960217776,-0.026099703840871104,-0.028915780881560493,0.10224064290283988,-0.676,-0.039,-0.715,-0.149,-0.009,-0.158,-0.041
2023-24,Leah Lum,159,MTL,LD,25,234.88333333333335,0.766,2.2142518124709754,0.19567161001915842,0.5656216933864693,0.02221922666706974,0.02221922666706975,0.0,-2.1549078798987167,-0.08619631519594867,-0.09419523679609378,0.10147637322306464,-0.426,-0.295,-0.721,-0.094,-0.065,-0.159,-0.041
2023-24,Jocelyne Larocque,71,TOR,LD,28,786.3999999999999,3.2190000000000003,6.13126883804946,0.24560020345879965,0.4677977241645062,-0.0013885053370804173,-0.0013885053370804104,1.2207527975584946,-0.48183865264626236,-0.019273546105850494,-0.018773684184501545,0.22682651927429812,-0.773,0.002,-0.771,-0.171,0.0,-0.171,-0.013
2023-24,Olivia Knowles,131,TOR,RD,25,250.6166666666666,0.485,1.9725165988992819,0.11611358648666625,0.47223912722201355,0.001639548760942175,0.0016395487609421819,0.9576378266941548,-0.7449536235106022,-0.02979814494042409,-0.030388382494363278,0.08572520399230298,-0.787,-0.048,-0.835,-0.174,-0.011,-0.185,-0.044
2023-24,Kali Flanagan,68,TOR,RD,29,619.1166666666666,2.1959999999999997,4.79698298274872,0.2128193393813767,0.4648864979108782,-0.004657535363933998,-0.004657535363933991,1.162947209734299,-0.539644240470458,-0.02158576961881832,-0.019909056887802083,0.19291028249357461,-0.947,-0.01,-0.957,-0.209,-0.002,-0.211,-0.02
2023-24,Aneta Tejralová,62,OTT,D,23,522.2833333333333,1.251,4.331683166940853,0.14371509716948017,0.49762451418409775,-0.004887113776011436,-0.004887113776011429,2.642243992724256,0.6983451829490961,0.027933807317963844,0.029693168277327958,0.17340826544680812,-1.4,0.423,-0.977,-0.309,0.093,-0.216,-0.025
2023-24,Lauriane Rougeau,133,TOR,LD,29,344.36666666666673,0.689,2.710233451204387,0.12004646210434611,0.47221181029599224,0.0016551592492900363,0.0016551592492900433,1.568096021682315,-0.13449542852244203,-0.005379817140897682,-0.005975674470642098,0.11407078763370401,-1.059,0.074,-0.985,-0.234,0.016,-0.218,-0.038
2023-24,Mariah Keopple,99,MTL,LD,27,578.05,1.5320000000000003,5.244101887524095,0.15901738603927001,0.5443233513561901,0.0005208030643926997,0.0005208030643927068,2.698728483695182,0.5438206037964655,0.02175282415185862,0.021565335048677244,0.18058272108794726,-1.402,0.39,-1.012,-0.31,0.086,-0.224,-0.023
2023-24,Allie Munroe,74,TOR,LD,29,556.4,1.354,4.277565885095824,0.1460100647016535,0.46127597610666693,-0.008997281709341234,-0.008997281709341227,2.372393961179008,0.6698025109742511,0.026792100438970047,0.03003112185433289,0.17604118655598638,-1.471,0.454,-1.017,-0.325,0.1,-0.225,-0.024
2023-24,Catherine Daoust,163,MTL,RD,27,418.8000000000001,1.098,3.778317237790996,0.15730659025787963,0.5413061945259304,-0.002515027135316733,-0.002515027135316726,1.57593123209169,-0.5789766478070266,-0.023159065912281066,-0.022253656143567044,0.13505293411431257,-1.028,-0.023,-1.051,-0.227,-0.005,-0.232,-0.033
2023-24,Emily Brown,2,BOS,LD,32,689.3500000000001,1.7880000000000003,5.94320246135175,0.15562486400232103,0.5172875138624863,0.001265429116164737,0.001265429116164744,1.5666932617683322,0.10268281266022034,0.0041073125064088134,0.0036517580245895055,0.15927662202691054,-1.711,0.259,-1.452,-0.378,0.057,-0.321,-0.028
2023-24,Lee Stecklein,24,MIN,D,34,923.4166666666666,3.065,6.615012100539789,0.19915170111000813,0.42981758978329104,-0.0008994188549660137,-0.0008994188549660067,0.9096651926721415,-0.47617173343078617,-0.01904686933723145,-0.018723078549443686,0.18042862256056444,-1.623,0.003,-1.62,-0.358,0.001,-0.357,-0.023
2023-24,Mellissa Channell-Watkins,129,MIN,D,34,605.2666666666667,1.327,4.325865218979215,0.13154532437493116,0.4288224140413364,-0.0026325195226572923,-0.0026325195226572853,1.1895583214010355,-0.19627860470189223,-0.00785114418807569,-0.006903437159919067,0.1246418872150121,-1.746,0.121,-1.625,-0.385,0.027,-0.358,-0.035
2023-24,Kaleigh Fratkin,7,BOS,RD,32,619.8166666666666,1.301,5.2705713161576195,0.1259404662669069,0.5102061560721566,-0.006139934456641342,-0.006139934456641335,0.7744225443007342,-0.6895879048073776,-0.027583516192295106,-0.025373139787904224,0.10056732647900266,-1.846,-0.067,-1.913,-0.408,-0.015,-0.423,-0.041
2024-25,Laura Stacey,32,MTL,RW,31,640.4000000000001,12.145000000000003,5.242994506417055,1.1378825733916302,0.4912237201515041,-0.0005492769639480737,-0.0005492769639480768,1.2179887570268582,-0.9683402834177162,-0.03873361133670865,-0.03853587162968734,1.099346701761943,8.98,-0.2,8.78,1.836,-0.041,1.795,0.168
2024-25,Tereza Vanišová,161,OTT,LW,38,682.5000000000002,12.280000000000005,5.808006639404891,1.0795604395604395,0.5105939902773529,-0.002771136582246524,-0.002771136582246527,0.26373626373626363,-0.9260545073533754,-0.037042180294135016,-0.03604457112452627,1.0435158684359132,8.907,-0.185,8.722,1.821,-0.038,1.783,0.157
2024-25,Marie-Philip Poulin,31,MTL,C,34,706.5333333333334,11.38,5.791011549946815,0.9664087563691262,0.49178244904247337,-0.0004320130444103159,-0.000432013044410319,2.4627288167578785,0.27639977631330415,0.011055991052532166,0.01121151574851988,0.977620272117646,7.888,0.365,8.253,1.612,0.075,1.687,0.143
2024-25,Kendall Coyne Schofield,20,MIN,LW,38,712.9499999999999,11.538000000000006,5.070184112637796,0.9710077845571223,0.4266933820860759,0.0027500293710873286,0.0027500293710873256,0.8415737428992217,-0.272131649962158,-0.01088526599848632,-0.011875276572077757,0.9591325079850446,8.014,0.094,8.108,1.638,0.019,1.657,0.139
2024-25,Daryl Watts,63,TOR,LW,34,623.6666666666666,10.845000000000004,4.957661232493037,1.0433458043826835,0.4769529780057439,-0.0010118356382309256,-0.0010118356382309286,1.1544628540887227,-0.6120138120575039,-0.024480552482300157,-0.024116291652537022,1.0192295127301465,7.763,-0.045,7.718,1.587,-0.009,1.578,0.152
2024-25,Hilary Knight,13,BOS,RW,30,666.4333333333333,10.358000000000002,6.047701866340607,0.9325463912369333,0.5444837372787023,0.0012743549609782606,0.0012743549609782576,1.9806932426349222,0.48468429933220697,0.01938737197328828,0.018928604187336107,0.9514749954242694,7.064,0.43,7.494,1.444,0.088,1.532,0.138
2024-25,Sarah Fillier,205,NY,RW,30,590.4333333333334,9.359,5.282194382582456,0.9510641901428329,0.5367780663156112,0.00023146878942863908,0.00023146878942863601,1.9307852989329868,0.47685601129333655,0.019074240451733462,0.018990911687539153,0.9700551018303721,6.441,0.382,6.823,1.317,0.078,1.395,0.142
2024-25,Emily Clark,53,OTT,RW,38,778.9833333333335,9.998000000000005,6.578911523758961,0.7700806606902162,0.5067305994037583,-0.007431293306802743,-0.007431293306802747,1.6174928860266584,0.4277021149370194,0.017108084597480776,0.019783350187929764,0.789864010878146,6.148,0.514,6.662,1.257,0.105,1.362,0.105
2024-25,Jesse Compher,65,TOR,RW,34,581.9666666666667,7.495,4.6167154666810895,0.7727246692250415,0.47597730912572084,-0.0026842275152433835,-0.0026842275152433866,2.5774672088893977,0.8109905427431711,0.03243962170972684,0.03340594361521446,0.8061306128402559,4.619,0.516,5.135,0.944,0.105,1.049,0.108
2024-25,Sarah Nurse,75,TOR,C,25,454.90000000000015,7.034000000000001,3.692874653042395,0.9277643438118266,0.48707953216650607,0.00881715025773772,0.008817150257737716,2.3741481644317424,0.6076714982855157,0.024306859931420628,0.021132685838635052,0.9488970296504616,4.786,0.31,5.096,0.978,0.063,1.041,0.137
2024-25,Blayre Turnbull,76,TOR,C,34,619.5833333333331,8.108,4.960108892368217,0.7851728312037662,0.48033334263686844,0.0017038541975932277,0.0017038541975932246,1.3557498318762613,-0.41072683426996537,-0.016429073370798616,-0.01704246088193218,0.7681303703218341,5.046,0.029,5.075,1.031,0.006,1.037,0.1
2024-25,Brianne Jenner,58,OTT,RW,36,687.4166666666666,8.490000000000004,5.88980667372617,0.7410352770032735,0.5140818044711896,-0.00015486653323719575,-0.0001548665332371988,0.26184992120257006,-0.927940849887069,-0.03711763399548276,-0.037061882043517375,0.7039733949597562,5.092,-0.198,4.894,1.041,-0.04,1.001,0.087
2024-25,Jessie Eldridge,36,NY,LW,30,561.45,7.392000000000001,5.027422680695015,0.7899545818861876,0.5372613070472898,0.0002999275454016945,0.0002999275454016914,1.3892599519102324,-0.0646693357294178,-0.002586773429176712,-0.002694747345521321,0.7872598345406663,4.617,0.16,4.777,0.944,0.033,0.977,0.104
2024-25,Taylor Heise,21,MIN,C,37,688.8333333333333,7.9030000000000005,4.879892510013579,0.6883813210742803,0.4250571748378632,0.0003861910139754815,0.0003861910139754784,1.1323493830147595,0.018643990153379808,0.0007457596061351923,0.0006067308411040201,0.6889880519153844,4.498,0.234,4.732,0.919,0.048,0.967,0.084
2024-25,Abby Roque,42,NY,C,30,658.8333333333334,7.8530000000000015,5.900829258249129,0.7151732861118139,0.537388953445405,0.00023504704246640057,0.0002350470424663975,0.8196306602580319,-0.6342986273816184,-0.025371945095264734,-0.025456562030552635,0.6897167240812612,4.597,-0.062,4.535,0.94,-0.013,0.927,0.084
2024-25,Britta Curl-Salemme,189,MIN,LW,35,604.4,6.726000000000003,4.220798486304526,0.667703507610854,0.41900712967946985,-0.005717089854034671,-0.005717089854034674,2.481800132362674,1.3680947395012941,0.054723789580051765,0.05678194192750425,0.7244854495383583,3.739,0.772,4.511,0.764,0.158,0.922,0.092
2024-25,Grace Zumwinkle,25,MIN,RW,30,556.0833333333335,6.623000000000001,3.827919040810238,0.7146051251311254,0.4130228846670719,-0.01158058511234071,-0.011580585112340714,0.9710774763974223,-0.14262791646395745,-0.005705116658558298,-0.0015361060181156407,0.7130690191130098,3.875,0.169,4.044,0.792,0.035,0.827,0.089
2024-25,Julia Gosling,210,TOR,LW,34,421.90000000000003,5.858000000000001,3.397476347377143,0.833088409575729,0.4831680038934074,0.0046618756837252286,0.004661875683725225,1.706565536857075,-0.059911129289151745,-0.00239644517156607,-0.0040747204177071505,0.8290136891580219,3.773,0.111,3.884,0.771,0.023,0.794,0.113
2024-25,Shiann Darkangelo,4,OTT,C,37,630.1,6.622999999999999,5.351045617311231,0.630661799714331,0.5095425123610123,-0.004978318784269952,-0.004978318784269955,1.428344707189335,0.23855393609969588,0.009542157443987835,0.011334352206325018,0.6419961519206561,3.509,0.327,3.836,0.717,0.067,0.784,0.075
2024-25,Denisa Křížová,104,MIN,LW,38,576.3333333333334,6.396000000000002,4.104360973082869,0.6658646616541355,0.4272903268680835,0.002561373165293826,0.002561373165293823,1.3533834586466165,0.23967806578523676,0.00958712263140947,0.008665028291903694,0.6745296899460392,3.547,0.274,3.821,0.725,0.056,0.781,0.081
2024-25,Hayley Scamurra,61,TOR,RW,23,318.01666666666665,5.117000000000003,2.3907043932712826,0.9654210995230864,0.4510526605406749,-0.02711277281423879,-0.027112772814238795,2.075362926471359,0.3088862603251322,0.012355450413005288,0.022116048626131254,0.9875371481492177,3.545,0.222,3.767,0.725,0.045,0.77,0.145
2024-25,Kelly Pannek,23,MIN,C,38,717.5499999999998,6.805000000000001,5.08095701401729,0.5690195805170374,0.4248587845321406,-0.00011950001147274791,-0.00011950001147275098,1.5887394606647625,0.47503406780338275,0.01900136271213531,0.0190443827162655,0.5880639632333029,3.259,0.465,3.724,0.666,0.095,0.761,0.064
2024-25,Sophie Jaques,11,MIN,RD,33,791.6499999999999,7.641000000000001,5.488519834545373,0.5791195604117982,0.415980787055798,-0.008971494757992679,-0.008971494757992683,2.046358870713068,-0.5973934558844723,-0.023895738235378893,-0.020666000122501527,0.5584535602892967,3.728,-0.011,3.717,0.762,-0.002,0.76,0.058
2024-25,Michela Cava,115,MIN,RW,38,644.8000000000001,6.727000000000001,4.583355548790747,0.6259615384615385,0.42649090094206704,0.0016592153385934921,0.001659215338593489,0.9305210918114143,-0.18318430104996541,-0.007327372041998617,-0.007924689563892274,0.6180368488976462,3.54,0.128,3.668,0.724,0.026,0.75,0.07
2024-25,Hannah Miller,89,TOR,C,33,582.1333333333334,6.446000000000003,4.719540580916848,0.6643838754008248,0.4864391345425061,0.007498670970999436,0.007498670970999433,1.03069170865781,-0.7357849574884167,-0.029431398299536667,-0.03213091984909646,0.6322529555517283,3.569,-0.119,3.45,0.73,-0.024,0.706,0.073
2024-25,Alex Carpenter,34,NY,C,26,519.45,5.7040000000000015,4.76419236540485,0.6588507074790645,0.5502965481264626,0.012997637395756483,0.012997637395756479,1.8481085763788623,0.39417928873921204,0.01576717154956848,0.01108802208709615,0.6699387295661606,3.137,0.268,3.405,0.641,0.055,0.696,0.08
2024-25,Lina Ljungblom,201,MTL,LW,33,452.63333333333327,5.296000000000002,3.6855044439913063,0.7020251859488921,0.4885417187704803,-0.004353407498196403,-0.004353407498196406,2.651152514912733,0.46482347446815875,0.01859293897872635,0.020160165678077057,0.7221853516269692,3.059,0.302,3.361,0.625,0.062,0.687,0.091
2024-25,Shay Maloney,183,BOS,RW,30,396.29999999999995,5.1160000000000005,3.6387948720827112,0.7745647236941713,0.5509151963789116,0.007299085071540631,0.007299085071540628,1.8168054504163516,0.32079650711363633,0.012831860284545454,0.010204189658790828,0.7847689133529621,3.157,0.198,3.355,0.645,0.04,0.685,0.104
2024-25,Brooke McQuigge,192,MIN,LW,37,529.9333333333333,5.552000000000001,3.712133482021857,0.6286073719964778,0.4202943934859317,-0.004530480332243111,-0.004530480332243115,1.132217889042647,0.01851249618126738,0.0007404998472506952,0.0023714727668582166,0.630978844763336,2.933,0.196,3.129,0.6,0.04,0.64,0.072
2024-25,Catherine Dubois,157,MTL,LW,28,304.3833333333333,4.425000000000001,2.4662669069338765,0.872255379729508,0.48615018698800616,-0.006306676058103531,-0.006306676058103535,0.7884794393035098,-1.3978496011410644,-0.05591398404564257,-0.0536435806647253,0.8186117990647827,2.921,-0.172,2.749,0.597,-0.035,0.562,0.111
2024-25,Mikyla Grant-Mentis,138,MTL,LW,34,436.01666666666665,4.553000000000001,3.636308330429165,0.62653568288674,0.5003902752014447,0.007300798728804627,0.007300798728804623,2.889797790604335,0.7034687501597607,0.02813875000639043,0.025510462464020767,0.6520461453507608,2.398,0.329,2.727,0.49,0.067,0.557,0.077
2024-25,Gabbie Hughes,57,OTT,C,37,730.3833333333333,5.857000000000002,6.1419645143042905,0.4811446044314631,0.5045540527005327,-0.010351715372673808,-0.010351715372673811,1.3143782945028866,0.12458752341324753,0.0049835009365299015,0.008710118470692474,0.4898547229021556,2.247,0.347,2.594,0.459,0.071,0.53,0.044
2024-25,Jade Downie-Landry,35,NY,C,30,327.46666666666664,4.117,2.9248224865726034,0.7543363192182411,0.5358998855690846,-0.0011531943193941532,-0.0011531943193941563,1.2825732899022804,-0.17135599773736987,-0.006854239909494795,-0.006439089954512899,0.7478972292637281,2.498,0.073,2.571,0.511,0.015,0.526,0.096
2024-25,Danielle Serdachny,224,OTT,C,38,566.9500000000002,4.960000000000002,5.024881967770675,0.5249140135814446,0.5317804357813571,0.01698735348896248,0.016987353488962475,1.4816121351089158,0.2918213640192767,0.011672854560771068,0.005557407304744578,0.5304714208861893,2.158,0.24,2.398,0.441,0.049,0.49,0.052
2024-25,Jenn Gardiner,198,MTL,LW,34,615.7999999999998,5.652000000000002,5.051040147290628,0.5506982786619036,0.49214421701435174,-0.0011405053452168117,-0.0011405053452168148,1.0717765508281913,-1.114552489616383,-0.04458209958465532,-0.04417151766037727,0.5065267610015263,2.608,-0.25,2.358,0.533,-0.051,0.482,0.047
2024-25,Natalie Spooner,100,TOR,RW,18,314.8,3.7350000000000003,2.3141834313507736,0.7118805590851335,0.4410768928876951,-0.03774128891234413,-0.03774128891234413,1.7153748411689962,-0.05110182497723046,-0.0020440729990892186,0.011542791009354667,0.7234233500944881,2.179,0.165,2.344,0.445,0.034,0.479,0.091
2024-25,Renata Fast,67,TOR,RD,34,843.8833333333332,6.109000000000001,6.751918283402736,0.4343491398890053,0.4800605498439724,0.0005278542938210763,0.0005278542938210733,3.48389390318567,0.18737030330328266,0.007494812132131307,0.00730478458635572,0.441653924475361,1.938,0.381,2.319,0.396,0.078,0.474,0.034
2024-25,Abby Boreen,114,MTL,RW,34,528.4166666666666,4.987000000000002,4.337322366159278,0.5662576880618202,0.492488898223416,-0.0007557659258350374,-0.0007557659258350404,1.476107869421227,-0.7102211710233473,-0.02840884684093389,-0.028136771107633275,0.538120916954187,2.375,-0.073,2.302,0.485,-0.015,0.47,0.053
2024-25,Rebecca Leslie,72,OTT,RW,35,428.1,4.322000000000001,3.675909061526727,0.6057463209530485,0.5151939819939352,0.000609005130603647,0.0006090051306036439,0.9810791871058163,-0.20871158398382272,-0.008348463359352909,-0.008567705206370221,0.5971786157466783,2.206,0.08,2.286,0.451,0.016,0.467,0.065
2024-25,Alina Müller,15,BOS,C,26,461.53333333333336,4.526000000000001,4.249764966314804,0.5883865376281959,0.5524755842385272,0.008380151078875894,0.00838015107887589,1.170013000144446,-0.32599594315826924,-0.01303983772633077,-0.01605669211472609,0.5723298455134699,2.245,0.029,2.274,0.459,0.006,0.465,0.06
2024-25,Susanna Tapani,78,BOS,C,30,647.8999999999997,5.243,5.843938425336618,0.4855378916499462,0.5411889265630455,-0.003171293812210832,-0.003171293812210835,1.4817101404537742,-0.014298802848940972,-0.0005719521139576389,0.0005697136584382616,0.4861076053083845,2.041,0.22,2.261,0.417,0.045,0.462,0.043
2024-25,Paetyn Levis,40,NY,RW,30,428.2499999999999,4.245,3.827776187325386,0.5947460595446586,0.5362908843888459,-0.0011730658625310267,-0.0011730658625310297,1.1208406304728549,-0.33308865716679537,-0.013323546286671815,-0.012901242576160644,0.581844816968498,2.128,0.049,2.177,0.435,0.01,0.445,0.062
2024-25,Maureen Murphy,98,MTL,RW,32,440.8333333333333,4.066999999999999,3.564371044097122,0.5535425330812853,0.4851317867202132,-0.008145613012975448,-0.008145613012975452,2.3137996219281662,0.12747058148359192,0.0050988232593436765,0.008031243944014839,0.5615737770253002,1.888,0.205,2.093,0.386,0.042,0.428,0.058
2024-25,Élizabeth Giguère,37,NY,LW,29,283.05,3.375999999999999,2.5514093607866837,0.7156332803391624,0.5408392921646388,0.0036865700319401104,0.0036865700319401074,0.6359300476947536,-0.8179992399448967,-0.03271996959779587,-0.034047134809294305,0.6815861455298681,1.977,-0.067,1.91,0.404,-0.014,0.39,0.083
2024-25,Ronja Savolainen,223,OTT,RD,36,670.0999999999999,4.83,5.79161074010196,0.43247276525891665,0.5185743089182474,0.003543233597188512,0.003543233597188509,3.1338606178182364,0.41402291299243676,0.01656091651969747,0.015285352424709608,0.4477581176836263,1.518,0.392,1.91,0.31,0.08,0.39,0.035
2024-25,Claire Dalton,26,MTL,RW,33,422.08333333333326,3.8860000000000006,3.5516644043088808,0.5524027640671275,0.5048762825473632,0.011595948441428862,0.011595948441428859,2.1322803553800593,-0.05404868506451499,-0.0021619474025805995,-0.006336488841494988,0.5460662752256326,1.8,0.095,1.895,0.368,0.019,0.387,0.055
2024-25,Mannon McMahon,220,OTT,RW,38,595.5833333333334,4.218,4.8879119633155765,0.4249279417937596,0.49241592466590384,-0.022634575050863623,-0.022634575050863626,2.014831397789282,0.825040626699643,0.03300162506798572,0.041150072086296625,0.4660780138800562,1.274,0.605,1.879,0.26,0.124,0.384,0.039
2024-25,Maggie Connors,66,TOR,LW,34,264.76666666666665,3.0430000000000006,2.152335042929533,0.689588316756893,0.4877506077392874,0.00887503382951699,0.008875033829516987,2.0395316630995843,0.27305499695335766,0.010922199878134307,0.007727187699508192,0.6973155044564012,1.734,0.122,1.856,0.354,0.025,0.379,0.086
2024-25,Noora Tulus,231,NY,RW,30,314.26666666666677,3.3760000000000012,2.80631113083392,0.644548154433602,0.5357827784791106,-0.0015529546439656053,-0.0015529546439656083,0.954603309291472,-0.49932597834817827,-0.01997303913392713,-0.01941397546209951,0.6251341789715025,1.823,0.002,1.825,0.373,0.0,0.373,0.071
2024-25,Hannah Bilka,181,BOS,LW,16,327.8833333333333,3.4530000000000003,2.8966573937167848,0.6318710923600874,0.5300648918507815,-0.01391858889510901,-0.013918588895109014,0.7319676714278454,-0.7640412718748699,-0.030561650874994798,-0.025550958872755554,0.6063201334873318,1.832,-0.031,1.801,0.374,-0.006,0.368,0.067
2024-25,Lexie Adzija,49,BOS,C,29,295.0166666666667,3.068999999999999,2.625466786759773,0.6241681260945706,0.533963077359199,-0.010040234926231531,-0.010040234926231534,1.6270267216541436,0.13101777835142842,0.005240711134057136,0.008855195707500488,0.6330233218020711,1.611,0.141,1.752,0.329,0.029,0.358,0.073
2024-25,Kristin O'Neill,30,MTL,C,34,552.5833333333334,4.221000000000001,4.554957947580445,0.4583200120645454,0.4945814691989021,0.0010589159591885017,0.0010589159591884987,2.3887799728547727,0.2024509324101984,0.008098037296407937,0.007716827551100078,0.4660368396156455,1.49,0.254,1.744,0.305,0.052,0.357,0.039
2024-25,Liz Schepers,97,MIN,C,35,381.29999999999995,3.197000000000001,2.767621122904735,0.5030684500393393,0.43550293043347527,0.010354852539263062,0.010354852539263059,2.2029897718332023,1.0892843789718225,0.0435713751588729,0.0398436282447382,0.5429120782840775,1.312,0.379,1.691,0.268,0.077,0.345,0.054
2024-25,Dominique Petrie,195,MIN,C,25,377.6666666666667,3.043,2.599057818538573,0.483442188879082,0.41291298087991446,-0.012285625467987435,-0.012285625467987438,2.5419240953221536,1.4282187024607738,0.05712874809843095,0.061551573266906426,0.5449937621459885,1.176,0.512,1.688,0.24,0.105,0.345,0.055
2024-25,Jamie Lee Rattray,16,BOS,LW,30,450.45,3.9650000000000003,4.087894721983198,0.5281385281385281,0.5445081214762835,0.00025757783825129665,0.00025757783825129356,0.7992007992007992,-0.696808144101916,-0.027872325764076642,-0.027965053785847106,0.500173474352681,1.739,-0.061,1.678,0.355,-0.012,0.343,0.046
2024-25,Gabby Rosenthal,227,NY,C,29,375.40000000000003,3.1210000000000004,3.320488830136155,0.4988279168886522,0.5307121198938979,-0.006998774764751699,-0.006998774764751702,2.237613212573255,0.7836839249336048,0.03134735699734419,0.0338669159126548,0.532694832801307,1.266,0.336,1.602,0.259,0.069,0.328,0.052
2024-25,Anna Meixner,221,OTT,LW,36,442.5,3.5549999999999997,3.7019716050973486,0.4820338983050847,0.5019622515386236,-0.012941227018309619,-0.012941227018309623,1.3559322033898304,0.1661414323001914,0.006645657292007656,0.01130449901859912,0.49333839732368384,1.368,0.23,1.598,0.28,0.047,0.327,0.044
2024-25,Elle Hartje,206,NY,LW,27,434.84999999999997,3.6329999999999996,3.8592621771099545,0.5012763021731632,0.5324956436164132,-0.00520894759394059,-0.005208947593940593,1.2418075198344256,-0.21212176780522463,-0.008484870712208985,-0.006609649578390372,0.4946666525947728,1.484,0.096,1.58,0.303,0.02,0.323,0.045
2024-25,Emma Woods,86,TOR,RW,34,363.73333333333335,2.8130000000000006,2.836357990671919,0.46402126099706753,0.4678743019803385,-0.011582001719880549,-0.011582001719880552,2.969208211143695,1.2027315449974685,0.04810926179989874,0.05227878241905574,0.5163000434161232,1.015,0.437,1.452,0.207,0.089,0.296,0.049
2024-25,Kateřina Mrázová,88,OTT,C,20,357.83333333333337,3.045,3.206608735989883,0.5105728924080111,0.5376707708227096,0.022840766843033114,0.02284076684303311,1.1737307871448532,-0.016059983944785805,-0.0006423993577914322,-0.008865075421283352,0.5017078169867277,1.276,0.065,1.341,0.261,0.013,0.274,0.046
2024-25,Chloé Aurard-Bushee,33,NY,RW,27,198.5,2.098,1.7909900351106651,0.6341561712846348,0.5413571894541054,0.003994701829242046,0.003994701829242043,2.4181360201511333,0.964206732511483,0.03856826930045932,0.03713017664193218,0.6712863479265669,1.117,0.188,1.305,0.228,0.038,0.266,0.08
2024-25,Victoria Bach,125,OTT,LW,32,363.50000000000017,2.9410000000000007,3.029568638721743,0.48544704264099026,0.5000663502704387,-0.014828341034347868,-0.014828341034347872,1.1554332874828055,-0.03435748360683355,-0.001374299344273342,0.003963903428091891,0.48941094606908214,1.144,0.144,1.288,0.234,0.029,0.263,0.043
2024-25,Alexa Vasko,101,OTT,LW,32,306.1,2.3529999999999998,2.584321272810883,0.46122182293368175,0.5065641175062168,-0.008392942422023196,-0.0083929424220232,2.744201241424371,1.554410470334732,0.06217641881338928,0.06519787808531763,0.5264197010189994,0.84,0.434,1.274,0.172,0.089,0.261,0.051
2024-25,Emma Maltais,73,TOR,LW,34,634.3166666666667,4.477000000000002,5.062643555810395,0.4234793347171498,0.47887534619715233,-0.0006853340232709747,-0.0006853340232709777,1.0404897658898027,-0.725986900256424,-0.02903947601025696,-0.028792755761879407,0.39468657895527043,1.342,-0.095,1.247,0.274,-0.019,0.255,0.024
2024-25,Loren Gabel,8,BOS,LW,20,176.14999999999995,2.0469999999999997,1.638437960096948,0.6972466647743402,0.558082756774436,0.014267587586014194,0.01426758758601419,1.7030939540164638,0.20708501071374857,0.008283400428549944,0.003147068897584835,0.700393733671925,1.176,0.067,1.243,0.24,0.014,0.254,0.087
2024-25,Amanda Pelkey,110,BOS,RW,25,231.4333333333333,2.4549999999999996,2.108962106273579,0.6364683854241683,0.5467567033404065,0.002785058476439159,0.002785058476439156,0.5185078496327237,-0.9775010936699917,-0.03910004374679967,-0.04010266479831777,0.5963657206258505,1.311,-0.078,1.233,0.268,-0.016,0.252,0.065
2024-25,Alexandra Labelle,39,MTL,C,23,364.15,2.9160000000000004,3.1206552894706667,0.48046134834546217,0.5141818409123713,0.02071629126981578,0.020716291269815775,2.3067417273101745,0.12041268686560014,0.004816507474624005,-0.0026413573825096737,0.47781999096295247,1.116,0.104,1.22,0.228,0.021,0.249,0.041
2024-25,Emmy Fecteau,204,NY,LW,30,226.16666666666669,2.275,2.036547659898003,0.6035372144436256,0.5402779348292417,0.0028366176947668895,0.0028366176947668864,1.3264554163596167,-0.1274738712800335,-0.0050989548512013405,-0.00612013722131742,0.5974170772223082,1.157,0.052,1.209,0.237,0.011,0.248,0.066
2024-25,Theresa Schafzahl,17,BOS,RW,30,385.4333333333334,2.993000000000001,3.4960740643519075,0.46591714952866914,0.5442301579030903,-0.00018057671690875632,-0.00018057671690875938,1.4010204964109656,-0.09498844689174962,-0.003799537875669985,-0.0037345302575828316,0.4621826192710863,1.088,0.103,1.191,0.222,0.021,0.243,0.038
2024-25,Izzy Daniel,209,TOR,RW,34,441.7,3.146,3.617469977547734,0.4273488793298619,0.49139279749346626,0.01184207954268596,0.011842079542685957,1.9017432646592711,0.13526659851304448,0.00541066394052178,0.0011475153051548354,0.4284963946350167,0.963,0.154,1.117,0.197,0.031,0.228,0.031
2024-25,Katy Knoll,191,MIN,C,29,250.06666666666666,2.097,1.7919394132385191,0.5031458277792589,0.42995080562907684,0.00480292694639646,0.004802926946396457,2.159424153559051,1.045718760697671,0.04182875042790684,0.040099696727204114,0.543245524506463,0.861,0.25,1.111,0.176,0.051,0.227,0.054
2024-25,Hannah Brandt,1,BOS,C,30,467.58333333333326,3.1470000000000002,4.2358696807166725,0.4038210657636786,0.5435441401026563,-0.0010264629236179795,-0.0010264629236179826,1.7964712172518271,0.3004622739491119,0.012018490957964477,0.01238801761046695,0.4162090833741455,0.836,0.251,1.087,0.171,0.051,0.222,0.028
2024-25,Natalie Snodgrass,142,OTT,LW,21,188.83333333333337,1.9689999999999999,1.834096342804653,0.6256310679611649,0.5827667108646735,0.06823292793533305,0.06823292793533305,1.5887025595763455,0.3989117884867065,0.01595647153946826,-0.008607382517251634,0.6170236854439132,1.036,0.035,1.071,0.212,0.007,0.219,0.07
2024-25,Hayley Scamurra,61,OTT,RW,6,102.05000000000001,1.1760000000000002,1.1123976412367564,0.6914257716805488,0.6540309502616891,0.13966655795712274,0.13966655795712274,6.467417932386084,5.2776271612964445,0.21110508645185777,0.1608251255872936,0.8522508972678423,0.672,0.307,0.979,0.137,0.063,0.2,0.118
2024-25,Taylor Girard,9,NY,RW,17,157.45,1.534,1.3895854978339792,0.5845665290568435,0.5295340099716657,-0.00795614781514737,-0.007956147815147373,2.667513496348047,1.2135842087083968,0.04854336834833587,0.05140758156178892,0.6359741106186324,0.756,0.187,0.943,0.155,0.038,0.193,0.074
2024-25,Sophie Shirley,18,BOS,RW,28,286.4,2.3530000000000006,2.5446361847132213,0.4929469273743019,0.5330941727751163,-0.011246972794428114,-0.011246972794428118,0.8379888268156425,-0.6580201164870727,-0.02632080465948291,-0.02227189445348879,0.47067503292081314,0.937,-0.012,0.925,0.192,-0.002,0.19,0.04
2024-25,Ella Shelton,44,NY,LD,24,588.7833333333334,3.320000000000001,5.250039399553162,0.3383247940668611,0.5350055718966055,-0.0031185433210865823,-0.0031185433210865854,3.5666770458855828,0.5827008245097719,0.023308032980390875,0.024430708575982046,0.3627555026428432,0.41,0.434,0.844,0.084,0.089,0.173,0.018
2024-25,Micah Zandee-Hart,47,NY,LD,30,705.3166666666664,3.9339999999999997,6.277219565038842,0.33465819135612856,0.5339915979616683,-0.004141957045077645,-0.004141957045077648,3.232590562158842,0.24861434078303135,0.009944573631321254,0.011435678167549207,0.34609386952367777,0.448,0.367,0.815,0.092,0.075,0.167,0.014
2024-25,Klára Hymlárová,190,MIN,RW,37,432.95,2.762,3.0665640149477866,0.3827693729068022,0.4249771125923714,-0.0004806792253524289,-0.000480679225352432,1.108673056934981,-0.005032335926398734,-0.0002012934370559494,-2.8248915929073883e-05,0.3827411239908731,0.622,0.143,0.765,0.127,0.029,0.156,0.022
2024-25,Victoria Bach,125,TOR,C,6,60.08333333333333,0.8439999999999999,0.5604123594098604,0.8428294036061026,0.5596350884536748,0.08115403875292193,0.08115403875292193,6.990291262135923,5.223814595989696,0.20895258383958784,0.17973712988853596,1.0225665334946386,0.547,0.2,0.747,0.112,0.041,0.153,0.153
2024-25,Jill Saulnier,149,BOS,LW,19,258.1333333333334,1.5859999999999999,2.4306178984627014,0.36864669421487595,0.5649680032583757,0.02030684265777004,0.020306842657770035,3.719008264462809,2.222999321160094,0.08891997284640375,0.08160950948960655,0.4502562037044825,0.31,0.436,0.746,0.063,0.089,0.152,0.035
2024-25,Allyson Simpson,230,NY,RD,30,611.2333333333333,3.169,5.4460714338768925,0.3110759666248568,0.5345982756709607,-0.0035959925475632162,-0.0035959925475632193,3.8283252440421007,0.8443490226662899,0.03377396090665159,0.03506851822377435,0.34614448484863114,0.148,0.559,0.707,0.03,0.114,0.144,0.014
2024-25,Savannah Harmon,56,OTT,RD,6,131.28333333333333,0.8180000000000001,1.428882053027235,0.3738479116414879,0.6530373734795032,0.13785536654814484,0.13785536654814484,9.140535736955695,6.420698032129894,0.25682792128519577,0.20719998932786363,0.5810479009693515,0.169,0.497,0.666,0.035,0.102,0.137,0.063
2024-25,Megan Keller,12,BOS,LD,30,713.1166666666668,3.5510000000000006,6.481121914037124,0.29877299179657374,0.5453067261208695,0.0004656733794253659,0.0004656733794253628,3.617921331245471,0.5918654542065951,0.023674618168263804,0.023506975751670673,0.3222799675482444,0.026,0.515,0.541,0.005,0.105,0.11,0.009
2024-25,Jocelyne Larocque,71,TOR,LD,6,134.7,0.588,1.305243158906419,0.2619153674832962,0.5814000707823694,0.10142343882413707,0.10142343882413707,10.24498886414254,6.948465264260152,0.2779386105704061,0.24142617259371674,0.5033415400770129,-0.078,0.586,0.508,-0.016,0.12,0.104,0.046
2024-25,Kelly Babstock,175,BOS,RW,9,71.46666666666667,0.8190000000000001,0.6234490581510708,0.6875932835820896,0.523418052552205,-0.02042196958301791,-0.020421969583017913,1.6791044776119404,0.18309553430922515,0.007323821372369006,0.014675730422255454,0.702269014004345,0.466,0.041,0.507,0.095,0.008,0.103,0.086
2024-25,Kali Flanagan,68,TOR,RD,34,756.15,4.728,6.048748600406019,0.37516365800436424,0.47996418174219546,0.00027911122586532847,0.0002791112258653254,1.6663360444356279,-1.6301875554467593,-0.06520750221787038,-0.0653079822591819,0.30985567574518236,0.991,-0.573,0.418,0.203,-0.117,0.086,0.007
2024-25,Clair DeGeorge,116,MTL,C,27,223.03333333333327,1.3820000000000001,1.8802405396421615,0.37178299207891213,0.505818707421296,0.012073361782607985,0.012073361782607981,2.1521446719473927,-0.03418436849718165,-0.001367374739887266,-0.005713784981626139,0.366069207097286,0.28,0.052,0.332,0.057,0.011,0.068,0.018
2024-25,Laura Kluge,212,TOR,C,16,60.5,0.563,0.4547354933264043,0.5583471074380165,0.4509773487534588,-0.028236109958368612,-0.028236109958368616,1.9834710743801653,0.2169944082339387,0.008679776329357548,0.018844775914370247,0.5771918833523868,0.264,0.039,0.303,0.054,0.008,0.062,0.061
2024-25,Maggie Flaherty,79,MIN,RD,28,408.48333333333335,2.0420000000000003,2.912485331289048,0.29993879799257417,0.4277998772957107,0.0021288354435318874,0.0021288354435318843,2.937696356440491,0.29394402984295087,0.011757761193718035,0.010991380434046556,0.31093017842662074,0.023,0.21,0.233,0.005,0.043,0.048,0.007
2024-25,Jaime Bourbonnais,87,NY,RD,30,673.2833333333333,3.729999999999999,6.0108858759917725,0.33240092086045986,0.5356632708758171,-0.002476095547926334,-0.002476095547926337,2.049657152758868,-0.9343190686169428,-0.03737276274467771,-0.03648136834742423,0.29591955251303564,0.402,-0.187,0.215,0.082,-0.038,0.044,0.004
2024-25,Noemi Neubauerová,214,TOR,RW,20,89.7833333333333,0.486,0.750972164575817,0.32478188230926314,0.5018562822485506,0.022041502196653354,0.02204150219665335,4.0096528680155945,2.2431762018693675,0.0897270480747747,0.0817921072839795,0.40657398959324265,0.042,0.152,0.194,0.009,0.031,0.04,0.027
2024-25,Brooke Bryant,91,MIN,RW,22,166.45,1.0230000000000001,1.2514486980033515,0.36875938720336443,0.45110797164434424,0.025614110658477365,0.025614110658477362,0.7209372183838991,-0.3927681744774806,-0.015710726979099223,-0.02493180681615107,0.34382758038721334,0.2,-0.014,0.186,0.041,-0.003,0.038,0.014
2024-25,Claire Thompson,169,MIN,LD,38,895.8333333333335,4.777,6.363775904915969,0.31994790697674413,0.42622499084088344,0.0006054630966859792,0.0006054630966859762,1.8083720930232556,-0.8353802335742847,-0.03341520934297139,-0.03363317605777834,0.2863147309189658,0.349,-0.206,0.143,0.071,-0.042,0.029,0.002
2024-25,Jillian Dempsey,27,BOS,C,9,67.15,0.358,0.6095689266040368,0.3198808637379002,0.5446632255583352,-0.00012348427382181948,-0.00012348427382182254,3.574087862993298,2.078078919690583,0.08312315678762332,0.08316761112619918,0.4030484748640994,0.026,0.115,0.141,0.005,0.024,0.029,0.026
2024-25,Claire Butorac,102,MIN,RW,31,326.0166666666667,1.638,2.3499562244991568,0.30145698072695665,0.4324851698889097,0.006818036648022788,0.006818036648022784,1.104238024640867,-0.00946736822051275,-0.00037869472882051,-0.0028331879221087123,0.2986237928048479,0.027,0.092,0.119,0.006,0.019,0.025,0.005
2024-25,Kaitlin Willoughby,128,MTL,RW,11,158.16666666666666,0.868,1.2011350183778733,0.32927291886196,0.45564658231405103,-0.0382082069037451,-0.0382082069037451,1.5173867228661748,-0.6689423175783995,-0.02675769270313598,-0.013002738217787744,0.3162701806441722,0.086,0.018,0.104,0.018,0.004,0.022,0.008
2024-25,Taylor House,217,OTT,LW,16,144.18333333333334,0.742,1.2254439675906175,0.30877355219049823,0.5099524081986155,-0.005397134807548819,-0.0053971348075488226,0.8322737255808577,-0.3575170455087814,-0.014300681820351255,-0.01235771328963368,0.29641583890086454,0.029,0.018,0.047,0.006,0.004,0.01,0.004
2024-25,Jessica DiGirolamo,5,BOS,RD,30,520.8666666666667,2.325,4.7628736513416525,0.26782285933700245,0.5486479311669636,0.003727196293405552,0.003727196293405549,3.340586202483041,0.3145303254441652,0.012581213017766608,0.01123942235214061,0.27906228168914304,-0.249,0.27,0.021,-0.051,0.055,0.004,0.0
2024-25,Kaitlin Willoughby,128,TOR,RW,20,76.71666666666668,0.307,0.6579871701042512,0.24010427981751026,0.5146108651695207,0.03457807985003203,0.03457807985003203,3.12839452530958,1.3619178591633534,0.05447671436653414,0.04202860562052261,0.2821328854380329,-0.072,0.079,0.007,-0.015,0.016,0.001,0.001
2024-25,Dara Greig,199,MTL,LW,33,258.5833333333333,1.3300000000000003,2.179291891718837,0.3086045762165647,0.5056687599218701,0.011760759377389187,0.011760759377389183,1.3922010957138256,-0.7941279447307488,-0.031765117789229955,-0.03599899116509006,0.2726055850514746,0.052,-0.07,-0.018,0.011,-0.014,-0.003,-0.001
2024-25,Anna Wilgren,203,MTL,LD,34,611.7500000000002,1.9920000000000004,5.002923799840705,0.19537392725786676,0.4906831679451445,-0.003516348622457142,-0.003516348622457145,5.590519002860644,1.8741430286799088,0.07496572114719635,0.07623160665128093,0.27160553390914766,-1.032,0.979,-0.053,-0.211,0.2,-0.011,-0.001
2024-25,Anna Kjellbin,200,TOR,RD,11,104.93333333333334,0.281,0.8042431475428793,0.16067344345616266,0.4598594871592067,-0.020377795456218702,-0.020377795456218706,4.5743329097839895,1.2778093099016024,0.051112372396064094,0.05844837876030283,0.21912182221646548,-0.238,0.137,-0.101,-0.049,0.028,-0.021,-0.012
2024-25,Lauren Bernard,207,TOR,LD,12,111.25,0.28099999999999997,0.9717854385260317,0.1515505617977528,0.5241090005533654,0.04384823077960509,0.04384823077960509,5.393258426966292,2.0967348270839046,0.08386939308335618,0.06808403000269836,0.21963459180045117,-0.269,0.163,-0.106,-0.055,0.033,-0.022,-0.012
2024-25,Dominika Lásková,82,MTL,RD,5,50.75,0.051,0.45163712678981016,0.060295566502463045,0.5339552237909085,0.039407943548902424,0.039407943548902424,4.729064039408867,1.0126880652281325,0.0405075226091253,0.026320662931520432,0.08661622943398348,-0.2,0.039,-0.161,-0.041,0.008,-0.033,-0.039
2024-25,Kati Tabin,84,MTL,LD,32,634.3999999999999,3.065,5.158742649568416,0.2898802017654477,0.48790125941693735,-0.006054947644291651,-0.0060549476442916545,2.931904161412359,-0.7844718127683761,-0.03137887251073505,-0.02919909135879005,0.26068111040665765,-0.071,-0.099,-0.17,-0.015,-0.02,-0.035,-0.003
2024-25,Emma Greco,118,BOS,LD,28,313.59999999999997,1.174,2.8165188893760256,0.22461734693877553,0.5388747875081682,-0.006157181375501489,-0.006157181375501492,3.4438775510204085,0.41782167398153264,0.016712866959261306,0.018929452254441842,0.24354679919321737,-0.376,0.203,-0.173,-0.077,0.041,-0.036,-0.007
2024-25,Rylind MacKinnon,232,TOR,LD,23,247.6833333333334,0.9190000000000002,1.9912544026704229,0.22262297288204022,0.482371028168597,0.00229323665048942,0.002293236650489417,3.391427225624116,0.09490362574172875,0.0037961450296691503,0.0029705798354929605,0.22559355271753317,-0.305,0.094,-0.211,-0.062,0.019,-0.043,-0.01
2024-25,Brooke Hobson,38,NY,LD,29,311.01666666666665,1.0730000000000002,2.8377032887633598,0.2069985531322009,0.5474375349417553,0.008975316005319804,0.0089753160053198,3.66539842452173,0.6814222031459191,0.027256888125836765,0.024025774363921636,0.23102432749612253,-0.464,0.227,-0.237,-0.095,0.046,-0.049,-0.009
2024-25,Mariah Keopple,99,MTL,LD,33,572.0833333333333,1.4039999999999995,4.681123078456374,0.147251274581209,0.49095537020955426,-0.0033680397072362016,-0.0033680397072362047,6.292789512017481,2.576413537836746,0.10305654151346984,0.10426903580807487,0.2515203103892839,-1.424,1.183,-0.241,-0.291,0.242,-0.049,-0.005
2024-25,Anna Kjellbin,200,MTL,LD,18,197.01666666666668,0.766,1.6683700941460633,0.23327975636578968,0.5080900379769756,0.013988111210865408,0.013988111210865404,2.4363421030369676,-1.2800338711437673,-0.051201354845750696,-0.05623707488166224,0.17704268148412744,-0.208,-0.12,-0.328,-0.043,-0.025,-0.068,-0.021
2024-25,Sidney Morin,167,BOS,RD,30,583.0666666666666,3.089,5.2822084260057665,0.3178710267550881,0.5435613518643025,-0.0012305323591499523,-0.0012305323591499553,1.0290418477018066,-1.9970140293370695,-0.07988056117348279,-0.0794375695241888,0.23843345723089931,0.207,-0.579,-0.372,0.042,-0.118,-0.076,-0.008
2024-25,Maja Nylen Persson,229,NY,RD,23,428.25000000000006,1.942,3.902992002087929,0.2720840630472854,0.5468290020438429,0.008534347889449338,0.008534347889449335,1.541155866900175,-1.4428203544756357,-0.05771281417902543,-0.06078517941922719,0.2112988836280582,-0.175,-0.292,-0.467,-0.036,-0.06,-0.096,-0.013
2024-25,Erin Ambrose,83,MTL,RD,32,732.5666666666666,2.757,6.023032915700615,0.2258088001092051,0.493309334679943,-0.0008118263083222148,-0.0008118263083222179,4.013286617827729,0.2969106436469944,0.011876425745879776,0.012168683216875774,0.23797748332608087,-0.864,0.391,-0.473,-0.177,0.08,-0.097,-0.008
2024-25,Cayla Barnes,196,MTL,RD,34,778.2666666666667,3.5509999999999993,6.387022239309727,0.27376220661298606,0.492403633320092,-0.0015940700488127884,-0.0015940700488127914,2.8524927188624294,-0.8638832553183056,-0.03455533021273222,-0.03398146499515962,0.23978074161782645,-0.296,-0.184,-0.48,-0.061,-0.038,-0.099,-0.008
2024-25,Emily Brown,2,BOS,LD,29,520.7666666666667,1.378,4.765798277477229,0.15876592203802084,0.5490902451167518,0.0038887395777643524,0.0038887395777643494,4.493375152019459,1.4673192749805828,0.058692770999223313,0.05729282475122815,0.216058746789249,-1.196,0.669,-0.527,-0.244,0.137,-0.107,-0.012
2024-25,Megan Carter,208,TOR,LD,23,376.3666666666667,1.1740000000000002,2.9389356670275433,0.18715791338233995,0.46852220358246194,-0.011646893895650042,-0.011646893895650046,3.347799132052077,0.05127553216968974,0.0020510212867875894,0.006243903089221606,0.19340181647156154,-0.686,0.163,-0.523,-0.14,0.033,-0.107,-0.017
2024-25,Ashton Bell,50,OTT,RD,35,735.5166666666667,2.8620000000000005,6.243157698885761,0.23346853685617824,0.5092875238718528,-0.00625589436856293,-0.006255894368562933,2.6104099159321112,-0.10942778889368843,-0.004377111555747537,-0.002124989583064881,0.23134354727311338,-0.773,0.217,-0.556,-0.158,0.044,-0.114,-0.009
2024-25,Natalie Buchbinder,90,MIN,RD,27,455.3833333333333,1.4809999999999999,3.1794841286359192,0.19513230611572666,0.41891969633968856,-0.007021173266637523,-0.007021173266637527,2.7668996815869416,0.12314735498940121,0.0049258941995760485,0.007453516575565558,0.20258582269129222,-0.77,0.207,-0.563,-0.157,0.042,-0.115,-0.015
2024-25,Daniela Pejšová,185,BOS,LD,28,345.0333333333333,1.3800000000000001,3.061076343273331,0.2399768138344122,0.5323096722917589,-0.012682753140134798,-0.012682753140134801,1.0433774514539658,-1.9826784255849101,-0.07930713702339641,-0.07474134589294788,0.16523546794146432,-0.325,-0.316,-0.641,-0.066,-0.065,-0.131,-0.023
2024-25,Jincy Roese,60,OTT,LD,28,592.4166666666667,2.5540000000000003,5.34208551210137,0.25866929244619496,0.5410467813634809,0.02556824329567571,0.025568243295675707,1.721761147840765,-0.9980765569850346,-0.039923062279401386,-0.04912762986584464,0.20954166258035034,-0.374,-0.289,-0.663,-0.076,-0.059,-0.135,-0.014
2024-25,Stephanie Markowski,219,OTT,LD,35,481.35,1.6609999999999998,4.369589275489271,0.2070426924275475,0.5446667841058611,0.029055331661400022,0.02905533166140002,2.4929884699283265,-0.22684923489747322,-0.00907396939589893,-0.019533888794002936,0.18750880363354455,-0.718,0.002,-0.716,-0.147,0.0,-0.147,-0.018
2024-25,Amanda Boulier,51,MTL,RD,29,485.04999999999995,1.38,3.9680547940300466,0.17070405112874962,0.4908427742331776,-0.0034202557404336403,-0.0034202557404336433,3.8346562210081436,0.11828024682740867,0.004731209873096347,0.0059625019396524585,0.17666655306840207,-1.017,0.208,-0.809,-0.208,0.043,-0.165,-0.02
2024-25,Zoe Boyd,52,OTT,LD,31,464.6166666666666,1.6600000000000001,3.672516425096274,0.21437026939771142,0.47426405747916156,-0.04132852987782458,-0.04132852987782458,1.2913871650464543,-1.428450539779345,-0.0571380215911738,-0.042259750835156956,0.17211051856255447,-0.636,-0.174,-0.81,-0.13,-0.036,-0.166,-0.021
2024-25,Allie Munroe,74,TOR,RD,34,653.4333333333334,2.07,5.281401772607159,0.19007294801816044,0.48495246598443537,0.004790873358694273,0.00479087335869427,3.5810845278783856,0.2845609279959983,0.011382437119839932,0.009657722710709995,0.19973067072887044,-1.16,0.321,-0.839,-0.237,0.066,-0.171,-0.016
2024-25,Sydney Bard,180,BOS,RD,27,465.75000000000006,1.123,4.256063792682229,0.14466988727858293,0.548285190683701,0.003047394440450865,0.003047394440450862,3.349436392914653,0.32338051587577726,0.012935220635031091,0.01183815863646878,0.1565080459150517,-1.179,0.246,-0.933,-0.241,0.05,-0.191,-0.025
2024-25,Mellissa Channell-Watkins,129,MIN,LD,37,711.2333333333332,2.579,5.034027192559956,0.21756573089000333,0.42467305369114317,-0.0012100603266093496,-0.0012100603266093526,2.109012513474247,-0.5347398131232933,-0.021389592524931732,-0.020953970807352364,0.19661176008265097,-0.936,-0.013,-0.949,-0.191,-0.003,-0.194,-0.016
2024-25,Mae Batherson,188,MIN,RD,27,414.65000000000003,1.456,3.1181273124624815,0.2106837091522971,0.4511941124990929,0.025293280490438955,0.02529328049043895,1.012902447847582,-1.6308498787499581,-0.06523399514999832,-0.07433957612655634,0.13634413302574075,-0.593,-0.377,-0.97,-0.121,-0.077,-0.198,-0.029
2024-25,Savannah Harmon,56,TOR,LD,28,649.2166666666667,2.2989999999999995,4.931397037954077,0.212471439940441,0.4557551237808301,-0.024348803192111797,-0.0243488031921118,1.848381382691962,-1.4481422171904252,-0.05792568868761701,-0.04916011953845676,0.16331132040198423,-0.91,-0.318,-1.228,-0.186,-0.065,-0.251,-0.023
2024-25,Lee Stecklein,24,MIN,LD,38,923.3000000000001,2.988,6.555921706815531,0.19417307484024693,0.4260319532209811,8.861404224454195e-05,8.861404224453888e-05,2.664356113939131,0.02060378734159085,0.000824151493663634,0.0007922504384556,0.19496532527870253,-1.575,0.317,-1.258,-0.322,0.065,-0.257,-0.017
2024-25,Aneta Tejralová,62,OTT,LD,38,791.1999999999999,2.324,6.787022377421521,0.1762386248736097,0.5146882490461214,-0.00100250948155871,-0.001002509481558713,2.8058645096056627,0.08602680477986302,0.003441072191194521,0.0038019756045556577,0.18004060047816536,-1.587,0.311,-1.276,-0.324,0.064,-0.26,-0.02
2024-25,Jocelyne Larocque,71,OTT,RD,32,768.1666666666666,2.555,6.205129377788478,0.19956606639184207,0.484670552398319,-0.030960148865329537,-0.03096014886532954,1.7964851377739206,-0.9233525670518791,-0.036934102682075164,-0.02578844909055653,0.17377761730128555,-1.242,-0.076,-1.318,-0.254,-0.016,-0.27,-0.021
2025-26,Kristýna Kaltounková,245,NY,LW,16,318.45000000000005,6.626000000000001,2.784247025354464,1.2484220442769667,0.5245872869250049,0.02550110581457989,0.02550110581457989,0.0,0.08603199870155415,0.003441279948062166,-0.005739118145186595,1.24268292613178,5.045,0.084,5.129,1.119,0.019,1.138,0.214
2025-26,Laura Stacey,32,MTL,RW,15,297.6833333333334,6.085999999999999,2.2396191558335823,1.2266726387100382,0.4514097173171096,0.017684848729044314,0.017684848729044314,0.604669391411455,0.008939235827938985,0.0003575694331175594,-0.0060089761093383934,1.2206636626006997,4.608,0.078,4.686,1.022,0.017,1.039,0.209
2025-26,Natalie Spooner,100,TOR,RW,16,277.53333333333336,5.321999999999999,2.347264162963044,1.150564496757146,0.5074556201457457,0.010927536427183769,0.010927536427183767,0.8647609896709104,0.642147636557724,0.02568590546230896,0.021751992348522806,1.1723164891056688,3.944,0.201,4.145,0.875,0.045,0.92,0.199
2025-26,Sarah Fillier,205,NY,LW,15,301.21666666666664,5.474,2.600592508918644,1.090377911802136,0.5180176524155989,0.014273512236166703,0.014273512236166701,0.0,0.08603199870155415,0.003441279948062166,-0.0016971844569578461,1.0886807273451782,3.978,0.1,4.078,0.882,0.022,0.904,0.18
2025-26,Kendall Coyne Schofield,20,MIN,LW,15,250.66666666666674,4.989000000000001,2.1511976564124846,1.1941755319148935,0.5149143326519243,0.018545240340220162,0.018545240340220162,0.2393617021276595,-0.3423298291601303,-0.013693193166405212,-0.02036947968888447,1.173806052226009,3.744,0.005,3.749,0.83,0.001,0.831,0.199
2025-26,Daryl Watts,63,TOR,LW,15,268.46666666666664,4.704,2.3838976106520686,1.0513037000248324,0.5327806927208498,0.03332714305112513,0.03332714305112513,0.0,-0.2226133531131865,-0.00890453412452746,-0.020902305622932507,1.0304013944019,3.371,0.003,3.374,0.748,0.001,0.749,0.167
2025-26,Hilary Knight,13,SEA,RW,14,285.1,4.118,2.7481862444990477,0.866643283058576,0.5783625909152679,0.007384194227883986,0.007384194227883984,2.946334619431778,2.5824984865028533,0.10329993946011413,0.1006416295380759,0.9672849125966518,2.702,0.581,3.283,0.599,0.129,0.728,0.153
2025-26,Emily Clark,53,OTT,LW,16,275.8333333333333,4.450000000000001,2.754283643117549,0.9679758308157103,0.5991191006177146,0.017039381509982313,0.017039381509982313,0.0,0.04066370438890832,0.0016265481755563327,-0.004507629168037299,0.963468201647673,3.08,0.079,3.159,0.683,0.018,0.701,0.152
2025-26,Brianne Jenner,58,OTT,RW,16,305.4833333333333,4.476,3.020446371418393,0.8791314310655247,0.5932460547278202,0.00854786715139745,0.008547867151397449,0.0,0.04066370438890832,0.0016265481755563327,-0.001450683998946749,0.877680747066578,2.959,0.103,3.062,0.656,0.023,0.679,0.133
2025-26,Julia Gosling,210,SEA,LW,14,254.2166666666667,4.218,2.460389103709745,0.9955287484429292,0.5806989296109015,0.013519112554089482,0.01351911255408948,0.0,-0.36383613292892486,-0.014553445317156995,-0.01942032583662921,0.9761084226062999,2.956,0.009,2.965,0.656,0.002,0.658,0.155
2025-26,Rebecca Leslie,72,OTT,RW,16,294.59999999999997,4.272,2.923299138328233,0.8700610997963342,0.5953766065841616,0.010411093475733116,0.010411093475733114,0.0,0.04066370438890832,0.0016265481755563327,-0.0021214454757075884,0.8679396543206266,2.809,0.096,2.905,0.623,0.021,0.644,0.131
2025-26,Marie-Philip Poulin,31,MTL,C,15,300.95,4.168,2.280326725574245,0.8309685994351222,0.4546256970741144,0.009238432739234706,0.009238432739234704,0.9968433294567204,0.4011131738732044,0.016044526954928175,0.012718691168803682,0.8436872906039259,2.674,0.172,2.846,0.593,0.038,0.631,0.126
2025-26,Jesse Compher,65,TOR,RW,16,267.3166666666667,3.9650000000000003,2.3080092907086653,0.8899557329010536,0.5180393694464239,0.013830488370455606,0.013830488370455604,0.8978115842633578,0.6751982311501713,0.027007929246006854,0.022028953432642835,0.9119846863336964,2.638,0.195,2.833,0.585,0.043,0.628,0.141
2025-26,Abby Boreen,114,VAN,RW,16,277.21666666666664,4.042,2.5713744438073194,0.8748391751337702,0.5565410928699783,0.012533012016171852,0.01253301201617185,0.6493116094510913,0.16997611463601367,0.006799044585440547,0.0022871602596186815,0.8771263353933889,2.666,0.111,2.777,0.591,0.025,0.616,0.133
2025-26,Alex Carpenter,34,SEA,C,14,284.9333333333333,4.17,2.7499199448849843,0.8781001403837156,0.579065968740404,0.008425234525168232,0.00842523452516823,0.0,-0.36383613292892486,-0.014553445317156995,-0.017586529746217557,0.8605136106374981,2.755,0.019,2.774,0.611,0.004,0.615,0.13
2025-26,Grace Zumwinkle,25,MIN,RW,15,248.18333333333337,3.9130000000000003,2.1256838765834716,0.9459942246994829,0.5138984591834327,0.010214837995522209,0.010214837995522207,0.48351353166342076,-0.09817799962436902,-0.00392711998497476,-0.007604461663362755,0.9383897630361202,2.681,0.058,2.739,0.595,0.013,0.608,0.147
2025-26,Maureen Murphy,98,MTL,RW,15,238.48333333333338,3.836,1.8217764170217563,0.9650988888112375,0.45834056197346573,0.01690645545624532,0.01690645545624532,0.754769725347683,0.159039569764167,0.00636158279056668,0.0002752588263183649,0.9653741476375559,2.652,0.087,2.739,0.588,0.019,0.607,0.153
2025-26,Hannah Bilka,181,SEA,LW,14,251.20000000000002,3.863,2.387074727670693,0.9226910828025477,0.5701611610678406,0.0008346343551736551,0.0008346343551736537,0.0,-0.36383613292892486,-0.014553445317156995,-0.01485391368501951,0.9078371691175282,2.616,0.028,2.644,0.58,0.006,0.586,0.14
2025-26,Kristin O'Neill,30,NY,C,16,282.00000000000006,3.7090000000000005,2.4250921282797098,0.7891489361702126,0.5159770485701509,0.0033549309744045535,0.003354930974404552,0.8510638297872339,0.937095828488788,0.037483833139551524,0.03627605798876589,0.8254249941589785,2.309,0.272,2.581,0.512,0.06,0.572,0.122
2025-26,Shiann Darkangelo,4,MTL,C,15,224.63333333333335,3.7089999999999996,1.702974807220868,0.9906811099569667,0.4548678814360531,0.014187747477795512,0.01418774747779551,0.0,-0.595730155583516,-0.023829206223340643,-0.028936795315347028,0.9617443146416197,2.594,-0.027,2.567,0.575,-0.006,0.569,0.152
2025-26,Kelly Pannek,23,MIN,C,15,256.8666666666667,3.3259999999999996,2.199048201366995,0.7769011160134959,0.5136629590527628,0.0049957376085381765,0.004995737608538175,3.036594861147158,2.454903329859368,0.09819613319437473,0.09639766765530099,0.8732987836687969,2.051,0.505,2.556,0.455,0.112,0.567,0.132
2025-26,Taylor Heise,21,MIN,C,15,255.85000000000002,3.6320000000000006,2.1822924812506597,0.851749071721712,0.5117746682628086,0.005313404791387933,0.005313404791387932,1.1725620480750438,0.590870516787254,0.02363482067149016,0.021721994946590505,0.8734710666683025,2.362,0.185,2.547,0.524,0.041,0.565,0.132
2025-26,Dominique Petrie,195,MIN,C,10,145.95000000000002,3.3019999999999996,1.2706741373419257,1.3574511819116133,0.522373746080956,0.030816798850129182,0.030816798850129182,0.0,-0.5816915312877897,-0.023267661251511588,-0.0343617088375581,1.3230894730740552,2.577,-0.031,2.546,0.572,-0.007,0.565,0.232
2025-26,Sophie Jaques,11,VAN,RD,16,365.2833333333333,3.9339999999999997,3.373779164997747,0.6461833280102204,0.5541636626359397,0.0034165174454023894,0.003416517445402388,1.8068166263630974,0.96109613587269,0.0384438454349076,0.03721389915456274,0.6833972271647831,2.12,0.358,2.478,0.47,0.079,0.549,0.09
2025-26,Taylor Girard,9,NY,LW,13,179.45,3.096,1.600230114613992,1.035162998049596,0.5350448976140402,0.029673434710057806,0.029673434710057806,0.0,0.08603199870155415,0.003441279948062166,-0.007241156547558645,1.0279218415020372,2.205,0.043,2.248,0.489,0.01,0.499,0.167
2025-26,Ella Huber,243,BOS,LW,14,199.64999999999998,3.196,1.5654075408613926,0.9604808414725772,0.47044554195684224,0.016271795643307566,0.016271795643307566,0.0,-0.3999735854087965,-0.01599894341635186,-0.021856789847942586,0.9386240516246346,2.205,-0.001,2.204,0.489,-0.0,0.489,0.147
2025-26,Sarah Wozniewicz,241,OTT,LW,16,255.53333333333336,3.3249999999999993,2.529587847536882,0.7807200626141401,0.5939548820201391,0.006356263285700728,0.006356263285700726,0.0,0.04066370438890832,0.0016265481755563327,-0.0006617066072959286,0.7800583560068441,2.056,0.089,2.145,0.456,0.02,0.476,0.112
2025-26,Alina Müller,15,BOS,C,14,286.19999999999993,3.4030000000000005,2.256521364530483,0.7134171907756816,0.47306527558291056,0.011609940548776301,0.0116099405487763,0.628930817610063,0.22895723220126646,0.009158289288050658,0.00497871069049119,0.7183959014661727,1.982,0.127,2.109,0.44,0.028,0.468,0.098
2025-26,Anne Cherkowski,249,NY,RW,14,258.9333333333334,3.2220000000000004,2.177166776421124,0.7466014418125643,0.5044928163694673,-0.009383283162231786,-0.009383283162231788,0.0,0.08603199870155415,0.003441279948062166,0.006819261886465609,0.7534207036990299,1.936,0.123,2.059,0.429,0.027,0.456,0.106
2025-26,Casey O'Brien,280,NY,C,16,317.78333333333336,3.3260000000000005,2.769750847520691,0.627975035401479,0.5229508077345406,0.005578488906916386,0.005578488906916384,0.0,0.08603199870155415,0.003441279948062166,0.0014330239415722675,0.6294080593430513,1.748,0.122,1.87,0.388,0.027,0.415,0.078
2025-26,Jessie Eldridge,36,SEA,RW,14,234.68333333333334,2.942,2.2271518943266773,0.7521624884596265,0.5694018052394033,-0.004950629111253282,-0.004950629111253284,0.0,-0.36383613292892486,-0.014553445317156995,-0.012771218837105813,0.7393912696225207,1.777,0.035,1.812,0.394,0.008,0.402,0.103
2025-26,Jenn Gardiner,198,VAN,LW,16,284.36666666666673,3.196999999999999,2.6351881154246453,0.6745516352127532,0.5560120276361927,0.0061009679854173715,0.00610096798541737,0.0,-0.47933549481507765,-0.019173419792603105,-0.02136976826735336,0.6531818669453998,1.785,0.001,1.786,0.396,0.0,0.396,0.084
2025-26,Hayley Scamurra,61,MTL,C,15,217.68333333333328,2.839,1.6165266180268592,0.7825128244391701,0.445562807204402,-0.001252570993699506,-0.0012525709936995076,0.0,-0.595730155583516,-0.023829206223340643,-0.02337828066560882,0.7591345437735613,1.758,-0.006,1.752,0.39,-0.001,0.389,0.107
2025-26,Maggie Connors,66,TOR,LW,16,210.58333333333334,2.6849999999999996,1.7846618374431304,0.7650178076770874,0.5084909073838757,0.0005997906390025828,0.0005997906390025814,0.2849228333992877,0.0623094802861012,0.002492379211444048,0.0022764545814031186,0.7672942622584905,1.639,0.084,1.723,0.364,0.019,0.383,0.109
2025-26,Fanuza Kadirova,240,OTT,LW,14,194.36666666666665,2.559,1.8615981606693353,0.789950265820614,0.5746658702117653,-0.012660711161582058,-0.01266071116158206,0.0,0.04066370438890832,0.0016265481755563327,0.006184404193725874,0.7961346700143399,1.594,0.09,1.684,0.354,0.02,0.374,0.115
2025-26,Susanna Tapani,78,BOS,C,14,271.0,2.8390000000000004,2.1060813483271,0.6285608856088563,0.46629107343035425,0.0023348091302935053,0.002334809130293504,0.8856088560885609,0.4856352706797643,0.019425410827190574,0.018584879540284913,0.6471457651491411,1.493,0.182,1.675,0.331,0.04,0.371,0.082
2025-26,Blayre Turnbull,76,TOR,C,16,288.70000000000005,2.967,2.4697600670933486,0.6166262556286802,0.5132857777125074,0.0010211877813518164,0.0010211877813518149,0.0,-0.2226133531131865,-0.00890453412452746,-0.009272161725814113,0.6073540939028661,1.534,0.06,1.594,0.34,0.013,0.353,0.073
2025-26,Jill Saulnier,149,BOS,LW,14,172.03333333333336,2.43,1.323385909403898,0.8475101724472002,0.4615567984745235,0.0040535217059281675,0.004053521705928166,0.0,-0.3999735854087965,-0.01599894341635186,-0.017458211230486,0.8300519612167142,1.576,0.012,1.588,0.35,0.003,0.353,0.123
2025-26,Emma Maltais,73,TOR,C,16,304.6166666666667,2.9420000000000006,2.575767455445241,0.5794824095858184,0.5073459998688443,-0.00601331285792487,-0.006013312857924872,0.39393773595228976,0.17132438283910326,0.00685297531356413,0.009017767942417085,0.5885001775282355,1.43,0.156,1.586,0.317,0.035,0.352,0.069
2025-26,Olivia Mobley,256,BOS,RW,10,126.19999999999999,2.1229999999999998,0.9561257826941189,1.009350237717908,0.4545764418514036,0.0018429998621948968,0.0018429998621948952,0.0,-0.3999735854087965,-0.01599894341635186,-0.01666242336674202,0.9926878143511659,1.496,0.01,1.506,0.332,0.002,0.334,0.159
2025-26,Abby Hustler,247,MIN,LW,15,246.4666666666667,2.737,2.1295748709569655,0.6662969975655937,0.5184250429703188,0.006498039283460001,0.006498039283459999,0.0,-0.5816915312877897,-0.023267661251511588,-0.025606955393557188,0.6406900421720365,1.513,-0.016,1.497,0.336,-0.004,0.332,0.081
2025-26,Britta Curl-Salemme,189,MIN,RW,15,266.8333333333333,2.8140000000000005,2.282151131798904,0.6327545284197378,0.5131632776062496,0.0002476927812727469,0.0002476927812727455,0.0,-0.5816915312877897,-0.023267661251511588,-0.023356830652769778,0.609397697766968,1.489,-0.008,1.481,0.33,-0.002,0.328,0.074
2025-26,Maddi Wheeler,285,NY,RW,16,234.41666666666669,2.506,2.03776803074992,0.6414219694276572,0.5215758912690873,0.004599887491675743,0.004599887491675741,0.0,0.08603199870155415,0.003441279948062166,0.001785320451058899,0.6432072898787161,1.342,0.092,1.434,0.298,0.02,0.318,0.081
2025-26,Sarah Nurse,75,VAN,C,5,104.30000000000001,1.663,0.9485469168130773,0.9566634707574305,0.5456645734303417,0.0040680608764596116,0.00406806087645961,3.4515819750719077,2.97224648025683,0.1188898592102732,0.11742535729474775,1.0740888280521783,1.145,0.242,1.387,0.254,0.054,0.308,0.177
2025-26,Denisa Křížová,104,MIN,LW,15,204.35,2.251,1.7428284881384466,0.6609248837778322,0.5117186654676135,-0.0003666679575633925,-0.0003666679575633939,1.1744555908979692,0.5927640596101794,0.023710562384407177,0.02384256284913,0.6847674466269622,1.236,0.155,1.391,0.274,0.034,0.308,0.09
2025-26,Michelle Karvinen,252,VAN,LW,16,265.53333333333336,2.6850000000000005,2.4716961370416213,0.6067034898317851,0.5585052782669995,0.006594562702753604,0.006594562702753602,0.0,-0.47933549481507765,-0.019173419792603105,-0.021547462365594402,0.5851560274661908,1.367,0.0,1.367,0.303,0.0,0.303,0.068
2025-26,Abby Roque,42,MTL,LW,14,285.0333333333333,2.7610000000000006,2.1956271982772684,0.5811951818500761,0.46218324838019925,0.009434531662248738,0.009434531662248736,0.0,-0.595730155583516,-0.023829206223340643,-0.02722563762175019,0.5539695442283259,1.346,-0.027,1.319,0.299,-0.006,0.293,0.062
2025-26,Skylar Irving,272,MTL,RW,13,100.55,1.791,0.7866603762918293,1.0687220288413726,0.4694144463203357,0.031034375010270135,0.031034375010270135,0.0,-0.595730155583516,-0.023829206223340643,-0.03500158122703789,1.0337204476143347,1.292,-0.022,1.27,0.287,-0.005,0.282,0.168
2025-26,Ronja Savolainen,223,OTT,RD,16,356.05,2.9650000000000003,3.5734344359972323,0.4996489257126809,0.6021796549918099,0.006297161173462032,0.00629716117346203,0.0,-0.3257212912864213,-0.013028851651456853,-0.015295829673903184,0.4843530960387777,1.197,0.038,1.235,0.266,0.008,0.274,0.046
2025-26,Mikyla Grant-Mentis,138,SEA,C,14,206.63333333333335,2.07,1.9918231041058845,0.6010646878528794,0.5783645083708004,-0.00044115913455951283,-0.00044115913455951424,1.1614776576867236,0.7976415247577987,0.031905660990311946,0.03206447827875337,0.6331291661316327,1.044,0.185,1.229,0.232,0.041,0.273,0.079
2025-26,Hannah Miller,89,VAN,C,16,299.09999999999997,2.505,2.7632860425272185,0.5025075225677031,0.5543201690124813,-0.0006614644218032595,-0.0006614644218032609,0.8024072216649951,0.3230717268499175,0.0129228690739967,0.013160996265845873,0.515668518833549,1.02,0.173,1.193,0.226,0.038,0.264,0.053
2025-26,Haley Winn,246,BOS,RD,14,391.8833333333334,3.1940000000000004,3.076142580463613,0.48902309360779145,0.4709783221906607,0.0029095273363630852,0.002909527336363084,0.0,-0.7663585810841261,-0.030654343243365047,-0.03170177308445576,0.4573213205233357,1.248,-0.066,1.182,0.277,-0.015,0.262,0.04
2025-26,Shay Maloney,183,BOS,RW,14,219.51666666666668,2.2260000000000004,1.700573495843237,0.6084276061043202,0.4648139537647599,0.0002643109546051764,0.000264310954605175,0.0,-0.3999735854087965,-0.01599894341635186,-0.016094095360009723,0.5923335107443105,1.136,0.02,1.156,0.252,0.004,0.256,0.07
2025-26,Paetyn Levis,40,NY,RW,16,271.56666666666666,2.3020000000000005,2.344685298638689,0.5086043942555544,0.5180352936724733,-0.0028551789251900312,-0.0028551789251900325,0.0,0.08603199870155415,0.003441279948062166,0.004469144361130577,0.5130735386166849,0.954,0.118,1.072,0.212,0.026,0.238,0.053
2025-26,Katy Knoll,191,MIN,RW,15,207.01666666666668,2.072,1.7648472003927123,0.600531358183721,0.5115087288796203,-0.002356554018183842,-0.002356554018183843,0.0,-0.5816915312877897,-0.023267661251511588,-0.022419301804965406,0.5781120563787556,1.044,-0.003,1.041,0.232,-0.001,0.231,0.067
2025-26,Tereza Vanišová,161,VAN,LW,16,271.54999999999995,2.3780000000000006,2.497736393266168,0.5254280979561777,0.5518843071109192,-0.002421799175816197,-0.0024217991758161985,0.0,-0.47933549481507765,-0.019173419792603105,-0.018301572089309274,0.5071265258668685,1.03,0.015,1.045,0.228,0.003,0.231,0.051
2025-26,Liz Schepers,97,BOS,C,13,169.4666666666667,1.6380000000000003,1.3112961939561742,0.5799370574350905,0.46426694514577366,-0.0011223859683803655,-0.001122385968380367,1.416207710464201,1.0162341250554046,0.040649365002216185,0.04105342395083312,0.6209904813859236,0.797,0.177,0.974,0.177,0.039,0.216,0.076
2025-26,Peyton Hemp,286,OTT,RW,16,205.11666666666667,1.918,2.0559364883702895,0.5610465588689363,0.6013952513311971,0.007322300567041987,0.007322300567041985,0.0,0.04066370438890832,0.0016265481755563327,-0.0010094800285787818,0.5600370788403575,0.9,0.071,0.971,0.2,0.016,0.216,0.063
2025-26,Abby Newhook,259,BOS,RW,13,163.83333333333334,1.7650000000000001,1.2550453345618553,0.6463886063072228,0.4596300309687364,-0.003800805452374642,-0.0038008054523746434,0.0,-0.3999735854087965,-0.01599894341635186,-0.014630653453496989,0.6317579528537258,0.952,0.019,0.971,0.211,0.004,0.215,0.079
2025-26,Emma Gentry,244,TOR,C,16,183.35,1.8419999999999999,1.574974461420739,0.6027815653122444,0.5153993328892519,0.002726705027125874,0.0027267050271258726,0.0,-0.2226133531131865,-0.00890453412452746,-0.009886147934292775,0.5928954173779516,0.932,0.036,0.968,0.207,0.008,0.215,0.07
2025-26,Natálie Mlýnková,274,MTL,LW,15,208.01666666666668,2.02,1.6032695384753046,0.5826456213444435,0.4624445427859223,0.009738574176940087,0.009738574176940086,0.0,-0.595730155583516,-0.023829206223340643,-0.027335092927039076,0.5553105284174045,0.987,-0.02,0.967,0.219,-0.004,0.215,0.062
2025-26,Peyton Anderson,263,MIN,LW,13,111.36666666666666,1.4320000000000002,0.9773715382538797,0.7715055372642923,0.5265695207593486,0.01774327800522875,0.01774327800522875,0.0,-0.5816915312877897,-0.023267661251511588,-0.029655241333393936,0.7418502959308984,0.879,-0.015,0.864,0.195,-0.003,0.192,0.103
2025-26,Lexie Adzija,49,SEA,LW,14,205.18333333333334,1.868,2.0099006796146623,0.5462431971407684,0.5877379942013471,0.00731659914039666,0.007316599140396658,0.0,-0.36383613292892486,-0.014553445317156995,-0.017187421007699794,0.5290557761330686,0.849,0.015,0.864,0.188,0.003,0.191,0.056
2025-26,Izzy Daniel,209,VAN,RW,16,200.10000000000002,1.842,1.8470915578182254,0.5523238380809594,0.5538505420744304,0.0003371210628149157,0.0003371210628149143,0.0,-0.47933549481507765,-0.019173419792603105,-0.019294783375216475,0.5330290547057429,0.849,0.008,0.857,0.188,0.002,0.19,0.057
2025-26,Hannah Brandt,1,BOS,C,14,158.93333333333337,1.202,1.2176641796361796,0.4537751677852348,0.4596886584196986,-0.009418981681036984,-0.009418981681036985,3.775167785234899,3.3751941998261024,0.1350077679930441,0.1383986013982174,0.5921737691834522,0.413,0.424,0.837,0.092,0.094,0.186,0.07
2025-26,Danielle Serdachny,224,SEA,C,14,240.73333333333332,1.9939999999999998,2.3197347296844395,0.496981445582941,0.5781670608463018,-0.00370620223930003,-0.003706202239300031,0.0,-0.36383613292892486,-0.014553445317156995,-0.013219212511008984,0.483762233071932,0.799,0.034,0.833,0.177,0.008,0.185,0.046
2025-26,Megan Keller,12,BOS,LD,14,375.75,2.299,2.9566329949237966,0.36710578842315367,0.4721170450976122,0.00045503986301677346,0.00045503986301677205,1.7564870259481038,0.9901284448639777,0.039605137794559105,0.039441323443873064,0.40654711186702674,0.433,0.383,0.816,0.096,0.085,0.181,0.029
2025-26,Mannon McMahon,220,OTT,RW,13,179.38333333333333,1.6109999999999998,1.75557615791298,0.538846046641271,0.5872037692545506,-0.007523486580271452,-0.0075234865802714535,0.0,0.04066370438890832,0.0016265481755563327,0.004335003344454056,0.543181049985725,0.72,0.078,0.798,0.16,0.017,0.177,0.059
2025-26,Kiara Zanon,317,TOR,LW,16,206.46666666666664,1.7910000000000001,1.8110509457231965,0.5204714239586699,0.5262983051827178,0.011199789922018387,0.011199789922018385,0.0,-0.2226133531131865,-0.00890453412452746,-0.012936458496454079,0.5075349654622158,0.766,0.03,0.796,0.17,0.007,0.177,0.051
2025-26,Savannah Norcross,147,NY,RW,15,58.43333333333334,1.049,0.49858163299158986,1.077124928693668,0.511949195313669,0.007814456306587631,0.00781445630658763,0.0,0.08603199870155415,0.003441279948062166,0.0006280756776906194,1.0777530043713586,0.759,0.022,0.781,0.168,0.005,0.173,0.178
2025-26,Anna Bargman,277,NY,RW,15,79.18333333333334,1.1,0.6766404112566191,0.8335087350031573,0.5127142665804733,0.001399544103025026,0.0013995441030250245,0.0,0.08603199870155415,0.003441279948062166,0.002937444070973157,0.8364461790741304,0.707,0.032,0.739,0.157,0.007,0.164,0.124
2025-26,Michela Cava,115,VAN,RW,13,188.85,1.4569999999999999,1.739742216166739,0.4629070691024622,0.5527377970347067,-0.0034109616099022855,-0.0034109616099022868,1.5885623510722795,1.1092268562572019,0.044369074250288076,0.0455970204298529,0.5085040895323151,0.519,0.212,0.731,0.115,0.047,0.162,0.051
2025-26,Theresa Schafzahl,17,BOS,RW,14,212.3666666666667,1.6380000000000001,1.6433079392365595,0.462784492230419,0.4642841454443269,-0.004557967149326034,-0.0045579671493260355,0.8475906451106575,0.44761705970186105,0.017904682388074442,0.019545550561831816,0.48233004279225083,0.584,0.146,0.73,0.13,0.032,0.162,0.046
2025-26,Jessica DiGirolamo,5,MTL,LD,15,272.5333333333333,1.5070000000000001,2.0665250998348363,0.3317759295499022,0.4549590483980805,-0.005140682559020213,-0.005140682559020214,3.5225048923679063,2.560389741109061,0.10241558964436244,0.10426623536560972,0.43604216491551195,0.154,0.572,0.726,0.034,0.127,0.161,0.035
2025-26,Jamie Lee Rattray,16,BOS,LW,14,213.53333333333336,1.662,1.6472347983547064,0.46699968779269424,0.4628508643519312,-0.005867015800507455,-0.005867015800507457,0.5619731501717139,0.16199956476291738,0.006479982590516695,0.008592108278699379,0.4755917960713936,0.602,0.108,0.71,0.134,0.024,0.158,0.044
2025-26,Claire Dalton,26,TOR,RW,16,221.21666666666667,1.6370000000000002,1.8942833881195693,0.44399909590898823,0.5137813755164958,-0.0035709720655258473,-0.0035709720655258486,0.5424546070971145,0.31984125398392793,0.012793650159357118,0.014079200102946424,0.45807829601193467,0.539,0.132,0.671,0.12,0.029,0.149,0.04
2025-26,Gabbie Hughes,57,OTT,C,14,216.70000000000002,1.6099999999999999,2.1928552465667144,0.4457775726811259,0.6071588130780011,0.009688594657140795,0.009688594657140793,0.0,0.04066370438890832,0.0016265481755563327,-0.001861345901014353,0.44391622678011156,0.534,0.071,0.605,0.118,0.016,0.134,0.037
2025-26,Sara Hjalmarsson,313,TOR,LW,16,172.13333333333333,1.38,1.4488685671761818,0.4810224632068164,0.5050277732217521,-0.011233402377041658,-0.01123340237704166,0.0,-0.2226133531131865,-0.00890453412452746,-0.004860509268792462,0.47616195393802396,0.525,0.048,0.573,0.116,0.011,0.127,0.044
2025-26,Kayla Vespa,45,NY,C,16,113.33333333333333,1.049,0.9539241027561196,0.5553529411764706,0.5050186426355927,-0.014494032414743879,-0.01449403241474388,0.0,0.08603199870155415,0.003441279948062166,0.008659131617369963,0.5640120727938406,0.486,0.057,0.543,0.108,0.013,0.121,0.064
2025-26,Catherine Dubois,157,MTL,LW,11,97.09999999999998,1.0230000000000001,0.7178889076395671,0.632131822863028,0.4435976772232136,-0.00764980825485638,-0.007649808254856382,0.0,-0.595730155583516,-0.023829206223340643,-0.021075275251592345,0.6110565476114357,0.541,0.001,0.542,0.12,0.0,0.12,0.074
2025-26,Emmy Fecteau,204,NY,LW,15,108.33333333333334,1.0230000000000001,0.9222238721595895,0.5665846153846155,0.5107701445806957,-0.008411504711716682,-0.008411504711716684,0.0,0.08603199870155415,0.003441279948062166,0.006469421644280172,0.5730540370288957,0.485,0.051,0.536,0.108,0.011,0.119,0.066
2025-26,Kaitlin Willoughby,128,MTL,RW,15,146.11666666666667,1.177,1.1312402534322508,0.4833124215809285,0.4645220614071065,0.008888492947078455,0.008888492947078453,0.8212615489905326,0.22553139340701656,0.009021255736280662,0.0058213982753324185,0.4891338198562609,0.452,0.067,0.519,0.1,0.015,0.115,0.047
2025-26,Klára Hymlárová,190,MIN,C,15,180.54999999999998,1.407,1.5445151040338918,0.46757130988645806,0.5132700428802743,-0.004513907880004985,-0.004513907880004987,0.0,-0.5816915312877897,-0.023267661251511588,-0.02164265441470979,0.44592865547174826,0.511,0.0,0.511,0.113,0.0,0.113,0.038
2025-26,Anna Shokhina,239,OTT,RW,12,128.20000000000002,1.074,1.2142523112412413,0.5026521060842434,0.5682928133734358,-0.027501169147285717,-0.027501169147285717,0.0,0.04066370438890832,0.0016265481755563327,0.011526969068579189,0.5141790751528226,0.437,0.071,0.508,0.097,0.016,0.113,0.053
2025-26,Brooke McQuigge,192,VAN,LW,13,128.81666666666666,1.126,1.2410821948876496,0.524466295769181,0.5780690777067587,0.023734624684530248,0.023734624684530248,0.0,-0.47933549481507765,-0.019173419792603105,-0.027717884679033994,0.496748411090147,0.486,-0.013,0.473,0.108,-0.003,0.105,0.049
2025-26,Kali Flanagan,68,TOR,RD,16,362.2333333333333,2.068,3.1063454571177527,0.3425416398269992,0.5145322373067043,-0.0058103173160677715,-0.005810317316067773,0.8281954541271741,0.23919710533865798,0.00956788421354632,0.011659598447330718,0.3542012382743299,0.27,0.201,0.471,0.06,0.045,0.105,0.017
2025-26,Ella Shelton,44,TOR,RD,16,402.8166666666667,2.478,3.472071011876298,0.36910091439447223,0.5171689206319943,-0.002390865203980054,-0.0023908652039800553,0.0,-0.5889983487885161,-0.023559933951540643,-0.022699222478107822,0.3464016919163644,0.478,-0.007,0.471,0.106,-0.002,0.104,0.015
2025-26,Jade Downie-Landry,35,MTL,LW,8,87.56666666666666,0.869,0.5957837122240598,0.59543205177008,0.4082263730503645,-0.04410274721487549,-0.04410274721487549,0.0,-0.595730155583516,-0.023829206223340643,-0.007952217225985467,0.5874798345440945,0.434,0.02,0.454,0.096,0.004,0.1,0.069
2025-26,Vanessa Upson,269,MIN,C,12,68.9,0.768,0.5618671797099175,0.6687953555878083,0.4892892711552257,-0.022564099621477138,-0.022564099621477138,0.0,-0.5816915312877897,-0.023267661251511588,-0.015144585387779819,0.6536507702000285,0.426,0.007,0.433,0.094,0.002,0.096,0.084
2025-26,Kendall Cooper,236,MIN,RD,15,335.73333333333335,2.1470000000000002,2.8595482491755027,0.38369737887212074,0.5110392025929213,-0.009216724390099061,-0.009216724390099063,0.0,-0.9480765269631194,-0.03792306107852478,-0.03460504029808911,0.34909233857403166,0.48,-0.073,0.407,0.106,-0.016,0.09,0.016
2025-26,Cayla Barnes,196,SEA,RD,14,333.41666666666663,2.0700000000000003,3.2087194152240723,0.3725068732816797,0.5774251384557192,-0.008116704119879262,-0.008116704119879263,0.0,-0.7302211286042545,-0.02920884514417018,-0.026286831661013647,0.34622004162066605,0.415,-0.026,0.389,0.092,-0.006,0.086,0.015
2025-26,Erin Ambrose,83,MTL,RD,14,289.2833333333333,1.5839999999999999,2.226459025004146,0.32853603733364056,0.461787894798348,0.0015926760487234987,0.0015926760487234971,1.6592729158264679,0.6971577645676221,0.027886310582704885,0.027312947205164428,0.355848984538805,0.148,0.236,0.384,0.033,0.052,0.085,0.018
2025-26,Renata Fast,67,TOR,RD,12,288.21666666666664,1.431,2.2566470321621446,0.29790088475105536,0.4697813748790679,-0.0518768553508732,-0.0518768553508732,1.4572370323252186,0.8682386835367025,0.0347295473414681,0.053405215267782455,0.35130610001883783,0.0,0.361,0.361,0.0,0.08,0.08,0.017
2025-26,Anna Meixner,221,OTT,LW,13,150.00000000000003,1.023,1.426066286450245,0.4091999999999999,0.5704265145800979,-0.028121737132630872,-0.028121737132630872,0.0,0.04066370438890832,0.0016265481755563327,0.011750373543303445,0.42095037354330334,0.278,0.083,0.361,0.062,0.018,0.08,0.032
2025-26,Gabby Rosenthal,227,VAN,C,16,255.35000000000002,1.611,2.373944499564808,0.37853925983943604,0.5578095554097845,-0.000825735294795571,-0.0008257352947955724,0.0,-0.47933549481507765,-0.019173419792603105,-0.0188761550864767,0.3596631047529593,0.343,0.012,0.355,0.076,0.003,0.079,0.019
2025-26,Emma Greco,118,VAN,RD,13,71.68333333333332,0.179,0.6433724200523679,0.1498256219483841,0.5385121395462741,-0.02686391873466598,-0.02686391873466598,10.881190420832366,10.035469930341959,0.40141879721367835,0.4110898079581581,0.5609154299065422,-0.177,0.517,0.34,-0.039,0.115,0.076,0.064
2025-26,Natalie Snodgrass,142,SEA,RW,13,188.43333333333334,1.2530000000000001,1.8212934033107469,0.3989739961082611,0.5799271406261002,-0.004834649106851677,-0.0048346491068516784,0.0,-0.36383613292892486,-0.014553445317156995,-0.012812971638690392,0.38616102446957074,0.317,0.028,0.345,0.07,0.006,0.076,0.024
2025-26,Kateřina Mrázová,88,OTT,C,16,277.75,1.6110000000000002,2.7747805509898384,0.34801080108010807,0.5994125402678319,-0.0009391114166079489,-0.0009391114166079504,0.0,0.04066370438890832,0.0016265481755563327,0.001964628285535195,0.34997542936564324,0.232,0.109,0.341,0.051,0.024,0.075,0.016
2025-26,Alexa Vasko,101,OTT,C,16,168.1833333333333,1.0230000000000001,1.6979645100642284,0.3649588742443763,0.6057548544476488,0.005902705211427231,0.005902705211427229,0.7135070855217521,0.7541707899106604,0.030166831596426417,0.028041857720312615,0.3930007319646889,0.188,0.139,0.327,0.042,0.031,0.073,0.026
2025-26,Maja Nylen Persson,229,NY,RD,16,333.6166666666667,1.891,2.9027758424225256,0.3400909227156917,0.5220559041175546,-0.003801085368257055,-0.0038010853682570564,0.0,-0.28035299697377547,-0.01121411987895102,-0.00984572914637848,0.3302451935693132,0.235,0.066,0.301,0.052,0.015,0.067,0.012
2025-26,Anna Segedi,248,VAN,C,13,152.55,1.049,1.407221144429203,0.4125860373647984,0.553479309510011,-0.004152536816967811,-0.004152536816967813,0.0,-0.47933549481507765,-0.019173419792603105,-0.017678506538494693,0.3949075308263037,0.292,0.01,0.302,0.065,0.002,0.067,0.026
2025-26,Elle Hartje,206,NY,C,15,200.91666666666669,1.202,1.7292914729984092,0.35895479054334295,0.5164205145412089,-0.008880509197261004,-0.008880509197261006,0.0,0.08603199870155415,0.003441279948062166,0.006638263259076128,0.3655930538024191,0.204,0.095,0.299,0.045,0.021,0.066,0.02
2025-26,Sophie Shirley,18,BOS,RW,12,130.7,0.9209999999999999,1.0236337599233785,0.42280030604437646,0.4699160336297071,-0.00010451374507773614,-0.00010451374507773758,0.0,-0.3999735854087965,-0.01599894341635186,-0.015961318468123875,0.4068389875762526,0.272,0.012,0.284,0.06,0.003,0.063,0.029
2025-26,Alexandra Labelle,39,MTL,C,13,135.26666666666665,0.946,1.0556525384890276,0.4196155741744702,0.4682539599014909,0.010743084746186751,0.01074308474618675,0.0,-0.595730155583516,-0.023829206223340643,-0.02769671673196787,0.3919188574425023,0.274,-0.014,0.26,0.061,-0.003,0.058,0.026
2025-26,Nina Jobst-Smith,305,VAN,D,6,71.45,0.612,0.6105454247063253,0.5139258222533241,0.5127043454496784,-0.041940761903312085,-0.041940761903312085,0.0,-0.8457204904904073,-0.03382881961961629,-0.018730145334423944,0.4951956769189001,0.257,0.003,0.26,0.057,0.001,0.058,0.049
2025-26,Emma Woods,86,TOR,RW,16,135.86666666666667,0.895,1.1693472199811699,0.3952404317958783,0.5163947487649915,-0.002394639586224913,-0.002394639586224914,0.0,-0.2226133531131865,-0.00890453412452746,-0.008042463873486491,0.3871979679223918,0.22,0.031,0.251,0.049,0.007,0.056,0.025
2025-26,Claire Thompson,169,VAN,RD,15,325.85,1.8900000000000001,3.038561840750507,0.34801288936627284,0.5595019501151769,-3.302969498886199e-05,-3.302969498886343e-05,0.0,-0.8457204904904073,-0.03382881961961629,-0.0338169289294203,0.31419596043685255,0.272,-0.066,0.206,0.06,-0.015,0.045,0.008
2025-26,Kati Tabin,84,MTL,RD,15,319.1333333333334,1.66,2.3779128851325373,0.31209525799039056,0.447069479135008,-0.013610290834862634,-0.013610290834862636,0.7520367662419051,-0.2100783850169406,-0.008403135400677624,-0.0035034307001270753,0.30859182729026347,0.075,0.096,0.171,0.017,0.021,0.038,0.007
2025-26,Jaime Bourbonnais,87,NY,LD,14,287.81666666666666,1.558,2.5542599007842184,0.32479008628177664,0.5324764400268218,0.006168496312499845,0.006168496312499844,0.0,-0.28035299697377547,-0.01121411987895102,-0.013434778551450963,0.31135530773032566,0.129,0.039,0.168,0.029,0.009,0.038,0.008
2025-26,Brooke Bryant,91,SEA,RW,14,101.75,0.665,1.0005843975219122,0.3921375921375922,0.5900251975559188,0.0050619217609668005,0.005061921760966799,0.0,-0.36383613292892486,-0.014553445317156995,-0.016375737151105043,0.3757618549864872,0.16,0.009,0.169,0.035,0.002,0.037,0.022
2025-26,Micah Zandee-Hart,47,NY,LD,16,290.4166666666667,1.5329999999999997,2.5096029392551547,0.3167173601147776,0.5184832471344939,-0.008062620174158024,-0.008062620174158026,0.0,-0.28035299697377547,-0.01121411987895102,-0.00831157661625413,0.30840578349852343,0.091,0.065,0.156,0.02,0.014,0.034,0.007
2025-26,Laura Kluge,212,BOS,LW,13,125.85,0.768,1.0087345929459237,0.366150178784267,0.48092233275133434,0.009232163291252107,0.009232163291252106,0.0,-0.3999735854087965,-0.01599894341635186,-0.01932252220120262,0.34682765658306436,0.143,0.005,0.148,0.032,0.001,0.033,0.016
2025-26,Savannah Harmon,56,TOR,LD,16,368.3833333333334,1.967,3.193435929267298,0.32037280007238833,0.5201271024459246,-0.0008688237798761059,-0.0008688237798761073,0.0,-0.5889983487885161,-0.023559933951540643,-0.023247157390785245,0.2971256426816031,0.138,-0.01,0.128,0.031,-0.002,0.029,0.005
2025-26,Maggie Flaherty,79,MTL,LD,15,278.6,1.1480000000000001,2.0572887810200116,0.24723618090452262,0.443062910485286,-0.019528420018903578,-0.019528420018903578,2.1536252692031588,1.191510117944313,0.047660404717772525,0.05469063592457781,0.30192681682910044,-0.235,0.354,0.119,-0.052,0.079,0.027,0.006
2025-26,Lina Ljungblom,201,MTL,LW,6,57.61666666666667,0.384,0.3954899461254728,0.3998842927393694,0.41184952445811457,-0.04624288131059838,-0.04624288131059838,0.0,-0.595730155583516,-0.023829206223340643,-0.007181768951525228,0.39270252378784415,0.098,0.014,0.112,0.022,0.003,0.025,0.026
2025-26,Marah Wagner,295,SEA,LW,11,96.0,0.588,0.9908932412116758,0.36749999999999994,0.6193082757572974,0.03361886800199525,0.03361886800199525,0.0,-0.36383613292892486,-0.014553445317156995,-0.026656237797875286,0.34084376220212464,0.111,-0.008,0.103,0.025,-0.002,0.023,0.014
2025-26,Dara Greig,199,MTL,LW,15,177.18333333333337,0.972,1.3213516471299955,0.3291505973097544,0.4474523497006851,-0.012724756416920932,-0.012724756416920934,0.0,-0.595730155583516,-0.023829206223340643,-0.019248293913249108,0.30990230339650526,0.092,0.007,0.099,0.02,0.002,0.022,0.007
2025-26,Claire Butorac,102,MIN,RW,15,143.9,0.691,1.2327040911133704,0.2881167477414871,0.5139836377123157,-0.00908929146259112,-0.009089291462591121,0.8339124391938847,0.25222090790609497,0.010088836316243799,0.013360981242776602,0.3014777289842637,-0.023,0.084,0.061,-0.005,0.019,0.014,0.006
2025-26,Clara Van Wieren,316,TOR,C,16,174.10000000000002,0.844,1.4797589118046317,0.2908673176335439,0.5099686083186553,-0.011896918868341134,-0.011896918868341136,0.0,-0.2226133531131865,-0.00890453412452746,-0.004621643331924651,0.28624567430161924,-0.02,0.049,0.029,-0.004,0.011,0.007,0.002
2025-26,Lee Stecklein,24,MIN,LD,13,314.4833333333333,1.2,2.715111682427907,0.22894695002384866,0.5180137822216581,-0.0068030300799070565,-0.006803030079907058,2.098680375218613,1.1506038482554937,0.04602415393021975,0.04847324475898629,0.277420194782835,-0.361,0.368,0.007,-0.08,0.082,0.002,0.0
2025-26,Jincy Roese,60,NY,LD,16,269.06666666666666,1.252,2.2667491131454685,0.27918731417244796,0.5054693265190588,-0.022182645869990063,-0.022182645869990063,0.0,-0.28035299697377547,-0.01121411987895102,-0.003228367365754596,0.27595894680669336,-0.084,0.083,-0.001,-0.019,0.018,-0.001,-0.0
2025-26,Anna Wilgren,203,SEA,LD,14,298.09999999999997,1.481,2.8604828340211674,0.29808788996980884,0.575742938749648,-0.011992218900643462,-0.011992218900643463,0.0,-0.7302211286042545,-0.02920884514417018,-0.024891646339938532,0.27319624362987033,0.001,-0.016,-0.015,0.0,-0.004,-0.004,-0.001
2025-26,Brooke Becker,264,MIN,RD,14,182.58333333333331,0.9199999999999999,1.6044380159621063,0.3023277042446372,0.527245719531135,0.004591623075207175,0.004591623075207173,0.0,-0.9480765269631194,-0.03792306107852478,-0.03957604538559936,0.26275165885903784,0.013,-0.055,-0.042,0.003,-0.012,-0.009,-0.003
2025-26,Mae Batherson,188,MIN,LD,15,296.05,1.481,2.519301097013146,0.30015200135112313,0.5105828941759458,-0.012135325729967826,-0.012135325729967828,0.0,-0.9480765269631194,-0.03792306107852478,-0.03355434381573636,0.2665976575353868,0.011,-0.059,-0.048,0.002,-0.013,-0.011,-0.002
2025-26,Taylor House,217,OTT,C,11,94.56666666666666,0.409,1.0553464488496054,0.25949947127247086,0.6695888642683432,0.0666285605262066,0.0666285605262066,0.0,0.04066370438890832,0.0016265481755563327,-0.022359733613878042,0.2371397376585928,-0.061,-0.001,-0.062,-0.014,-0.0,-0.014,-0.009
2025-26,Kathryn Reilly,289,OTT,RD,11,134.35,0.511,1.184468830776192,0.22820989951618906,0.5289775202573243,-0.07490496605651108,-0.07490496605651108,0.0,-0.3257212912864213,-0.013028851651456853,0.013936936128887132,0.2421468356450762,-0.156,0.08,-0.076,-0.035,0.018,-0.017,-0.008
2025-26,Zoe Boyd,52,BOS,LD,12,207.50000000000003,0.9960000000000001,1.6735780908567903,0.288,0.4839261949465417,0.009932742673535791,0.00993274267353579,0.0,-0.7663585810841261,-0.030654343243365047,-0.03423013060583793,0.253769869394162,-0.034,-0.044,-0.078,-0.008,-0.01,-0.018,-0.005
2025-26,Jessica Kondas,132,TOR,RD,6,60.06666666666666,0.255,0.6294572255849019,0.25471698113207547,0.6287586049127767,0.10582763616133947,0.10582763616133947,0.0,-0.5889983487885161,-0.023559933951540643,-0.06165788296962285,0.19305909816245262,-0.043,-0.04,-0.083,-0.01,-0.009,-0.019,-0.019
2025-26,Allyson Simpson,230,NY,RD,16,291.3166666666666,1.2779999999999998,2.4972949618247626,0.2632187196063848,0.5143464650477229,-0.013776142085644354,-0.013776142085644356,0.0,-0.28035299697377547,-0.01121411987895102,-0.0062547087281190515,0.25696401087826576,-0.168,0.075,-0.093,-0.037,0.017,-0.02,-0.004
2025-26,Stephanie Markowski,219,OTT,LD,16,270.81666666666666,1.2000000000000002,2.703940826610834,0.26586251461628413,0.599063756280325,-0.0037090125309939687,-0.00370901253099397,0.0,-0.3257212912864213,-0.013028851651456853,-0.011693607140299024,0.2541689074759851,-0.145,0.045,-0.1,-0.032,0.01,-0.022,-0.005
2025-26,Darcie Lappan,306,VAN,C,12,100.46666666666668,0.358,0.9432265819710742,0.21380225613802253,0.5633071823317629,-0.0001833232319596867,-0.00018332323195968813,0.0,-0.47933549481507765,-0.019173419792603105,-0.019107423429097617,0.1946948327089249,-0.141,0.004,-0.137,-0.031,0.001,-0.03,-0.018
2025-26,Sidney Morin,167,MIN,RD,15,319.50000000000006,1.353,2.7353899128721957,0.2540845070422535,0.5136882465487691,-0.010387698566820468,-0.01038769856682047,0.7511737089201878,-0.19690281804293164,-0.007876112721717265,-0.004136541237661896,0.2499479658045916,-0.233,0.093,-0.14,-0.052,0.021,-0.031,-0.006
2025-26,Lauren Bernard,207,NY,RD,16,219.75,0.869,1.8912083945060563,0.23726962457337883,0.5163708926978994,-0.012516499692907006,-0.012516499692907008,0.0,-0.28035299697377547,-0.01121411987895102,-0.0067081799895044964,0.23056144458387434,-0.222,0.055,-0.167,-0.049,0.012,-0.037,-0.01
2025-26,Anna Kjellbin,200,TOR,LD,16,183.95000000000002,0.766,1.6306342867867039,0.24985050285403637,0.5318731025126514,0.008798706376252984,0.008798706376252982,0.0,-0.5889983487885161,-0.023559933951540643,-0.026727468246991716,0.22312303460704466,-0.147,-0.016,-0.163,-0.033,-0.004,-0.037,-0.012
2025-26,Daniela Pejšová,185,BOS,LD,12,151.75,0.587,1.1617583480004752,0.23209225700164743,0.45934432210891935,-0.01629687231337755,-0.01629687231337755,0.0,-0.7663585810841261,-0.030654343243365047,-0.02478746921054913,0.2073047877910983,-0.166,-0.008,-0.174,-0.037,-0.002,-0.039,-0.015
2025-26,Katie Chan,301,VAN,RW,13,119.16666666666666,0.409,1.137251547245289,0.20593006993006993,0.5726021776339917,0.008879658894163978,0.008879658894163976,0.0,-0.47933549481507765,-0.019173419792603105,-0.022370096994502136,0.1835599729355678,-0.183,-0.001,-0.184,-0.041,-0.0,-0.041,-0.021
2025-26,Aneta Tejralová,62,SEA,D,7,99.60000000000001,0.358,1.0873060613421464,0.2156626506024096,0.6550036514109315,0.06483921413339659,0.06483921413339659,0.0,-0.7302211286042545,-0.02920884514417018,-0.05255096223219295,0.16311168837021667,-0.137,-0.051,-0.188,-0.03,-0.011,-0.041,-0.025
2025-26,Lyndie Lobdell,294,SEA,RD,10,127.11666666666667,0.43399999999999994,1.1952469431378898,0.20485118657401333,0.5641653330662649,-0.02631774531569915,-0.02631774531569915,0.0,-0.7302211286042545,-0.02920884514417018,-0.019734456830518485,0.18511672974349486,-0.197,0.004,-0.193,-0.044,0.001,-0.043,-0.02
2025-26,Emily Brown,2,SEA,LD,14,266.5833333333333,0.5609999999999999,2.5928118159426274,0.12626445764301344,0.5835650226566714,-0.009234204771737378,-0.00923420477173738,3.1509846827133483,2.420763554109094,0.09683054216436376,0.10015485588218923,0.22641931352520267,-0.763,0.541,-0.222,-0.169,0.12,-0.049,-0.011
2025-26,Megan Carter,208,SEA,LD,14,246.26666666666668,1.0219999999999998,2.3945140870406685,0.2489983757444504,0.5833954191490529,-0.005786530257430991,-0.005786530257430993,0.0,-0.7302211286042545,-0.02920884514417018,-0.02712569425149502,0.2218726814929554,-0.201,-0.023,-0.224,-0.045,-0.005,-0.05,-0.012
2025-26,Nicole Gosling,253,MTL,LD,15,311.1500000000001,1.379,2.3445041990034143,0.2659167604049493,0.4520978690027473,-0.00994289772323835,-0.009942897723238352,0.0,-0.9621151512588457,-0.03848460605035383,-0.03490516286998802,0.2310115975349613,-0.166,-0.069,-0.235,-0.037,-0.015,-0.052,-0.01
2025-26,Hadley Hartmetz,182,BOS,RD,11,129.21666666666667,0.434,1.0446501264820258,0.20152199148716626,0.48506906427644686,0.00852688705102174,0.008526887051021738,0.0,-0.7663585810841261,-0.030654343243365047,-0.033724022581732876,0.1677979689054334,-0.208,-0.026,-0.234,-0.046,-0.006,-0.052,-0.024
2025-26,Rylind MacKinnon,232,BOS,LD,12,113.41666666666666,0.33199999999999996,0.877141952740172,0.17563556208670095,0.4640280719859838,-0.013277043582687484,-0.013277043582687486,0.0,-0.7663585810841261,-0.030654343243365047,-0.025874607553597554,0.1497609545331034,-0.231,-0.008,-0.239,-0.051,-0.002,-0.053,-0.028
2025-26,Rory Guilday,242,OTT,LD,16,336.35,1.3279999999999998,3.356057842998179,0.23689609038204248,0.5986724262818217,-0.004954056086247535,-0.004954056086247537,0.0,-0.3257212912864213,-0.013028851651456853,-0.01124539146040774,0.22565069892163475,-0.342,0.058,-0.284,-0.076,0.013,-0.063,-0.011
2025-26,Riley Brengman,255,BOS,RD,13,248.98333333333332,0.9450000000000001,1.8858993831067559,0.2277260860834059,0.4544640055682657,-0.02130587091964796,-0.02130587091964796,0.0,-0.7663585810841261,-0.030654343243365047,-0.022984229712291783,0.2047418563711141,-0.291,-0.006,-0.297,-0.065,-0.001,-0.066,-0.016
2025-26,Allie Munroe,74,TOR,LD,10,162.25,0.38299999999999995,1.3965348096379087,0.14163328197226502,0.5164381422389801,-0.009825688250568322,-0.009825688250568324,1.1093990755007705,0.5204007267122545,0.02081602906849018,0.024353276838694773,0.1659865588109598,-0.423,0.124,-0.299,-0.094,0.028,-0.066,-0.024
2025-26,Samantha Isbell,108,OTT,RD,7,92.63333333333334,0.153,1.0236833632130447,0.09910039582583662,0.6630550751289961,0.05536740621083171,0.05536740621083171,0.0,-0.3257212912864213,-0.013028851651456853,-0.03296111788735627,0.06613927793848035,-0.307,-0.017,-0.324,-0.068,-0.004,-0.072,-0.047
2025-26,Jocelyne Larocque,71,OTT,RD,16,370.2333333333333,1.2009999999999998,3.7134576549993628,0.1946340145853966,0.6018028071485417,-0.0030692451508465973,-0.0030692451508465986,0.972359773116053,0.6466384818296318,0.025865539273185273,0.02697046752749005,0.22160448211288664,-0.637,0.3,-0.337,-0.141,0.067,-0.074,-0.012
2025-26,Jenna Buglioni,237,SEA,C,10,72.36666666666667,0.0,0.7153494817428735,0.0,0.593104130417859,-0.0034164289344997406,-0.003416428934499742,0.0,-0.36383613292892486,-0.014553445317156995,-0.013323530900737087,-0.013323530900737087,-0.359,0.01,-0.349,-0.08,0.002,-0.078,-0.065
2025-26,Sydney Bard,180,VAN,LD,16,231.06666666666666,0.741,2.1595903515713024,0.19241200230813618,0.5607707202579839,-0.0033502100184762407,-0.003350210018476242,0.0,-0.8457204904904073,-0.03382881961961629,-0.03262274401296485,0.15978925829517132,-0.406,-0.042,-0.448,-0.09,-0.009,-0.099,-0.026
2025-26,Amanda Boulier,51,MTL,RD,15,240.8,0.7150000000000001,1.8274268798398943,0.178156146179402,0.45533892354814637,-0.00928836975451329,-0.009288369754513292,0.4983388704318936,-0.46377628082695205,-0.018551051233078084,-0.015207238121453298,0.1629489080579487,-0.481,0.026,-0.455,-0.107,0.006,-0.101,-0.025
2025-26,Mariah Keopple,99,SEA,RD,14,216.20000000000002,0.511,2.0837803456045347,0.14181313598519887,0.5782924178365961,-0.014048550837368959,-0.01404855083736896,0.5550416281221091,-0.17517950048214537,-0.007007180019285815,-0.001949701717832989,0.1398634342673659,-0.562,0.071,-0.491,-0.125,0.016,-0.109,-0.03
2025-26,Brooke Hobson,38,OTT,LD,16,255.99999999999994,0.7160000000000001,2.507779147871912,0.16781250000000003,0.5877607377824794,-0.017901812178234375,-0.017901812178234375,0.0,-0.3257212912864213,-0.013028851651456853,-0.006584199267292479,0.16122830073270755,-0.555,0.064,-0.491,-0.123,0.014,-0.109,-0.026
2025-26,Madison Samoskevich,310,VAN,D,13,134.23333333333332,0.179,1.2619168048245122,0.08000993295257015,0.5640551896409541,-0.0033785130246569706,-0.003378513024656972,0.0,-0.8457204904904073,-0.03382881961961629,-0.03261255493073978,0.047397378021830375,-0.487,-0.025,-0.512,-0.108,-0.006,-0.114,-0.051
2025-26,Natalie Buchbinder,90,MIN,RD,15,255.33333333333334,0.306,2.212741697034218,0.0719060052219321,0.5199654118357171,-0.009479793064744712,-0.009479793064744713,2.349869451697128,1.4017929247340088,0.05607171698936036,0.05948444249266845,0.13139044771460057,-0.962,0.345,-0.617,-0.213,0.077,-0.136,-0.032
2025-26,Ashton Bell,50,VAN,LD,16,329.08333333333326,1.0730000000000002,3.0644569827200736,0.19563433780703984,0.5587260135625357,-0.005299946362127939,-0.00529994636212794,0.0,-0.8457204904904073,-0.03382881961961629,-0.03192083892925023,0.1637134988777896,-0.561,-0.056,-0.617,-0.124,-0.012,-0.136,-0.025
2025-26,Mellissa Channell-Watkins,129,VAN,LD,16,305.31666666666666,0.689,2.8366687491811264,0.13540040395218078,0.5574544187484063,-0.008346787077941897,-0.008346787077941899,0.9825863857197447,0.13686589522933737,0.005474635809173495,0.00847947915723258,0.14387988310941335,-0.827,0.153,-0.674,-0.183,0.034,-0.149,-0.029
