GameID,Season,SeasonStage,Team,PlayerID,Name,position,TOI,EV_ixG,PP_ixG,SH_ixG,EV_G,PP_G,SH_G,EN_G,EV_A1,EV_A2,PP_A1,PP_A2,SH_A1,SH_A2,plusMinus,PIM,hits,EV_Shots,EV_SA,EV_xGA,EV_GA,PP_GA,SH_GA,Faceoffs,faceoffWins
210,20252026,Regular,MIN,24,Lee Stecklein,LD,25.2,0.19633,0.0,0.0,0,0,0,0,0,0,0,0,0,0,0,0,0,3,0,0,0,0,0,0,0
210,20252026,Regular,MIN,236,Kendall Cooper,RD,24.1,0.15310200000000002,0.0,0.0,0,0,0,0,0,0,0,0,0,0,0,0,0,3,0,0,0,0,0,0,0
210,20252026,Regular,MIN,167,Sidney Morin,RD,21.2,0.102068,0.0,0.0,0,0,0,0,0,0,0,0,0,0,-1,0,0,2,0,0,0,0,0,0,0
210,20252026,Regular,MIN,191,Katy Knoll,RW,13.333333333333334,0.094262,0.0,0.0,0,0,0,0,0,0,0,0,0,0,-2,2,2,1,0,0,0,0,0,1,0
210,20252026,Regular,MIN,102,Claire Butorac,RW,9.8,0.094262,0.0,0.0,0,0,0,0,0,0,0,0,0,0,0,0,0,1,0,0,0,0,0,0,0
210,20252026,Regular,MIN,162,Madison Bizal,LD,13.85,0.051034,0.0,0.0,0,0,0,0,0,0,0,0,0,0,0,0,0,1,0,0,0,0,0,0,0
210,20252026,Regular,MIN,23,Kelly Pannek,C,15.833333333333334,0.094262,0.0,0.0,0,0,0,0,1,0,0,0,0,0,1,2,0,2,0,0,0,0,0,7,5
210,20252026,Regular,MIN,25,Grace Zumwinkle,RW,17.85,0.051034,0.0,0.0,0,0,0,0,0,0,0,0,0,0,0,0,0,1,0,0,0,0,0,0,0
210,20252026,Regular,MIN,195,Dominique Petrie,C,15.0,0.282786,0.0,0.0,0,0,0,0,0,0,0,0,0,0,-2,0,1,3,0,0,0,0,0,6,2
210,20252026,Regular,MIN,188,Mae Batherson,LD,19.016666666666666,0.0,0.0,0.0,0,0,0,0,0,0,0,0,0,0,-1,0,0,0,0,0,0,0,0,1,0
210,20252026,Regular,MIN,90,Natalie Buchbinder,RD,13.65,0.051034,0.0,0.0,0,0,0,0,0,0,0,0,0,0,0,0,0,1,0,0,0,0,0,0,0
210,20252026,Regular,MIN,269,Vanessa Upson,C,0.0,0.0,0.0,0.0,0,0,0,0,0,0,0,0,0,0,0,0,0,0,0,0,0,0,0,0,0
210,20252026,Regular,MIN,20,Kendall Coyne Schofield,LW,17.05,0.254238,0.0,0.0,1,0,0,0,0,0,0,0,0,0,1,0,1,2,0,0,0,0,0,0,0
210,20252026,Regular,MIN,21,Taylor Heise,C,17.2,0.19633,0.0,0.0,0,0,0,0,0,0,0,0,0,0,0,0,2,3,0,0,0,0,0,10,6
210,20252026,Regular,MIN,104,Denisa Křížová,LW,12.433333333333334,0.0,0.0,0.0,0,0,0,0,0,0,0,0,0,0,-2,0,0,0,0,0,0,0,0,0,0
210,20252026,Regular,MIN,190,Klára Hymlárová,C,10.683333333333334,0.094262,0.0,0.0,0,0,0,0,0,0,0,0,0,0,0,0,3,1,0,0,0,0,0,9,6
210,20252026,Regular,MIN,247,Abby Hustler,LW,15.166666666666666,0.239558,0.0,0.0,0,0,0,0,0,0,0,0,0,0,0,0,4,3,0,0,0,0,0,0,0
210,20252026,Regular,MIN,189,Britta Curl-Salemme,RW,17.916666666666668,0.239558,0.0,0.0,0,0,0,0,0,1,0,0,0,0,1,0,2,3,0,0,0,0,0,7,5
210,20252026,Regular,MIN,263,Peyton Anderson,LW,9.6,0.051034,0.0,0.0,0,0,0,0,0,0,0,0,0,0,0,2,0,1,0,0,0,0,0,0,0
210,20252026,Regular,MIN,22,Nicole Hensley,G,0.0,0.0,0.0,0.0,0,0,0,0,0,0,0,0,0,0,0,0,0,0,0,0,0,0,0,0,0
210,20252026,Regular,MIN,123,Maddie Rooney,G,58.8,0.0,0.0,0.0,0,0,0,0,0,0,0,0,0,0,0,0,0,0,0,0,0,0,0,0,0
210,20252026,Regular,TOR,132,Jessica Kondas,RD,4.716666666666667,0.051034,0.0,0.0,0,0,0,0,0,0,0,0,0,0,0,0,1,1,0,0,0,0,0,0,0
210,20252026,Regular,TOR,68,Kali Flanagan,RD,22.35,0.0,0.0,0.0,0,0,0,0,0,0,0,0,0,0,0,0,0,0,0,0,0,0,0,0,0
210,20252026,Regular,TOR,116,Clair DeGeorge,C,6.95,0.0,0.0,0.0,0,0,0,0,0,0,0,0,0,0,0,0,0,0,0,0,0,0,0,0,0
210,20252026,Regular,TOR,63,Daryl Watts,LW,15.833333333333334,0.094262,0.0,0.0,0,0,0,0,0,0,0,0,0,0,1,0,0,1,0,0,0,0,0,1,0
210,20252026,Regular,TOR,317,Kiara Zanon,LW,9.716666666666667,0.21101,0.0,0.0,1,0,0,0,0,0,0,0,0,0,0,0,0,2,0,0,0,0,0,0,0
210,20252026,Regular,TOR,74,Allie Munroe,LD,20.2,0.094262,0.0,0.0,0,0,0,0,0,0,0,0,0,0,0,0,2,1,0,0,0,0,0,1,0
210,20252026,Regular,TOR,56,Savannah Harmon,LD,22.95,0.051034,0.0,0.0,0,0,0,0,0,1,0,0,0,0,1,0,0,1,0,0,0,0,0,0,0
210,20252026,Regular,TOR,44,Ella Shelton,RD,24.75,0.242932,0.0,0.0,1,0,0,0,0,0,0,0,0,0,1,0,0,2,0,0,0,0,0,0,0
210,20252026,Regular,TOR,65,Jesse Compher,RW,16.433333333333334,0.239558,0.0,0.0,0,0,0,0,0,0,0,0,0,0,0,0,0,3,0,0,0,0,0,2,0
210,20252026,Regular,TOR,313,Sara Hjalmarsson,LW,11.4,0.051034,0.0,0.0,0,0,0,0,0,0,0,0,0,0,0,0,0,1,0,0,0,0,0,0,0
210,20252026,Regular,TOR,244,Emma Gentry,C,8.15,0.0,0.0,0.0,0,0,0,0,0,0,0,0,0,0,-1,0,1,0,0,0,0,0,0,1,1
210,20252026,Regular,TOR,66,Maggie Connors,LW,14.316666666666666,0.0,0.0,0.0,0,0,0,0,0,0,0,0,0,0,0,0,1,0,0,0,0,0,0,0,0
210,20252026,Regular,TOR,100,Natalie Spooner,RW,17.783333333333335,0.38485400000000003,0.0,0.0,0,0,0,0,1,1,0,0,0,0,2,0,0,5,0,0,0,0,0,2,1
210,20252026,Regular,TOR,316,Clara Van Wieren,C,7.383333333333334,0.0,0.0,0.0,0,0,0,0,0,0,0,0,0,0,0,0,0,0,0,0,0,0,0,7,2
210,20252026,Regular,TOR,73,Emma Maltais,C,17.216666666666665,0.0,0.0,0.0,0,0,0,0,1,0,0,0,0,0,2,2,4,0,0,0,0,0,0,14,8
210,20252026,Regular,TOR,76,Blayre Turnbull,C,15.266666666666667,0.051034,0.0,0.0,0,0,0,0,0,0,0,0,0,0,0,2,1,1,0,0,0,0,0,13,5
210,20252026,Regular,TOR,26,Claire Dalton,RW,7.166666666666667,0.0,0.0,0.0,0,0,0,0,0,0,0,0,0,0,0,0,0,0,0,0,0,0,0,0,0
210,20252026,Regular,TOR,86,Emma Woods,RW,7.433333333333334,0.094262,0.0,0.0,0,0,0,0,0,0,0,0,0,0,-1,0,1,1,0,0,0,0,0,0,0
210,20252026,Regular,TOR,200,Anna Kjellbin,LD,7.3,0.0,0.0,0.0,0,0,0,0,0,0,0,0,0,0,0,0,0,0,0,0,0,0,0,0,0
210,20252026,Regular,TOR,211,Raygan Kirk,G,59.583333333333336,0.0,0.0,0.0,0,0,0,0,0,0,0,0,0,0,0,0,0,0,0,0,0,0,0,0,0
210,20252026,Regular,TOR,85,Elaine Chuli,G,0.0,0.0,0.0,0.0,0,0,0,0,0,0,0,0,0,0,0,0,0,0,0,0,0,0,0,0,0
211,20252026,Regular,VAN,310,Madison Samoskevich,D,5.3,0.0,0.0,0.0,0,0,0,0,0,0,0,0,0,0,0,0,1,0,0,0,0,0,0,0,0
211,20252026,Regular,VAN,209,Izzy Daniel,RW,8.933333333333334,0.094262,0.0,0.0,0,0,0,0,0,0,0,0,0,0,-1,0,0,1,0,0,0,0,0,2,1
211,20252026,Regular,VAN,301,Katie Chan,RW,4.833333333333333,0.0,0.0,0.0,0,0,0,0,0,0,0,0,0,0,0,0,0,0,0,0,0,0,0,0,0
211,20252026,Regular,VAN,180,Sydney Bard,LD,13.816666666666666,0.0,0.0,0.0,0,0,0,0,0,0,0,0,0,0,0,0,1,0,0,0,0,0,0,0,0
211,20252026,Regular,VAN,198,Jenn Gardiner,LW,20.5,0.239558,0.0,0.0,0,0,0,0,0,1,0,0,0,0,-1,0,1,3,0,0,0,0,0,0,0
211,20252026,Regular,VAN,161,Tereza Vanišová,LW,15.0,0.051034,0.0,0.0,0,0,0,0,1,0,0,0,0,0,1,0,2,1,0,0,0,0,0,1,0
211,20252026,Regular,VAN,227,Gabby Rosenthal,C,11.883333333333333,0.159976,0.0,0.0,1,0,0,0,0,0,0,0,0,0,1,0,2,1,0,0,0,0,0,12,9
211,20252026,Regular,VAN,11,Sophie Jaques,RD,22.8,0.247364,0.0,0.0,0,0,0,0,0,0,0,0,0,0,1,0,1,4,0,0,0,0,0,0,0
211,20252026,Regular,VAN,75,Sarah Nurse,C,20.333333333333332,0.4505680000000001,0.0,0.0,1,0,0,0,0,0,0,0,0,0,1,0,1,5,0,0,0,0,0,22,11
211,20252026,Regular,VAN,50,Ashton Bell,LD,18.966666666666665,0.0,0.0,0.0,0,0,0,0,0,0,0,0,0,0,0,0,1,0,0,0,0,0,0,0,0
211,20252026,Regular,VAN,114,Abby Boreen,RW,20.333333333333332,0.5845580000000001,0.0,0.0,1,0,0,0,1,0,0,0,0,0,1,0,1,7,0,0,0,0,0,0,0
211,20252026,Regular,VAN,129,Mellissa Channell-Watkins,LD,16.833333333333332,0.0,0.0,0.0,0,0,0,0,0,0,0,0,0,0,-1,0,0,0,0,0,0,0,0,0,0
211,20252026,Regular,VAN,118,Emma Greco,RD,13.016666666666667,0.0,0.0,0.0,0,0,0,0,0,0,0,0,0,0,0,0,1,0,0,0,0,0,0,0,0
211,20252026,Regular,VAN,192,Brooke McQuigge,LW,10.816666666666666,0.094262,0.0,0.0,0,0,0,0,1,0,0,0,0,0,0,2,3,1,0,0,0,0,0,0,0
211,20252026,Regular,VAN,252,Michelle Karvinen,LW,18.6,0.0,0.0,0.0,0,0,0,0,0,0,0,0,0,0,1,0,0,0,0,0,0,0,0,1,0
211,20252026,Regular,VAN,89,Hannah Miller,C,22.216666666666665,0.145296,0.0,0.0,0,0,0,0,0,0,0,0,0,0,-1,0,3,2,0,0,0,0,0,19,11
211,20252026,Regular,VAN,169,Claire Thompson,RD,21.3,0.191898,0.0,0.0,1,0,0,0,0,1,0,0,0,0,1,0,1,1,0,0,0,0,0,0,0
211,20252026,Regular,VAN,306,Darcie Lappan,C,3.466666666666667,0.051034,0.0,0.0,0,0,0,0,0,0,0,0,0,0,0,0,3,1,0,0,0,0,0,3,2
211,20252026,Regular,VAN,115,Michela Cava,RW,16.65,0.0,0.0,0.0,0,0,0,0,0,0,0,0,0,0,1,0,0,0,0,0,0,0,0,0,0
211,20252026,Regular,VAN,59,Emerance Maschmeyer,G,61.53333333333333,0.0,0.0,0.0,0,0,0,0,0,0,0,0,0,0,0,0,0,0,0,0,0,0,0,0,0
211,20252026,Regular,VAN,64,Kristen Campbell,G,0.0,0.0,0.0,0.0,0,0,0,0,0,0,0,0,0,0,0,0,0,0,0,0,0,0,0,0,0
211,20252026,Regular,SEA,62,Aneta Tejralová,D,10.483333333333333,0.094262,0.0,0.0,0,0,0,0,0,0,0,0,0,0,0,0,3,1,0,0,0,0,0,0,0
211,20252026,Regular,SEA,196,Cayla Barnes,RD,26.583333333333332,0.0,0.0,0.0,0,0,0,0,0,0,0,0,0,0,0,0,2,0,0,0,0,0,0,0,0
211,20252026,Regular,SEA,203,Anna Wilgren,LD,20.383333333333333,0.051034,0.0,0.0,0,0,0,0,1,0,0,0,0,0,2,2,0,1,0,0,0,0,0,0,0
211,20252026,Regular,SEA,142,Natalie Snodgrass,RW,16.4,0.0,0.0,0.0,0,0,0,0,0,0,0,0,0,0,-2,0,1,0,0,0,0,0,0,0,0
211,20252026,Regular,SEA,36,Jessie Eldridge,RW,19.833333333333332,0.282786,0.0,0.0,0,0,0,0,0,0,0,0,0,0,-1,0,2,3,0,0,0,0,0,0,0
211,20252026,Regular,SEA,237,Jenna Buglioni,C,3.0833333333333335,0.0,0.0,0.0,0,0,0,0,0,0,0,0,0,0,0,2,1,0,0,0,0,0,0,0,0
211,20252026,Regular,SEA,2,Emily Brown,LD,20.016666666666666,0.102068,0.0,0.0,0,0,0,0,0,1,0,0,0,0,-1,2,4,2,0,0,0,0,0,0,0
211,20252026,Regular,SEA,138,Mikyla Grant-Mentis,C,16.616666666666667,0.19633,0.0,0.0,0,0,0,0,0,0,0,0,0,0,-3,0,0,3,0,0,0,0,0,15,4
211,20252026,Regular,SEA,91,Brooke Bryant,RW,4.1,0.0,0.0,0.0,0,0,0,0,0,0,0,0,0,0,0,0,0,0,0,0,0,0,0,1,1
211,20252026,Regular,SEA,181,Hannah Bilka,LW,19.2,0.28616,0.0,0.0,1,0,0,0,0,0,0,0,0,0,-2,0,3,2,0,0,0,0,0,0,0
211,20252026,Regular,SEA,99,Mariah Keopple,RD,15.1,0.094262,0.0,0.0,0,0,0,0,0,0,0,0,0,0,0,0,0,1,0,0,0,0,0,0,0
211,20252026,Regular,SEA,13,Hilary Knight,RW,17.033333333333335,0.0,0.0,0.0,0,0,0,0,1,0,0,0,0,0,2,0,3,0,0,0,0,0,0,0,0
211,20252026,Regular,SEA,208,Megan Carter,LD,20.283333333333335,0.0,0.0,0.0,0,0,0,0,0,0,0,0,0,0,-2,0,6,0,0,0,0,0,0,0,0
211,20252026,Regular,SEA,34,Alex Carpenter,C,19.016666666666666,0.15310200000000002,0.0,0.0,0,0,0,0,0,1,0,0,0,0,2,0,1,3,0,0,0,0,0,19,10
211,20252026,Regular,SEA,295,Marah Wagner,LW,2.3333333333333335,0.0,0.0,0.0,0,0,0,0,0,0,0,0,0,0,0,0,1,0,0,0,0,0,0,0,0
211,20252026,Regular,SEA,49,Lexie Adzija,LW,15.466666666666667,0.188524,0.0,0.0,0,0,0,0,0,0,0,0,0,0,-1,0,3,2,0,0,0,0,0,2,0
211,20252026,Regular,SEA,210,Julia Gosling,LW,17.933333333333334,0.653772,0.0,0.0,2,0,0,0,0,0,0,0,0,0,2,0,1,6,0,0,0,0,0,1,1
211,20252026,Regular,SEA,224,Danielle Serdachny,C,19.933333333333334,0.19633,0.0,0.0,0,0,0,0,1,0,0,0,0,0,1,0,2,3,0,0,0,0,0,22,10
211,20252026,Regular,SEA,155,Corinne Schroeder,G,61.6,0.0,0.0,0.0,0,0,0,0,0,0,0,0,0,0,0,0,0,0,0,0,0,0,0,0,0
211,20252026,Regular,SEA,250,Hannah Murphy,G,0.0,0.0,0.0,0.0,0,0,0,0,0,0,0,0,0,0,0,0,0,0,0,0,0,0,0,0,0
212,20252026,Regular,OTT,71,Jocelyne Larocque,RD,27.6,0.188524,0.0,0.0,0,0,0,0,0,0,0,0,0,0,-2,0,3,2,0,0,0,0,0,0,0
212,20252026,Regular,OTT,242,Rory Guilday,LD,25.666666666666668,0.19633,0.0,0.0,0,0,0,0,0,0,0,0,0,0,-2,0,4,3,0,0,0,0,0,0,0
212,20252026,Regular,OTT,219,Stephanie Markowski,LD,17.1,0.102068,0.0,0.0,0,0,0,0,0,0,0,0,0,0,-1,0,0,2,0,0,0,0,0,0,0
212,20252026,Regular,OTT,101,Alexa Vasko,C,8.966666666666667,0.0,0.0,0.0,0,0,0,0,0,0,0,0,0,0,0,0,2,0,0,0,0,0,0,9,3
212,20252026,Regular,OTT,38,Brooke Hobson,LD,12.3,0.0,0.0,0.0,0,0,0,0,0,0,0,0,0,0,-1,0,4,0,0,0,0,0,0,0,0
212,20252026,Regular,OTT,88,Kateřina Mrázová,C,19.066666666666666,0.102068,0.0,0.0,0,0,0,0,0,0,0,0,0,0,-3,0,3,2,0,0,0,0,0,17,9
212,20252026,Regular,OTT,57,Gabbie Hughes,C,18.8,0.0,0.0,0.0,0,0,0,0,0,0,0,0,0,0,0,2,2,0,0,0,0,0,0,16,10
212,20252026,Regular,OTT,220,Mannon McMahon,RW,14.116666666666667,0.094262,0.0,0.0,0,0,0,0,0,0,0,0,0,0,0,0,1,1,0,0,0,0,0,0,0
212,20252026,Regular,OTT,58,Brianne Jenner,RW,19.8,0.19633,0.0,0.0,0,0,0,0,0,0,0,0,0,0,-3,0,1,3,0,0,0,0,0,3,1
212,20252026,Regular,OTT,217,Taylor House,C,12.583333333333334,0.0,0.0,0.0,0,0,0,0,0,0,0,0,0,0,-1,0,0,0,0,0,0,0,0,7,3
212,20252026,Regular,OTT,241,Sarah Wozniewicz,LW,15.0,0.0,0.0,0.0,0,0,0,0,0,0,0,0,0,0,-1,0,2,0,0,0,0,0,0,0,0
212,20252026,Regular,OTT,53,Emily Clark,LW,18.183333333333334,0.38485400000000003,0.0,0.0,0,0,0,0,0,0,0,0,0,0,0,0,3,5,0,0,0,0,0,2,2
212,20252026,Regular,OTT,286,Peyton Hemp,RW,10.65,0.0,0.0,0.0,0,0,0,0,0,0,0,0,0,0,0,0,3,0,0,0,0,0,0,0,0
212,20252026,Regular,OTT,72,Rebecca Leslie,RW,15.3,0.19633,0.0,0.0,0,0,0,0,0,0,0,0,0,0,-1,0,1,3,0,0,0,0,0,1,0
212,20252026,Regular,OTT,108,Samantha Isbell,RD,10.45,0.102068,0.0,0.0,0,0,0,0,0,0,0,0,0,0,-1,0,1,2,0,0,0,0,0,0,0
212,20252026,Regular,OTT,240,Fanuza Kadirova,LW,16.683333333333334,0.145296,0.0,0.0,0,0,0,0,0,0,0,0,0,0,-3,0,2,2,0,0,0,0,0,0,0
212,20252026,Regular,OTT,223,Ronja Savolainen,RD,22.583333333333332,0.145296,0.0,0.0,0,0,0,0,0,0,0,0,0,0,-1,0,1,2,0,0,0,0,0,0,0
212,20252026,Regular,OTT,221,Anna Meixner,LW,11.733333333333333,0.094262,0.0,0.0,0,0,0,0,0,0,0,0,0,0,-1,0,0,1,0,0,0,0,0,0,0
212,20252026,Regular,OTT,238,Sanni Ahola,G,0.0,0.0,0.0,0.0,0,0,0,0,0,0,0,0,0,0,0,0,0,0,0,0,0,0,0,0,0
212,20252026,Regular,OTT,222,Gwyneth Philips,G,57.166666666666664,0.0,0.0,0.0,0,0,0,0,0,0,0,0,0,0,0,0,0,0,0,0,0,0,0,0,0
212,20252026,Regular,NY,206,Elle Hartje,C,12.033333333333333,0.145296,0.0,0.0,0,0,0,0,1,1,0,0,0,0,3,0,2,2,0,0,0,0,0,10,5
212,20252026,Regular,NY,147,Savannah Norcross,RW,1.3666666666666667,0.051034,0.0,0.0,0,0,0,0,0,0,0,0,0,0,0,0,0,1,0,0,0,0,0,0,0
212,20252026,Regular,NY,229,Maja Nylen Persson,RD,19.8,0.242932,0.0,0.0,0,0,1,0,0,0,0,0,0,0,1,0,1,2,0,0,0,0,0,0,0
212,20252026,Regular,NY,205,Sarah Fillier,LW,17.6,0.282786,0.0,0.0,0,0,0,0,0,0,0,0,0,0,1,0,5,3,0,0,0,0,0,3,2
212,20252026,Regular,NY,87,Jaime Bourbonnais,LD,25.216666666666665,0.0,0.0,0.0,0,0,0,0,0,0,0,0,0,0,2,0,3,0,0,0,0,0,0,0,0
212,20252026,Regular,NY,207,Lauren Bernard,RD,21.433333333333334,0.051034,0.0,0.0,0,0,0,0,0,0,0,0,0,0,1,0,2,1,0,0,0,0,0,2,1
212,20252026,Regular,NY,9,Taylor Girard,LW,9.85,0.8456699999999999,0.0,0.0,3,0,0,0,0,0,0,0,0,0,3,0,0,7,0,0,0,0,0,0,0
212,20252026,Regular,NY,285,Maddi Wheeler,RW,10.666666666666666,0.33382,0.0,0.0,0,0,0,0,2,1,0,0,0,0,4,2,2,4,0,0,0,0,0,0,0
212,20252026,Regular,NY,40,Paetyn Levis,RW,18.716666666666665,0.15310200000000002,0.0,0.0,0,0,0,0,0,0,0,0,0,0,0,0,0,3,0,0,0,0,0,0,0
212,20252026,Regular,NY,230,Allyson Simpson,RD,20.4,0.051034,0.0,0.0,0,0,0,0,0,0,0,0,0,0,2,2,2,1,0,0,0,0,0,0,0
212,20252026,Regular,NY,277,Anna Bargman,RW,7.016666666666667,0.094262,0.0,0.0,0,0,0,0,0,0,0,0,0,0,0,0,0,1,0,0,0,0,0,0,0
212,20252026,Regular,NY,249,Anne Cherkowski,RW,17.683333333333334,0.188524,0.0,0.0,0,0,0,0,0,0,0,0,0,0,0,0,0,2,0,0,0,0,0,0,0
212,20252026,Regular,NY,280,Casey O'Brien,C,17.216666666666665,0.094262,0.0,0.0,0,0,0,0,0,0,0,0,0,0,0,0,1,1,0,0,0,0,0,8,2
212,20252026,Regular,NY,47,Micah Zandee-Hart,LD,4.25,0.094262,0.0,0.0,0,0,0,0,0,0,0,0,0,0,0,15,0,1,0,0,0,0,0,0,0
212,20252026,Regular,NY,204,Emmy Fecteau,LW,10.05,0.19633,0.0,0.0,0,0,0,0,0,0,0,0,0,0,0,0,2,3,0,0,0,0,0,0,0
212,20252026,Regular,NY,30,Kristin O'Neill,C,17.4,0.19633,0.0,0.0,0,0,0,0,0,0,0,0,0,0,0,2,0,3,0,0,0,0,0,21,13
212,20252026,Regular,NY,60,Jincy Roese,LD,25.116666666666667,0.051034,0.0,0.0,0,0,0,0,0,0,0,0,0,0,2,0,1,1,0,0,0,0,0,0,0
212,20252026,Regular,NY,45,Kayla Vespa,C,10.233333333333333,0.051034,0.0,0.0,0,0,0,0,0,0,0,0,0,0,0,0,1,1,0,0,0,0,0,8,2
212,20252026,Regular,NY,245,Kristýna Kaltounková,LW,17.083333333333332,0.34162600000000004,0.0,0.0,0,0,0,0,0,0,0,0,0,0,0,2,2,5,0,0,0,0,0,3,2
212,20252026,Regular,NY,278,Kaley Doyle,G,0.0,0.0,0.0,0.0,0,0,0,0,0,0,0,0,0,0,0,0,0,0,0,0,0,0,0,0,0
212,20252026,Regular,NY,228,Kayle Osborne,G,60.0,0.0,0.0,0.0,0,0,0,0,0,0,0,0,0,0,0,0,0,0,0,0,0,0,0,0,0
213,20252026,Regular,BOS,12,Megan Keller,LD,25.483333333333334,0.262044,0.0,0.0,0,1,0,0,0,0,0,0,0,0,0,0,1,3,0,0,0,0,0,0,0
213,20252026,Regular,BOS,182,Hadley Hartmetz,RD,15.366666666666667,0.0,0.0,0.0,0,0,0,0,0,0,0,0,0,0,1,0,1,0,0,0,0,0,0,0,0
213,20252026,Regular,BOS,246,Haley Winn,RD,25.966666666666665,0.43588800000000005,0.0,0.0,0,0,0,0,0,0,0,0,0,0,0,0,0,6,0,0,0,0,0,0,0
213,20252026,Regular,BOS,18,Sophie Shirley,RW,16.9,0.188524,0.0,0.0,0,0,0,0,0,1,0,0,0,0,1,0,2,2,0,0,0,0,0,0,0
213,20252026,Regular,BOS,15,Alina Müller,C,21.666666666666668,0.188524,0.0,0.0,0,0,0,0,0,0,1,0,0,0,0,0,1,2,0,0,0,0,0,9,5
213,20252026,Regular,BOS,97,Liz Schepers,C,11.4,0.282786,0.0,0.0,0,0,0,0,0,0,0,0,0,0,0,0,0,3,0,0,0,0,0,10,5
213,20252026,Regular,BOS,255,Riley Brengman,RD,19.133333333333333,0.051034,0.0,0.0,0,0,0,0,0,0,0,0,0,0,0,0,0,1,0,0,0,0,0,0,0
213,20252026,Regular,BOS,17,Theresa Schafzahl,RW,11.666666666666666,0.094262,0.0,0.0,0,0,0,0,0,0,0,0,0,0,0,0,0,1,0,0,0,0,0,2,2
213,20252026,Regular,BOS,259,Abby Newhook,RW,9.483333333333333,0.0,0.0,0.0,0,0,0,0,0,0,0,0,0,0,0,0,1,0,0,0,0,0,0,0,0
213,20252026,Regular,BOS,1,Hannah Brandt,C,12.866666666666667,0.0,0.0,0.0,0,0,0,0,0,0,0,0,0,0,0,0,1,0,0,0,0,0,0,8,4
213,20252026,Regular,BOS,212,Laura Kluge,LW,8.383333333333333,0.0,0.0,0.0,0,0,0,0,0,0,0,0,0,0,0,0,2,0,0,0,0,0,0,0,0
213,20252026,Regular,BOS,243,Ella Huber,LW,17.35,0.0,0.0,0.0,0,0,0,0,0,0,0,0,0,0,0,0,1,0,0,0,0,0,0,1,1
213,20252026,Regular,BOS,183,Shay Maloney,RW,18.75,0.239558,0.0,0.0,0,0,0,0,0,0,0,0,0,0,0,0,1,3,0,0,0,0,0,0,0
213,20252026,Regular,BOS,149,Jill Saulnier,LW,9.316666666666666,0.0,0.0,0.0,0,0,0,0,0,0,0,0,0,0,0,2,1,0,0,0,0,0,0,1,0
213,20252026,Regular,BOS,16,Jamie Lee Rattray,LW,20.383333333333333,0.0,0.0,0.0,0,0,0,0,1,0,0,0,0,0,1,0,0,0,0,0,0,0,0,3,1
213,20252026,Regular,BOS,232,Rylind MacKinnon,LD,11.6,0.0,0.0,0.0,0,0,0,0,0,0,0,0,0,0,1,0,2,0,0,0,0,0,0,0,0
213,20252026,Regular,BOS,185,Daniela Pejšová,LD,14.733333333333333,0.102068,0.0,0.0,0,0,0,0,0,0,0,0,0,0,0,0,1,2,0,0,0,0,0,0,0
213,20252026,Regular,BOS,46,Olivia Zafuto,LD,2.533333333333333,0.094262,0.0,0.0,0,0,0,0,0,0,0,0,0,0,0,0,0,1,0,0,0,0,0,0,0
213,20252026,Regular,BOS,78,Susanna Tapani,C,22.133333333333333,0.39953400000000006,0.0,0.0,1,0,0,0,0,0,0,1,0,0,1,0,1,4,0,0,0,0,0,19,8
213,20252026,Regular,BOS,6,Aerin Frankel,G,59.8,0.0,0.0,0.0,0,0,0,0,0,0,0,0,0,0,0,0,0,0,0,0,0,0,0,0,0
213,20252026,Regular,BOS,41,Abbey Levy,G,0.0,0.0,0.0,0.0,0,0,0,0,0,0,0,0,0,0,0,0,0,0,0,0,0,0,0,0,0
213,20252026,Regular,MTL,32,Laura Stacey,RW,15.366666666666667,0.051034,0.0,0.0,0,0,0,0,0,0,0,0,0,0,0,2,2,1,0,0,0,0,0,0,0
213,20252026,Regular,MTL,84,Kati Tabin,RD,19.75,0.0,0.0,0.0,0,0,0,0,0,0,0,0,0,0,-1,0,1,0,0,0,0,0,0,0,0
213,20252026,Regular,MTL,42,Abby Roque,LW,19.033333333333335,0.0,0.0,0.0,0,0,0,0,0,0,0,0,0,0,0,0,2,0,0,0,0,0,0,13,6
213,20252026,Regular,MTL,39,Alexandra Labelle,C,14.8,0.094262,0.0,0.0,0,0,0,0,0,0,0,0,0,0,0,0,0,1,0,0,0,0,0,6,4
213,20252026,Regular,MTL,61,Hayley Scamurra,C,12.033333333333333,0.0,0.0,0.0,0,0,0,0,0,0,0,0,0,0,0,0,1,0,0,0,0,0,0,9,2
213,20252026,Regular,MTL,199,Dara Greig,LW,9.983333333333333,0.051034,0.0,0.0,0,0,0,0,0,0,0,0,0,0,0,0,0,1,0,0,0,0,0,0,0
213,20252026,Regular,MTL,128,Kaitlin Willoughby,RW,13.95,0.0,0.0,0.0,0,0,0,0,0,0,0,0,0,0,0,0,1,0,0,0,0,0,0,0,0
213,20252026,Regular,MTL,98,Maureen Murphy,RW,15.483333333333333,0.290592,0.0,0.0,0,0,0,0,0,0,0,0,0,0,-1,0,1,4,0,0,0,0,0,0,0
213,20252026,Regular,MTL,5,Jessica DiGirolamo,LD,18.7,0.0,0.0,0.0,0,0,0,0,0,0,0,0,0,0,0,0,3,0,0,0,0,0,0,0,0
213,20252026,Regular,MTL,83,Erin Ambrose,RD,19.9,0.145296,0.0,0.0,0,0,0,0,0,0,0,0,0,0,0,0,1,2,0,0,0,0,0,0,0
213,20252026,Regular,MTL,4,Shiann Darkangelo,C,16.55,0.188524,0.0,0.0,0,0,0,0,0,0,0,0,0,0,-1,0,0,2,0,0,0,0,0,12,7
213,20252026,Regular,MTL,157,Catherine Dubois,LW,12.483333333333333,0.051034,0.0,0.0,0,0,0,0,0,0,0,0,0,0,0,0,2,1,0,0,0,0,0,0,0
213,20252026,Regular,MTL,31,Marie-Philip Poulin,C,16.083333333333332,0.34162600000000004,0.0,0.0,0,0,0,0,0,0,0,0,0,0,0,6,1,5,0,0,0,0,0,13,8
213,20252026,Regular,MTL,51,Amanda Boulier,RD,16.133333333333333,0.051034,0.0,0.0,0,0,0,0,0,0,0,0,0,0,0,4,0,1,0,0,0,0,0,0,0
213,20252026,Regular,MTL,202,Kelly Ann Nadeau,RD,6.533333333333333,0.051034,0.0,0.0,0,0,0,0,0,0,0,0,0,0,0,0,0,1,0,0,0,0,0,0,0
213,20252026,Regular,MTL,253,Nicole Gosling,LD,20.2,0.0,0.0,0.0,0,0,0,0,0,0,0,0,0,0,0,0,0,0,0,0,0,0,0,0,0
213,20252026,Regular,MTL,272,Skylar Irving,RW,11.266666666666667,0.282786,0.0,0.0,0,0,0,0,0,0,0,0,0,0,0,2,0,3,0,0,0,0,0,0,0
213,20252026,Regular,MTL,79,Maggie Flaherty,LD,13.5,0.102068,0.0,0.0,0,0,0,0,0,0,0,0,0,0,-1,0,1,2,0,0,0,0,0,0,0
213,20252026,Regular,MTL,274,Natálie Mlýnková,LW,13.05,0.051034,0.0,0.0,0,0,0,0,0,0,0,0,0,0,-1,0,1,1,0,0,0,0,0,0,0
213,20252026,Regular,MTL,48,Sandra Abstreiter,G,0.0,0.0,0.0,0.0,0,0,0,0,0,0,0,0,0,0,0,0,0,0,0,0,0,0,0,0,0
213,20252026,Regular,MTL,28,Ann-Renée Desbiens,G,57.15,0.0,0.0,0.0,0,0,0,0,0,0,0,0,0,0,0,0,0,0,0,0,0,0,0,0,0
214,20252026,Regular,MTL,32,Laura Stacey,RW,20.116666666666667,0.188524,0.0,0.0,0,0,0,0,2,0,0,0,0,0,3,0,0,2,0,0,0,0,0,0,0
214,20252026,Regular,MTL,84,Kati Tabin,RD,17.1,0.19633,0.0,0.0,0,0,0,0,1,0,0,0,0,0,3,0,1,3,0,0,0,0,0,0,0
214,20252026,Regular,MTL,42,Abby Roque,LW,20.666666666666668,0.21101,0.0,0.0,1,0,0,0,0,1,0,1,0,0,3,0,0,2,0,0,0,0,0,12,7
214,20252026,Regular,MTL,39,Alexandra Labelle,C,9.016666666666667,0.0,0.0,0.0,0,0,0,0,0,1,0,0,0,0,0,0,1,0,0,0,0,0,0,5,4
214,20252026,Regular,MTL,61,Hayley Scamurra,C,10.633333333333333,0.094262,0.0,0.0,0,0,0,0,0,0,0,0,0,0,0,2,0,1,0,0,0,0,0,9,4
214,20252026,Regular,MTL,199,Dara Greig,LW,11.333333333333334,0.094262,0.0,0.0,0,0,0,0,0,0,0,0,0,0,0,0,0,1,0,0,0,0,0,0,0
214,20252026,Regular,MTL,128,Kaitlin Willoughby,RW,9.483333333333333,0.0,0.0,0.0,0,0,0,0,0,0,0,0,0,0,0,0,0,0,0,0,0,0,0,0,0
214,20252026,Regular,MTL,98,Maureen Murphy,RW,17.883333333333333,0.19633,0.0,0.0,0,0,0,0,0,0,0,0,0,0,0,0,0,3,0,0,0,0,0,0,0
214,20252026,Regular,MTL,5,Jessica DiGirolamo,LD,20.25,0.145296,0.0,0.0,0,0,0,0,0,0,0,0,0,0,1,4,0,2,0,0,0,0,0,0,0
214,20252026,Regular,MTL,83,Erin Ambrose,RD,21.583333333333332,0.102068,0.0,0.0,0,0,0,0,0,0,1,0,0,0,0,0,0,2,0,0,0,0,0,0,0
214,20252026,Regular,MTL,4,Shiann Darkangelo,C,15.383333333333333,0.051034,0.0,0.0,0,0,0,0,0,0,0,0,0,0,0,0,0,1,0,0,0,0,0,15,6
214,20252026,Regular,MTL,157,Catherine Dubois,LW,9.85,0.094262,0.0,0.0,0,0,0,0,0,0,0,0,0,0,0,0,1,1,0,0,0,0,0,1,1
214,20252026,Regular,MTL,31,Marie-Philip Poulin,C,21.533333333333335,0.5016020000000001,0.0,0.0,1,0,0,0,0,1,0,0,0,0,3,0,1,6,0,0,0,0,0,21,12
214,20252026,Regular,MTL,51,Amanda Boulier,RD,19.9,0.0,0.0,0.0,0,0,0,0,0,0,0,0,0,0,0,0,0,0,0,0,0,0,0,0,0
214,20252026,Regular,MTL,202,Kelly Ann Nadeau,RD,1.7333333333333334,0.0,0.0,0.0,0,0,0,0,0,0,0,0,0,0,0,0,0,0,0,0,0,0,0,0,0
214,20252026,Regular,MTL,253,Nicole Gosling,LD,17.75,0.051034,0.0,0.0,0,0,0,0,0,0,0,0,0,0,0,0,1,1,0,0,0,0,0,0,0
214,20252026,Regular,MTL,272,Skylar Irving,RW,9.516666666666667,0.145296,0.0,0.0,0,0,0,0,0,0,0,0,0,0,0,0,0,2,0,0,0,0,0,1,0
214,20252026,Regular,MTL,79,Maggie Flaherty,LD,12.833333333333334,0.242932,0.0,0.0,0,0,0,1,0,0,0,0,0,0,2,0,0,2,0,0,0,0,0,0,0
214,20252026,Regular,MTL,274,Natálie Mlýnková,LW,19.716666666666665,0.191898,0.0,0.0,0,1,0,0,0,0,0,0,0,0,0,0,0,1,0,0,0,0,0,0,0
214,20252026,Regular,MTL,48,Sandra Abstreiter,G,0.0,0.0,0.0,0.0,0,0,0,0,0,0,0,0,0,0,0,0,0,0,0,0,0,0,0,0,0
214,20252026,Regular,MTL,28,Ann-Renée Desbiens,G,59.85,0.0,0.0,0.0,0,0,0,0,0,0,0,0,0,0,0,0,0,0,0,0,0,0,0,0,0
214,20252026,Regular,NY,206,Elle Hartje,C,14.95,0.051034,0.0,0.0,0,0,0,0,0,0,0,0,0,0,0,0,0,1,0,0,0,0,0,11,3
214,20252026,Regular,NY,147,Savannah Norcross,RW,3.85,0.094262,0.0,0.0,0,0,0,0,0,0,0,0,0,0,0,0,1,1,0,0,0,0,0,0,0
214,20252026,Regular,NY,229,Maja Nylen Persson,RD,23.216666666666665,0.094262,0.0,0.0,0,0,0,0,0,0,0,0,0,0,-1,0,0,1,0,0,0,0,0,0,0
214,20252026,Regular,NY,205,Sarah Fillier,LW,21.433333333333334,0.53015,0.0,0.0,0,0,0,0,0,0,0,0,0,0,-2,0,1,7,0,0,0,0,0,1,0
214,20252026,Regular,NY,87,Jaime Bourbonnais,LD,20.383333333333333,0.102068,0.0,0.0,0,0,0,0,0,0,0,0,0,0,-1,2,0,2,0,0,0,0,0,0,0
214,20252026,Regular,NY,207,Lauren Bernard,RD,12.7,0.0,0.0,0.0,0,0,0,0,0,0,0,0,0,0,0,0,0,0,0,0,0,0,0,0,0
214,20252026,Regular,NY,9,Taylor Girard,LW,13.483333333333333,0.0,0.0,0.0,0,0,0,0,0,0,0,0,0,0,-1,0,0,0,0,0,0,0,0,0,0
214,20252026,Regular,NY,285,Maddi Wheeler,RW,13.45,0.094262,0.0,0.0,0,0,0,0,0,0,0,0,0,0,0,0,0,1,0,0,0,0,0,1,0
214,20252026,Regular,NY,40,Paetyn Levis,RW,17.383333333333333,0.239558,0.0,0.0,0,0,0,0,0,0,0,0,0,0,0,2,0,3,0,0,0,0,0,0,0
214,20252026,Regular,NY,230,Allyson Simpson,RD,16.333333333333332,0.094262,0.0,0.0,0,0,0,0,0,0,0,0,0,0,-1,2,0,1,0,0,0,0,0,0,0
214,20252026,Regular,NY,277,Anna Bargman,RW,3.3,0.0,0.0,0.0,0,0,0,0,0,0,0,0,0,0,0,0,0,0,0,0,0,0,0,1,0
214,20252026,Regular,NY,249,Anne Cherkowski,RW,20.966666666666665,0.145296,0.0,0.0,0,0,0,0,0,0,0,0,0,0,-3,0,0,2,0,0,0,0,0,0,0
214,20252026,Regular,NY,280,Casey O'Brien,C,18.566666666666666,0.239558,0.0,0.0,0,0,0,0,0,0,0,0,0,0,-3,0,0,3,0,0,0,0,0,24,17
214,20252026,Regular,NY,47,Micah Zandee-Hart,LD,21.0,0.145296,0.0,0.0,0,0,0,0,0,0,0,0,0,0,-1,0,0,2,0,0,0,0,0,1,0
214,20252026,Regular,NY,204,Emmy Fecteau,LW,6.9,0.145296,0.0,0.0,0,0,0,0,0,0,0,0,0,0,0,0,1,2,0,0,0,0,0,1,0
214,20252026,Regular,NY,30,Kristin O'Neill,C,18.7,0.145296,0.0,0.0,0,0,0,0,0,0,0,0,0,0,-1,0,2,2,0,0,0,0,0,20,10
214,20252026,Regular,NY,60,Jincy Roese,LD,16.766666666666666,0.051034,0.0,0.0,0,0,0,0,0,0,0,0,0,0,-1,0,0,1,0,0,0,0,0,0,0
214,20252026,Regular,NY,45,Kayla Vespa,C,8.2,0.188524,0.0,0.0,0,0,0,0,0,0,0,0,0,0,0,2,0,2,0,0,0,0,0,3,0
214,20252026,Regular,NY,245,Kristýna Kaltounková,LW,16.366666666666667,0.188524,0.0,0.0,0,0,0,0,0,0,0,0,0,0,-1,0,0,2,0,0,0,0,0,1,0
214,20252026,Regular,NY,282,Callie Shanahan,G,0.0,0.0,0.0,0.0,0,0,0,0,0,0,0,0,0,0,0,0,0,0,0,0,0,0,0,0,0
214,20252026,Regular,NY,228,Kayle Osborne,G,55.766666666666666,0.0,0.0,0.0,0,0,0,0,0,0,0,0,0,0,0,0,0,0,0,0,0,0,0,0,0
215,20252026,Regular,OTT,71,Jocelyne Larocque,RD,19.183333333333334,0.15310200000000002,0.0,0.0,0,0,0,0,0,0,0,0,0,0,0,0,1,3,0,0,0,0,0,0,0
215,20252026,Regular,OTT,242,Rory Guilday,LD,20.983333333333334,0.051034,0.0,0.0,0,0,0,0,0,1,0,1,0,0,0,0,0,1,0,0,0,0,0,0,0
215,20252026,Regular,OTT,219,Stephanie Markowski,LD,17.383333333333333,0.15310200000000002,0.0,0.0,0,0,0,0,0,1,0,0,0,0,2,0,0,3,0,0,0,0,0,0,0
215,20252026,Regular,OTT,289,Kathryn Reilly,RD,19.166666666666668,0.15310200000000002,0.0,0.0,0,0,0,0,0,0,0,0,0,0,2,0,0,3,0,0,0,0,0,0,0
215,20252026,Regular,OTT,101,Alexa Vasko,C,10.066666666666666,0.0,0.0,0.0,0,0,0,0,0,0,0,0,0,0,0,0,2,0,0,0,0,0,0,9,8
215,20252026,Regular,OTT,38,Brooke Hobson,LD,18.4,0.0,0.0,0.0,0,0,0,0,0,0,0,0,0,0,2,0,2,0,0,0,0,0,0,0,0
215,20252026,Regular,OTT,88,Kateřina Mrázová,C,15.833333333333334,0.094262,0.0,0.0,0,0,0,0,0,0,0,0,0,0,0,0,0,1,0,0,0,0,0,13,6
215,20252026,Regular,OTT,57,Gabbie Hughes,C,14.85,0.094262,0.0,0.0,0,0,0,0,1,0,1,0,0,0,1,0,0,1,0,0,0,0,0,14,6
215,20252026,Regular,OTT,220,Mannon McMahon,RW,16.316666666666666,0.21101,0.0,0.0,1,0,0,0,0,0,0,0,0,0,1,0,0,2,0,0,0,0,0,0,0
215,20252026,Regular,OTT,58,Brianne Jenner,C,19.966666666666665,0.540398,0.0,0.0,0,1,1,0,2,0,0,0,0,0,3,0,0,4,0,0,0,0,0,16,11
215,20252026,Regular,OTT,217,Taylor House,C,0.0,0.0,0.0,0.0,0,0,0,0,0,0,0,0,0,0,0,0,0,0,0,0,0,0,0,0,0
215,20252026,Regular,OTT,241,Sarah Wozniewicz,LW,12.933333333333334,0.145296,0.0,0.0,0,0,0,0,0,0,0,0,0,0,0,0,0,2,0,0,0,0,0,0,0
215,20252026,Regular,OTT,53,Emily Clark,LW,15.45,0.15310200000000002,0.0,0.0,0,0,0,0,0,0,0,0,0,0,1,0,0,3,0,0,0,0,0,0,0
215,20252026,Regular,OTT,286,Peyton Hemp,RW,10.816666666666666,0.102068,0.0,0.0,0,0,0,0,0,0,0,0,0,0,0,2,0,2,0,0,0,0,0,1,1
215,20252026,Regular,OTT,72,Rebecca Leslie,RW,16.3,0.388228,0.0,0.0,1,0,0,0,0,1,0,0,1,0,3,0,0,4,0,0,0,0,0,0,0
215,20252026,Regular,OTT,240,Fanuza Kadirova,LW,13.666666666666666,0.145296,0.0,0.0,0,0,0,0,0,0,0,0,0,0,0,0,1,2,0,0,0,0,0,0,0
215,20252026,Regular,OTT,223,Ronja Savolainen,RD,18.316666666666666,0.188524,0.0,0.0,0,0,0,0,0,0,0,0,0,0,2,0,0,2,0,0,0,0,0,0,0
215,20252026,Regular,OTT,221,Anna Meixner,LW,12.6,0.159976,0.0,0.0,1,0,0,0,0,0,0,0,0,0,2,4,1,1,0,0,0,0,0,0,0
215,20252026,Regular,OTT,239,Anna Shokhina,RW,13.833333333333334,0.051034,0.0,0.0,0,0,0,0,0,0,0,0,0,0,0,2,0,1,0,0,0,0,0,0,0
215,20252026,Regular,OTT,238,Sanni Ahola,G,0.0,0.0,0.0,0.0,0,0,0,0,0,0,0,0,0,0,0,0,0,0,0,0,0,0,0,0,0
215,20252026,Regular,OTT,222,Gwyneth Philips,G,60.0,0.0,0.0,0.0,0,0,0,0,0,0,0,0,0,0,0,0,0,0,0,0,0,0,0,0,0
215,20252026,Regular,VAN,310,Madison Samoskevich,D,13.4,0.0,0.0,0.0,0,0,0,0,0,0,0,0,0,0,0,0,1,0,0,0,0,0,0,0,0
215,20252026,Regular,VAN,209,Izzy Daniel,RW,7.716666666666667,0.0,0.0,0.0,0,0,0,0,0,0,0,0,0,0,0,0,0,0,0,0,0,0,0,0,0
215,20252026,Regular,VAN,301,Katie Chan,LW,10.366666666666667,0.0,0.0,0.0,0,0,0,0,0,0,0,0,0,0,0,2,1,0,0,0,0,0,0,0,0
215,20252026,Regular,VAN,180,Sydney Bard,RD,12.683333333333334,0.145296,0.0,0.0,0,0,0,0,0,0,0,0,0,0,0,0,2,2,0,0,0,0,0,0,0
215,20252026,Regular,VAN,198,Jenn Gardiner,RW,19.016666666666666,0.094262,0.0,0.0,0,0,0,0,0,0,0,0,0,0,-1,0,0,1,0,0,0,0,0,1,0
215,20252026,Regular,VAN,161,Tereza Vanišová,LW,15.55,0.051034,0.0,0.0,0,0,0,0,0,0,0,0,0,0,0,0,0,1,0,0,0,0,0,0,0
215,20252026,Regular,VAN,227,Gabby Rosenthal,C,15.933333333333334,0.145296,0.0,0.0,0,0,0,0,0,0,0,0,0,0,0,0,1,2,0,0,0,0,0,12,3
215,20252026,Regular,VAN,11,Sophie Jaques,RD,25.933333333333334,0.204136,0.0,0.0,0,0,0,0,0,0,0,0,0,0,-2,0,1,4,0,0,0,0,0,0,0
215,20252026,Regular,VAN,50,Ashton Bell,RD,20.466666666666665,0.094262,0.0,0.0,0,0,0,0,0,0,0,0,0,0,-2,0,0,1,0,0,0,0,0,0,0
215,20252026,Regular,VAN,114,Abby Boreen,RW,18.883333333333333,0.094262,0.0,0.0,0,0,0,0,0,0,0,0,0,0,0,0,1,1,0,0,0,0,0,2,1
215,20252026,Regular,VAN,129,Mellissa Channell-Watkins,LD,22.1,0.0,0.0,0.0,0,0,0,0,0,0,0,0,0,0,-1,0,0,0,0,0,0,0,0,0,0
215,20252026,Regular,VAN,118,Emma Greco,LD,0.18333333333333332,0.0,0.0,0.0,0,0,0,0,0,0,0,0,0,0,0,15,1,0,0,0,0,0,0,0,0
215,20252026,Regular,VAN,192,Brooke McQuigge,LW,13.816666666666666,0.0,0.0,0.0,0,0,0,0,0,0,0,0,0,0,-2,0,3,0,0,0,0,0,0,1,1
215,20252026,Regular,VAN,252,Michelle Karvinen,LW,17.266666666666666,0.051034,0.0,0.0,0,0,0,0,0,0,0,1,0,0,-3,0,2,1,0,0,0,0,0,0,0
215,20252026,Regular,VAN,89,Hannah Miller,C,21.333333333333332,0.0,0.0,0.0,0,0,0,0,0,0,0,0,0,0,-3,0,0,0,0,0,0,0,0,17,9
215,20252026,Regular,VAN,169,Claire Thompson,LD,23.15,0.337194,0.0,0.0,0,1,0,0,0,0,0,0,0,0,-3,0,1,3,0,0,0,0,0,0,0
215,20252026,Regular,VAN,248,Anna Segedi,C,11.783333333333333,0.188524,0.0,0.0,0,0,0,0,0,0,0,0,0,0,-1,0,1,2,0,0,0,0,0,15,5
215,20252026,Regular,VAN,306,Darcie Lappan,C,10.166666666666666,0.0,0.0,0.0,0,0,0,0,0,0,0,0,0,0,0,0,0,0,0,0,0,0,0,5,2
215,20252026,Regular,VAN,115,Michela Cava,RW,16.166666666666668,0.094262,0.0,0.0,0,0,0,0,0,0,1,0,0,0,-3,0,0,1,0,0,0,0,0,0,0
215,20252026,Regular,VAN,59,Emerance Maschmeyer,G,57.233333333333334,0.0,0.0,0.0,0,0,0,0,0,0,0,0,0,0,0,0,0,0,0,0,0,0,0,0,0
215,20252026,Regular,VAN,64,Kristen Campbell,G,0.0,0.0,0.0,0.0,0,0,0,0,0,0,0,0,0,0,0,0,0,0,0,0,0,0,0,0,0
216,20252026,Regular,SEA,196,Cayla Barnes,RD,26.216666666666665,0.094262,0.0,0.0,0,0,0,0,0,0,0,0,0,0,-1,0,0,1,0,0,0,0,0,0,0
216,20252026,Regular,SEA,203,Anna Wilgren,RD,20.633333333333333,0.19633,0.0,0.0,0,0,0,0,0,0,0,0,0,0,-1,0,1,3,0,0,0,0,0,0,0
216,20252026,Regular,SEA,142,Natalie Snodgrass,RW,12.6,0.0,0.0,0.0,0,0,0,0,0,0,0,0,0,0,-1,0,0,0,0,0,0,0,0,0,0
216,20252026,Regular,SEA,36,Jessie Eldridge,RW,18.133333333333333,0.094262,0.0,0.0,0,0,0,0,0,0,0,0,0,0,-1,0,0,1,0,0,0,0,0,0,0
216,20252026,Regular,SEA,237,Jenna Buglioni,C,5.533333333333333,0.0,0.0,0.0,0,0,0,0,0,0,0,0,0,0,0,0,0,0,0,0,0,0,0,4,0
216,20252026,Regular,SEA,2,Emily Brown,LD,19.866666666666667,0.0,0.0,0.0,0,0,0,0,0,0,0,0,0,0,0,0,1,0,0,0,0,0,0,0,0
216,20252026,Regular,SEA,138,Mikyla Grant-Mentis,C,13.3,0.051034,0.0,0.0,0,0,0,0,0,0,0,0,0,0,-1,0,1,1,0,0,0,0,0,12,6
216,20252026,Regular,SEA,91,Brooke Bryant,RW,3.966666666666667,0.188524,0.0,0.0,0,0,0,0,0,0,0,0,0,0,0,0,0,2,0,0,0,0,0,0,0
216,20252026,Regular,SEA,181,Hannah Bilka,LW,19.883333333333333,0.239558,0.0,0.0,0,0,0,0,0,0,0,0,0,0,-1,0,0,3,0,0,0,0,0,1,0
216,20252026,Regular,SEA,99,Mariah Keopple,LD,15.1,0.0,0.0,0.0,0,0,0,0,0,0,0,0,0,0,-1,0,0,0,0,0,0,0,0,0,0
216,20252026,Regular,SEA,13,Hilary Knight,RW,23.383333333333333,0.428082,0.0,0.0,0,0,0,0,0,0,0,0,0,0,0,0,0,5,0,0,0,0,0,0,0
216,20252026,Regular,SEA,294,Lyndie Lobdell,RD,12.9,0.051034,0.0,0.0,0,0,0,0,0,0,0,0,0,0,-1,0,1,1,0,0,0,0,0,0,0
216,20252026,Regular,SEA,34,Alex Carpenter,C,22.533333333333335,0.34162600000000004,0.0,0.0,0,0,0,0,0,0,0,0,0,0,0,0,0,5,0,0,0,0,0,24,19
216,20252026,Regular,SEA,208,Megan Carter,LD,16.733333333333334,0.0,0.0,0.0,0,0,0,0,0,0,0,0,0,0,0,2,0,0,0,0,0,0,0,0,0
216,20252026,Regular,SEA,295,Marah Wagner,LW,5.616666666666667,0.0,0.0,0.0,0,0,0,0,0,0,0,0,0,0,0,0,0,0,0,0,0,0,0,0,0
216,20252026,Regular,SEA,49,Lexie Adzija,LW,13.45,0.145296,0.0,0.0,0,0,0,0,0,0,0,0,0,0,-1,2,0,2,0,0,0,0,0,0,0
216,20252026,Regular,SEA,210,Julia Gosling,LW,22.283333333333335,0.298398,0.0,0.0,0,0,0,0,0,0,0,0,0,0,0,2,0,5,0,0,0,0,0,0,0
216,20252026,Regular,SEA,224,Danielle Serdachny,C,19.083333333333332,0.094262,0.0,0.0,0,0,0,0,0,0,0,0,0,0,-1,2,1,1,0,0,0,0,0,16,8
216,20252026,Regular,SEA,155,Corinne Schroeder,G,60.0,0.0,0.0,0.0,0,0,0,0,0,0,0,0,0,0,0,0,0,0,0,0,0,0,0,0,0
216,20252026,Regular,SEA,250,Hannah Murphy,G,0.0,0.0,0.0,0.0,0,0,0,0,0,0,0,0,0,0,0,0,0,0,0,0,0,0,0,0,0
216,20252026,Regular,MIN,24,Lee Stecklein,LD,24.583333333333332,0.0,0.0,0.0,0,0,0,0,0,0,0,0,0,0,1,0,0,0,0,0,0,0,0,0,0
216,20252026,Regular,MIN,236,Kendall Cooper,LD,22.916666666666668,0.0,0.0,0.0,0,0,0,0,0,0,0,0,0,0,0,0,0,0,0,0,0,0,0,0,0
216,20252026,Regular,MIN,167,Sidney Morin,RD,19.616666666666667,0.0,0.0,0.0,0,0,0,0,0,0,0,0,0,0,1,0,1,0,0,0,0,0,0,0,0
216,20252026,Regular,MIN,191,Katy Knoll,RW,12.166666666666666,0.0,0.0,0.0,0,0,0,0,0,0,0,0,0,0,0,0,0,0,0,0,0,0,0,2,1
216,20252026,Regular,MIN,102,Claire Butorac,RW,10.083333333333334,0.0,0.0,0.0,0,0,0,0,0,0,0,0,0,0,0,0,0,0,0,0,0,0,0,1,0
216,20252026,Regular,MIN,162,Madison Bizal,LD,1.35,0.0,0.0,0.0,0,0,0,0,0,0,0,0,0,0,0,0,0,0,0,0,0,0,0,0,0
216,20252026,Regular,MIN,23,Kelly Pannek,C,16.45,0.37098600000000004,0.0,0.0,2,0,0,0,0,0,0,0,0,0,2,0,0,3,0,0,0,0,0,19,9
216,20252026,Regular,MIN,25,Grace Zumwinkle,RW,16.433333333333334,0.388228,0.0,0.0,0,1,0,0,0,0,0,0,0,0,0,2,0,4,0,0,0,0,0,1,0
216,20252026,Regular,MIN,195,Dominique Petrie,C,11.95,0.145296,0.0,0.0,0,0,0,0,0,0,0,1,0,0,0,0,2,2,0,0,0,0,0,12,7
216,20252026,Regular,MIN,264,Brooke Becker,RD,12.5,0.0,0.0,0.0,0,0,0,0,0,0,0,0,0,0,0,0,0,0,0,0,0,0,0,0,0
216,20252026,Regular,MIN,188,Mae Batherson,LD,17.8,0.051034,0.0,0.0,0,0,0,0,0,0,0,0,0,0,1,0,0,1,0,0,0,0,0,1,0
216,20252026,Regular,MIN,90,Natalie Buchbinder,RD,17.966666666666665,0.051034,0.0,0.0,0,0,0,0,0,0,0,0,0,0,1,0,0,1,0,0,0,0,0,0,0
216,20252026,Regular,MIN,20,Kendall Coyne Schofield,LW,17.133333333333333,0.290592,0.0,0.0,0,0,0,0,1,0,0,0,0,0,2,0,1,4,0,0,0,0,0,0,0
216,20252026,Regular,MIN,21,Taylor Heise,C,16.716666666666665,0.094262,0.0,0.0,0,0,0,0,0,0,0,0,0,0,0,2,1,1,0,0,0,0,0,17,6
216,20252026,Regular,MIN,104,Denisa Křížová,LW,10.366666666666667,0.094262,0.0,0.0,0,0,0,0,0,0,0,0,0,0,0,0,0,1,0,0,0,0,0,0,0
216,20252026,Regular,MIN,190,Klára Hymlárová,C,12.95,0.145296,0.0,0.0,0,0,0,0,0,0,0,0,0,0,0,0,2,2,0,0,0,0,0,3,1
216,20252026,Regular,MIN,247,Abby Hustler,LW,14.933333333333334,0.051034,0.0,0.0,0,0,0,0,0,0,1,0,0,0,0,0,3,1,0,0,0,0,0,1,0
216,20252026,Regular,MIN,189,Britta Curl-Salemme,RW,16.133333333333333,0.188524,0.0,0.0,0,0,0,0,1,1,0,0,0,0,2,2,2,2,0,0,0,0,0,0,0
216,20252026,Regular,MIN,263,Peyton Anderson,LW,10.433333333333334,0.239558,0.0,0.0,0,0,0,0,0,0,0,0,0,0,0,0,1,3,0,0,0,0,0,0,0
216,20252026,Regular,MIN,22,Nicole Hensley,G,60.0,0.0,0.0,0.0,0,0,0,0,0,0,0,0,0,0,0,0,0,0,0,0,0,0,0,0,0
216,20252026,Regular,MIN,123,Maddie Rooney,G,0.0,0.0,0.0,0.0,0,0,0,0,0,0,0,0,0,0,0,0,0,0,0,0,0,0,0,0,0
217,20252026,Regular,NY,206,Elle Hartje,C,13.516666666666667,0.051034,0.0,0.0,0,0,0,0,0,0,0,0,0,0,0,0,0,1,0,0,0,0,0,7,2
217,20252026,Regular,NY,147,Savannah Norcross,RW,3.183333333333333,0.0,0.0,0.0,0,0,0,0,0,0,0,0,0,0,0,0,0,0,0,0,0,0,0,0,0
217,20252026,Regular,NY,229,Maja Nylen Persson,RD,20.983333333333334,0.051034,0.0,0.0,0,0,0,0,0,0,0,0,0,0,2,0,0,1,0,0,0,0,0,0,0
217,20252026,Regular,NY,205,Sarah Fillier,LW,17.016666666666666,0.313078,0.0,0.0,1,0,0,0,0,0,0,0,0,0,1,0,0,4,0,0,0,0,0,1,0
217,20252026,Regular,NY,283,Nicole Vallario,D,12.0,0.191898,0.0,0.0,1,0,0,0,0,0,0,0,0,0,1,0,1,1,0,0,0,0,0,0,0
217,20252026,Regular,NY,207,Lauren Bernard,RD,17.383333333333333,0.051034,0.0,0.0,0,0,0,0,0,0,0,0,0,1,1,0,2,1,0,0,0,0,0,0,0
217,20252026,Regular,NY,9,Taylor Girard,LW,13.333333333333334,0.0,0.0,0.0,0,0,0,0,0,0,0,0,0,0,0,0,1,0,0,0,0,0,0,0,0
217,20252026,Regular,NY,285,Maddi Wheeler,RW,14.216666666666667,0.102068,0.0,0.0,0,0,0,0,0,0,0,0,0,0,0,0,2,2,0,0,0,0,0,2,1
217,20252026,Regular,NY,40,Paetyn Levis,RW,15.266666666666667,0.254238,0.0,0.0,1,0,0,0,0,1,0,0,0,0,2,2,2,2,0,0,0,0,0,0,0
217,20252026,Regular,NY,230,Allyson Simpson,RD,22.133333333333333,0.19633,0.0,0.0,0,0,0,0,0,1,0,0,0,0,2,0,2,3,0,0,0,0,0,0,0
217,20252026,Regular,NY,277,Anna Bargman,RW,7.066666666666666,0.0,0.0,0.0,0,0,0,0,0,0,0,0,0,0,0,0,0,0,0,0,0,0,0,0,0
217,20252026,Regular,NY,249,Anne Cherkowski,RW,17.533333333333335,0.377048,0.0,0.0,0,0,0,0,1,0,0,0,1,0,2,0,2,4,0,0,0,0,0,0,0
217,20252026,Regular,NY,280,Casey O'Brien,C,17.383333333333333,0.0,0.0,0.0,0,0,0,0,0,1,0,0,0,0,1,0,1,0,0,0,0,0,0,12,7
217,20252026,Regular,NY,47,Micah Zandee-Hart,LD,18.433333333333334,0.051034,0.0,0.0,0,0,0,0,1,0,0,0,0,0,2,0,3,1,0,0,0,0,0,0,0
217,20252026,Regular,NY,204,Emmy Fecteau,LW,10.15,0.051034,0.0,0.0,0,0,0,0,0,0,0,0,0,0,0,0,2,1,0,0,0,0,0,0,0
217,20252026,Regular,NY,30,Kristin O'Neill,C,16.15,0.30527200000000004,0.0,0.0,0,0,1,0,0,0,0,0,0,0,2,0,0,3,0,0,0,0,0,20,12
217,20252026,Regular,NY,60,Jincy Roese,LD,21.133333333333333,0.051034,0.0,0.0,0,0,0,0,1,0,0,0,0,0,0,0,0,1,0,0,0,0,0,0,0
217,20252026,Regular,NY,45,Kayla Vespa,C,10.666666666666666,0.0,0.0,0.0,0,0,0,0,0,0,0,0,0,0,1,0,0,0,0,0,0,0,0,8,3
217,20252026,Regular,NY,245,Kristýna Kaltounková,LW,15.55,0.34850000000000003,0.0,0.0,1,0,0,0,0,0,0,0,0,0,2,2,1,3,0,0,0,0,0,0,0
217,20252026,Regular,NY,282,Callie Shanahan,G,0.0,0.0,0.0,0.0,0,0,0,0,0,0,0,0,0,0,0,0,0,0,0,0,0,0,0,0,0
217,20252026,Regular,NY,228,Kayle Osborne,G,60.0,0.0,0.0,0.0,0,0,0,0,0,0,0,0,0,0,0,0,0,0,0,0,0,0,0,0,0
217,20252026,Regular,VAN,310,Madison Samoskevich,D,9.2,0.0,0.0,0.0,0,0,0,0,0,0,0,0,0,0,0,0,0,0,0,0,0,0,0,0,0
217,20252026,Regular,VAN,209,Izzy Daniel,RW,8.05,0.0,0.0,0.0,0,0,0,0,0,0,0,0,0,0,-1,0,0,0,0,0,0,0,0,0,0
217,20252026,Regular,VAN,301,Katie Chan,LW,7.85,0.0,0.0,0.0,0,0,0,0,0,0,0,0,0,0,-1,0,0,0,0,0,0,0,0,0,0
217,20252026,Regular,VAN,180,Sydney Bard,RD,17.133333333333333,0.0,0.0,0.0,0,0,0,0,0,0,0,0,0,0,0,0,1,0,0,0,0,0,0,0,0
217,20252026,Regular,VAN,198,Jenn Gardiner,RW,13.733333333333333,0.282786,0.0,0.0,0,0,0,0,0,0,0,0,0,0,-1,0,1,3,0,0,0,0,0,0,0
217,20252026,Regular,VAN,161,Tereza Vanišová,LW,21.05,0.0,0.0,0.0,0,0,0,0,0,0,0,0,0,0,-1,0,3,0,0,0,0,0,0,1,1
217,20252026,Regular,VAN,227,Gabby Rosenthal,C,17.966666666666665,0.051034,0.0,0.0,0,0,0,0,0,0,0,0,0,0,0,0,2,1,0,0,0,0,0,17,8
217,20252026,Regular,VAN,11,Sophie Jaques,RD,17.033333333333335,0.337194,0.0,0.0,1,0,0,0,0,0,0,0,0,0,-3,0,0,3,0,0,0,0,0,0,0
217,20252026,Regular,VAN,50,Ashton Bell,RD,20.65,0.0,0.0,0.0,0,0,0,0,0,0,0,0,0,0,-1,0,1,0,0,0,0,0,0,0,0
217,20252026,Regular,VAN,114,Abby Boreen,RW,20.966666666666665,0.145296,0.0,0.0,0,0,0,0,0,0,0,0,0,0,-1,0,1,2,0,0,0,0,0,0,0
217,20252026,Regular,VAN,129,Mellissa Channell-Watkins,LD,16.433333333333334,0.0,0.0,0.0,0,0,0,0,0,0,0,0,0,0,-3,0,3,0,0,0,0,0,0,0,0
217,20252026,Regular,VAN,118,Emma Greco,LD,13.516666666666667,0.051034,0.0,0.0,0,0,0,0,0,0,0,0,0,0,0,0,0,1,0,0,0,0,0,0,0
217,20252026,Regular,VAN,192,Brooke McQuigge,LW,12.95,0.239558,0.0,0.0,0,0,0,0,0,0,0,0,0,0,-1,0,0,3,0,0,0,0,0,0,0
217,20252026,Regular,VAN,252,Michelle Karvinen,LW,16.35,0.051034,0.0,0.0,0,0,0,0,1,0,0,0,0,0,-1,0,1,1,0,0,0,0,0,0,0
217,20252026,Regular,VAN,89,Hannah Miller,C,17.8,0.145296,0.0,0.0,0,0,0,0,0,1,0,0,0,0,-2,0,2,2,0,0,0,0,0,17,6
217,20252026,Regular,VAN,169,Claire Thompson,LD,19.933333333333334,0.051034,0.0,0.0,0,0,0,0,0,0,0,0,0,0,-1,2,0,1,0,0,0,0,0,0,0
217,20252026,Regular,VAN,248,Anna Segedi,C,13.633333333333333,0.0,0.0,0.0,0,0,0,0,0,0,0,0,0,0,-2,0,1,0,0,0,0,0,0,9,8
217,20252026,Regular,VAN,306,Darcie Lappan,C,8.583333333333334,0.0,0.0,0.0,0,0,0,0,0,0,0,0,0,0,0,0,4,0,0,0,0,0,0,5,1
217,20252026,Regular,VAN,115,Michela Cava,RW,15.666666666666666,0.33382,0.0,0.0,0,0,0,0,0,0,0,0,0,0,-1,0,1,4,0,0,0,0,0,1,1
217,20252026,Regular,VAN,59,Emerance Maschmeyer,G,0.0,0.0,0.0,0.0,0,0,0,0,0,0,0,0,0,0,0,0,0,0,0,0,0,0,0,0,0
217,20252026,Regular,VAN,64,Kristen Campbell,G,60.0,0.0,0.0,0.0,0,0,0,0,0,0,0,0,0,0,0,0,0,0,0,0,0,0,0,0,0
218,20252026,Regular,TOR,68,Kali Flanagan,RD,22.433333333333334,0.094262,0.0,0.0,0,0,0,0,0,0,0,0,0,0,-2,0,0,1,0,0,0,0,0,0,0
218,20252026,Regular,TOR,116,Clair DeGeorge,C,1.3,0.0,0.0,0.0,0,0,0,0,0,0,0,0,0,0,0,0,0,0,0,0,0,0,0,0,0
218,20252026,Regular,TOR,317,Kiara Zanon,LW,12.366666666666667,0.094262,0.0,0.0,0,0,0,0,0,0,0,0,0,0,-1,0,1,1,0,0,0,0,0,0,0
218,20252026,Regular,TOR,74,Allie Munroe,LD,18.783333333333335,0.0,0.0,0.0,0,0,0,0,0,0,0,0,0,0,-2,0,2,0,0,0,0,0,0,0,0
218,20252026,Regular,TOR,67,Renata Fast,RD,25.483333333333334,0.051034,0.0,0.0,0,0,0,0,0,0,0,0,0,0,1,0,3,1,0,0,0,0,0,0,0
218,20252026,Regular,TOR,56,Savannah Harmon,LD,21.45,0.145296,0.0,0.0,0,0,0,0,0,0,0,0,0,1,0,0,2,2,0,0,0,0,0,0,0
218,20252026,Regular,TOR,315,Lauren Messier,LW,5.833333333333333,0.051034,0.0,0.0,0,0,0,0,0,0,0,0,0,0,0,0,1,1,0,0,0,0,0,0,0
218,20252026,Regular,TOR,44,Ella Shelton,LD,22.45,0.094262,0.0,0.0,0,0,0,0,0,0,0,0,0,0,0,0,1,1,0,0,0,0,0,0,0
218,20252026,Regular,TOR,65,Jesse Compher,RW,16.166666666666668,0.290592,0.0,0.0,0,0,0,0,0,0,0,0,1,0,0,0,1,4,0,0,0,0,0,0,0
218,20252026,Regular,TOR,313,Sara Hjalmarsson,LW,20.8,0.0,0.0,0.0,0,0,0,0,0,0,0,0,0,0,-2,0,0,0,0,0,0,0,0,2,1
218,20252026,Regular,TOR,244,Emma Gentry,C,12.05,0.0,0.0,0.0,0,0,0,0,0,0,0,0,0,0,-1,2,3,0,0,0,0,0,0,10,2
218,20252026,Regular,TOR,66,Maggie Connors,LW,15.783333333333333,0.239558,0.0,0.0,0,0,0,0,0,0,0,0,0,0,-1,0,0,3,0,0,0,0,0,0,0
218,20252026,Regular,TOR,100,Natalie Spooner,RW,20.333333333333332,0.290592,0.0,0.0,0,0,0,0,0,0,0,0,0,0,-2,2,0,4,0,0,0,0,0,0,0
218,20252026,Regular,TOR,316,Clara Van Wieren,C,8.266666666666667,0.094262,0.0,0.0,0,0,0,0,0,0,0,0,0,0,0,0,1,1,0,0,0,0,0,2,1
218,20252026,Regular,TOR,73,Emma Maltais,C,22.933333333333334,0.188524,0.0,0.0,0,0,0,0,0,0,0,0,0,0,-2,0,0,2,0,0,0,0,0,23,14
218,20252026,Regular,TOR,76,Blayre Turnbull,C,17.283333333333335,0.254238,0.0,0.0,0,0,1,0,0,0,0,0,0,0,1,0,1,2,0,0,0,0,0,11,3
218,20252026,Regular,TOR,26,Claire Dalton,RW,13.8,0.094262,0.0,0.0,0,0,0,0,0,0,0,0,0,0,0,2,0,1,0,0,0,0,0,0,0
218,20252026,Regular,TOR,86,Emma Woods,RW,8.133333333333333,0.0,0.0,0.0,0,0,0,0,0,0,0,0,0,0,0,0,0,0,0,0,0,0,0,1,1
218,20252026,Regular,TOR,200,Anna Kjellbin,RD,7.516666666666667,0.051034,0.0,0.0,0,0,0,0,0,0,0,0,0,0,-1,0,0,1,0,0,0,0,0,0,0
218,20252026,Regular,TOR,211,Raygan Kirk,G,58.1,0.0,0.0,0.0,0,0,0,0,0,0,0,0,0,0,0,0,0,0,0,0,0,0,0,0,0
218,20252026,Regular,TOR,85,Elaine Chuli,G,0.0,0.0,0.0,0.0,0,0,0,0,0,0,0,0,0,0,0,0,0,0,0,0,0,0,0,0,0
218,20252026,Regular,BOS,52,Zoe Boyd,LD,13.516666666666667,0.0,0.0,0.0,0,0,0,0,0,0,0,0,0,0,1,0,4,0,0,0,0,0,0,0,0
218,20252026,Regular,BOS,12,Megan Keller,LD,31.216666666666665,0.0,0.0,0.0,0,0,0,0,1,0,0,0,0,0,2,0,3,0,0,0,0,0,0,0,0
218,20252026,Regular,BOS,182,Hadley Hartmetz,RD,10.966666666666667,0.051034,0.0,0.0,0,0,0,0,0,0,0,0,0,0,1,0,1,1,0,0,0,0,0,0,0
218,20252026,Regular,BOS,246,Haley Winn,RD,27.716666666666665,0.0,0.0,0.0,0,0,0,0,0,0,0,0,0,0,2,0,1,0,0,0,0,0,0,0,0
218,20252026,Regular,BOS,18,Sophie Shirley,RW,12.533333333333333,0.051034,0.0,0.0,0,0,0,0,0,0,0,0,0,0,-1,0,2,1,0,0,0,0,0,0,0
218,20252026,Regular,BOS,15,Alina Müller,C,23.066666666666666,0.159976,0.0,0.0,0,0,0,1,0,0,0,0,0,0,1,0,1,1,0,0,0,0,0,12,7
218,20252026,Regular,BOS,256,Olivia Mobley,RW,6.183333333333334,0.0,0.0,0.0,0,0,0,0,0,0,0,0,0,0,0,0,4,0,0,0,0,0,0,0,0
218,20252026,Regular,BOS,255,Riley Brengman,RD,15.2,0.0,0.0,0.0,0,0,0,0,0,0,0,0,0,0,-1,0,0,0,0,0,0,0,0,0,0
218,20252026,Regular,BOS,17,Theresa Schafzahl,LW,12.166666666666666,0.0,0.0,0.0,0,0,0,0,0,0,0,0,0,0,0,0,1,0,0,0,0,0,0,0,0
218,20252026,Regular,BOS,259,Abby Newhook,RW,12.35,0.254238,0.0,0.0,1,0,0,0,0,0,0,0,0,0,2,0,1,2,0,0,0,0,0,0,0
218,20252026,Regular,BOS,1,Hannah Brandt,C,13.8,0.0,0.0,0.0,0,0,0,0,0,1,0,0,0,0,0,0,0,0,0,0,0,0,0,14,9
218,20252026,Regular,BOS,212,Laura Kluge,C,11.05,0.094262,0.0,0.0,0,0,0,0,0,0,0,0,0,0,1,2,0,1,0,0,0,0,0,4,0
218,20252026,Regular,BOS,243,Ella Huber,LW,12.616666666666667,0.0,0.0,0.0,0,0,0,0,0,0,0,0,0,0,-1,0,2,0,0,0,0,0,0,1,0
218,20252026,Regular,BOS,183,Shay Maloney,RW,21.333333333333332,0.051034,0.0,0.0,0,0,0,0,0,0,0,0,0,0,0,0,4,1,0,0,0,0,0,4,2
218,20252026,Regular,BOS,149,Jill Saulnier,LW,11.366666666666667,0.188524,0.0,0.0,0,0,0,0,1,0,0,0,0,0,1,2,0,2,0,0,0,0,0,1,1
218,20252026,Regular,BOS,16,Jamie Lee Rattray,LW,14.316666666666666,0.0,0.0,0.0,0,0,0,0,1,0,0,0,0,0,1,0,1,0,0,0,0,0,0,1,0
218,20252026,Regular,BOS,232,Rylind MacKinnon,LD,6.366666666666666,0.0,0.0,0.0,0,0,0,0,0,0,0,0,0,0,0,0,1,0,0,0,0,0,0,0,0
218,20252026,Regular,BOS,185,Daniela Pejšová,LD,10.283333333333333,0.051034,0.0,0.0,0,0,0,0,0,0,0,0,0,0,0,0,1,1,0,0,0,0,0,0,0
218,20252026,Regular,BOS,78,Susanna Tapani,C,19.116666666666667,0.21101,0.0,0.0,1,0,0,0,0,0,0,0,0,0,1,0,1,2,0,0,0,0,0,12,8
218,20252026,Regular,BOS,6,Aerin Frankel,G,60.0,0.0,0.0,0.0,0,0,0,0,0,0,0,0,0,0,0,0,0,0,0,0,0,0,0,0,0
218,20252026,Regular,BOS,41,Abbey Levy,G,0.0,0.0,0.0,0.0,0,0,0,0,0,0,0,0,0,0,0,0,0,0,0,0,0,0,0,0,0
219,20252026,Regular,OTT,71,Jocelyne Larocque,RD,19.333333333333332,0.051034,0.0,0.0,0,0,0,0,0,0,0,0,0,0,-2,0,0,1,0,0,0,0,0,0,0
219,20252026,Regular,OTT,242,Rory Guilday,LD,20.016666666666666,0.191898,0.0,0.0,0,1,0,0,0,0,0,0,0,0,-3,2,0,1,0,0,0,0,0,0,0
219,20252026,Regular,OTT,219,Stephanie Markowski,LD,18.533333333333335,0.051034,0.0,0.0,0,0,0,0,0,0,0,0,0,0,-1,0,3,1,0,0,0,0,0,0,0
219,20252026,Regular,OTT,289,Kathryn Reilly,RD,16.15,0.0,0.0,0.0,0,0,0,0,0,0,0,0,0,0,-1,0,1,0,0,0,0,0,0,0,0
219,20252026,Regular,OTT,101,Alexa Vasko,C,10.9,0.188524,0.0,0.0,0,0,0,0,0,0,0,0,0,0,0,0,1,2,0,0,0,0,0,12,8
219,20252026,Regular,OTT,38,Brooke Hobson,LD,17.3,0.0,0.0,0.0,0,0,0,0,0,0,0,0,0,0,-1,0,2,0,0,0,0,0,0,0,0
219,20252026,Regular,OTT,88,Kateřina Mrázová,C,16.333333333333332,0.145296,0.0,0.0,0,0,0,0,0,0,0,0,0,0,0,0,2,2,0,0,0,0,0,13,7
219,20252026,Regular,OTT,57,Gabbie Hughes,C,17.733333333333334,0.204136,0.0,0.0,0,0,0,0,0,0,0,1,0,0,-4,0,2,4,0,0,0,0,0,24,12
219,20252026,Regular,OTT,220,Mannon McMahon,RW,15.116666666666667,0.145296,0.0,0.0,0,0,0,0,0,0,0,0,0,0,-2,0,1,2,0,0,0,0,0,0,0
219,20252026,Regular,OTT,58,Brianne Jenner,C,16.483333333333334,0.15310200000000002,0.0,0.0,0,0,0,0,0,0,1,0,0,0,-2,0,0,3,0,0,0,0,0,11,9
219,20252026,Regular,OTT,241,Sarah Wozniewicz,LW,9.033333333333333,0.051034,0.0,0.0,0,0,0,0,0,0,0,0,0,0,-1,0,0,1,0,0,0,0,0,0,0
219,20252026,Regular,OTT,53,Emily Clark,LW,19.733333333333334,0.43588800000000005,0.0,0.0,0,0,0,0,0,0,0,0,0,0,-3,0,1,6,0,0,0,0,0,1,0
219,20252026,Regular,OTT,286,Peyton Hemp,RW,10.133333333333333,0.051034,0.0,0.0,0,0,0,0,0,0,0,0,0,0,0,2,1,1,0,0,0,0,0,0,0
219,20252026,Regular,OTT,72,Rebecca Leslie,RW,17.133333333333333,0.239558,0.0,0.0,0,0,0,0,0,0,0,0,0,0,-2,0,0,3,0,0,0,0,0,1,0
219,20252026,Regular,OTT,108,Samantha Isbell,LD,0.0,0.0,0.0,0.0,0,0,0,0,0,0,0,0,0,0,0,0,0,0,0,0,0,0,0,0,0
219,20252026,Regular,OTT,240,Fanuza Kadirova,RW,15.816666666666666,0.0,0.0,0.0,0,0,0,0,0,0,0,0,0,0,0,0,0,0,0,0,0,0,0,0,0
219,20252026,Regular,OTT,223,Ronja Savolainen,RD,21.533333333333335,0.204136,0.0,0.0,0,0,0,0,0,0,0,0,0,0,-1,0,0,4,0,0,0,0,0,0,0
219,20252026,Regular,OTT,221,Anna Meixner,LW,16.383333333333333,0.094262,0.0,0.0,0,0,0,0,0,0,0,0,0,0,-2,0,1,1,0,0,0,0,0,0,0
219,20252026,Regular,OTT,239,Anna Shokhina,LW,16.3,0.247364,0.0,0.0,0,0,0,0,0,0,0,0,0,0,-1,0,0,4,0,0,0,0,0,2,0
219,20252026,Regular,OTT,222,Gwyneth Philips,G,58.25,0.0,0.0,0.0,0,0,0,0,0,0,0,0,0,0,0,0,0,0,0,0,0,0,0,0,0
219,20252026,Regular,OTT,290,Kendra Woodland,G,0.0,0.0,0.0,0.0,0,0,0,0,0,0,0,0,0,0,0,0,0,0,0,0,0,0,0,0,0
219,20252026,Regular,MIN,24,Lee Stecklein,LD,20.55,0.15310200000000002,0.0,0.0,0,0,0,0,0,1,0,0,0,0,2,0,0,3,0,0,0,0,0,0,0
219,20252026,Regular,MIN,236,Kendall Cooper,LD,20.216666666666665,0.102068,0.0,0.0,0,0,0,0,0,0,0,0,0,0,1,0,1,2,0,0,0,0,0,0,0
219,20252026,Regular,MIN,167,Sidney Morin,RD,21.783333333333335,0.204136,0.0,0.0,0,0,0,0,0,0,0,0,0,0,2,2,0,4,0,0,0,0,0,0,0
219,20252026,Regular,MIN,191,Katy Knoll,RW,14.666666666666666,0.0,0.0,0.0,0,0,0,0,0,0,0,0,0,0,2,0,2,0,0,0,0,0,0,2,1
219,20252026,Regular,MIN,102,Claire Butorac,RW,11.0,0.0,0.0,0.0,0,0,0,0,0,0,0,0,0,0,0,0,0,0,0,0,0,0,0,1,1
219,20252026,Regular,MIN,23,Kelly Pannek,C,15.25,0.282786,0.0,0.0,0,0,0,0,2,0,0,0,0,0,2,0,0,3,0,0,0,0,0,17,6
219,20252026,Regular,MIN,25,Grace Zumwinkle,RW,14.466666666666667,0.21101,0.0,0.0,1,0,0,0,0,0,0,0,0,0,1,2,0,2,0,0,0,0,0,0,0
219,20252026,Regular,MIN,195,Dominique Petrie,C,16.2,0.254238,0.0,0.0,1,0,0,0,0,0,0,0,0,0,2,2,2,2,0,0,0,0,0,17,9
219,20252026,Regular,MIN,264,Brooke Becker,RD,16.816666666666666,0.15310200000000002,0.0,0.0,0,0,0,0,0,0,0,0,0,0,1,0,0,3,0,0,0,0,0,0,0
219,20252026,Regular,MIN,188,Mae Batherson,LD,19.716666666666665,0.0,0.0,0.0,0,0,0,0,0,0,0,0,0,0,2,0,0,0,0,0,0,0,0,0,0
219,20252026,Regular,MIN,90,Natalie Buchbinder,RD,17.816666666666666,0.0,0.0,0.0,0,0,0,0,0,0,0,0,0,0,2,0,0,0,0,0,0,0,0,0,0
219,20252026,Regular,MIN,269,Vanessa Upson,C,4.383333333333334,0.0,0.0,0.0,0,0,0,0,0,0,0,0,0,0,0,0,0,0,0,0,0,0,0,3,1
219,20252026,Regular,MIN,20,Kendall Coyne Schofield,LW,14.966666666666667,0.826558,0.0,0.0,2,0,0,1,0,0,0,0,0,0,3,0,0,6,0,0,0,0,0,0,0
219,20252026,Regular,MIN,21,Taylor Heise,C,16.533333333333335,0.188524,0.0,0.0,0,0,0,0,0,0,0,0,0,0,1,0,0,2,0,0,0,0,0,12,6
219,20252026,Regular,MIN,104,Denisa Křížová,LW,14.95,0.094262,0.0,0.0,0,0,0,0,1,0,0,0,0,0,1,0,0,1,0,0,0,0,0,0,0
219,20252026,Regular,MIN,190,Klára Hymlárová,C,10.533333333333333,0.0,0.0,0.0,0,0,0,0,0,0,0,0,0,0,0,0,0,0,0,0,0,0,0,8,2
219,20252026,Regular,MIN,247,Abby Hustler,LW,15.566666666666666,0.33382,0.0,0.0,0,0,0,0,0,0,0,0,0,0,1,0,2,4,0,0,0,0,0,0,0
219,20252026,Regular,MIN,189,Britta Curl-Salemme,RW,17.3,0.051034,0.0,0.0,0,0,0,0,0,2,0,0,0,0,2,0,0,1,0,0,0,0,0,4,2
219,20252026,Regular,MIN,263,Peyton Anderson,LW,9.6,0.0,0.0,0.0,0,0,0,0,0,0,0,0,0,0,0,0,1,0,0,0,0,0,0,0,0
219,20252026,Regular,MIN,22,Nicole Hensley,G,60.0,0.0,0.0,0.0,0,0,0,0,0,0,0,0,0,0,0,0,0,0,0,0,0,0,0,0,0
219,20252026,Regular,MIN,123,Maddie Rooney,G,0.0,0.0,0.0,0.0,0,0,0,0,0,0,0,0,0,0,0,0,0,0,0,0,0,0,0,0,0
220,20252026,Regular,BOS,52,Zoe Boyd,LD,14.533333333333333,0.051034,0.0,0.0,0,0,0,0,0,0,0,0,0,0,1,0,1,1,0,0,0,0,0,0,0
220,20252026,Regular,BOS,12,Megan Keller,LD,26.583333333333332,0.102068,0.0,0.0,0,0,0,0,0,0,0,0,0,0,0,0,3,2,0,0,0,0,0,0,0
220,20252026,Regular,BOS,182,Hadley Hartmetz,RD,14.35,0.102068,0.0,0.0,0,0,0,0,1,0,0,0,0,0,1,0,0,2,0,0,0,0,0,0,0
220,20252026,Regular,BOS,246,Haley Winn,RD,28.633333333333333,0.0,0.0,0.0,0,0,0,0,0,0,0,0,0,0,0,0,0,0,0,0,0,0,0,0,0
220,20252026,Regular,BOS,18,Sophie Shirley,RW,15.416666666666666,0.094262,0.0,0.0,0,0,0,0,0,0,0,0,0,0,0,0,0,1,0,0,0,0,0,0,0
220,20252026,Regular,BOS,15,Alina Müller,C,16.816666666666666,0.188524,0.0,0.0,0,0,0,0,0,0,0,0,0,0,1,0,1,2,0,0,0,0,0,11,10
220,20252026,Regular,BOS,97,Liz Schepers,C,11.383333333333333,0.0,0.0,0.0,0,0,0,0,0,0,0,0,0,0,1,0,2,0,0,0,0,0,0,8,6
220,20252026,Regular,BOS,255,Riley Brengman,RD,16.3,0.051034,0.0,0.0,0,0,0,0,0,0,0,0,0,0,1,0,0,1,0,0,0,0,0,0,0
220,20252026,Regular,BOS,17,Theresa Schafzahl,LW,14.033333333333333,0.0,0.0,0.0,0,0,0,0,0,1,0,0,0,0,1,0,0,0,0,0,0,0,0,0,0
220,20252026,Regular,BOS,259,Abby Newhook,RW,16.6,0.4824900000000001,0.0,0.0,1,0,0,0,0,0,0,0,0,0,1,0,0,5,0,0,0,0,0,0,0
220,20252026,Regular,BOS,1,Hannah Brandt,C,16.333333333333332,0.051034,0.0,0.0,0,0,0,0,0,0,0,0,0,0,0,0,0,1,0,0,0,0,0,15,10
220,20252026,Regular,BOS,212,Laura Kluge,LW,12.683333333333334,0.094262,0.0,0.0,0,0,0,0,0,0,0,0,0,0,0,0,0,1,0,0,0,0,0,0,0
220,20252026,Regular,BOS,243,Ella Huber,RW,14.816666666666666,0.34162600000000004,0.0,0.0,0,0,0,0,0,0,0,0,0,0,1,0,2,5,0,0,0,0,0,2,1
220,20252026,Regular,BOS,183,Shay Maloney,RW,14.233333333333333,0.145296,0.0,0.0,0,0,0,0,0,0,0,0,0,0,0,0,1,2,0,0,0,0,0,1,1
220,20252026,Regular,BOS,149,Jill Saulnier,LW,15.85,0.450568,0.0,0.0,1,0,0,0,0,0,0,0,0,0,1,0,0,5,0,0,0,0,0,0,0
220,20252026,Regular,BOS,16,Jamie Lee Rattray,LW,15.15,0.0,0.0,0.0,0,0,0,0,0,0,0,0,0,0,0,0,1,0,0,0,0,0,0,0,0
220,20252026,Regular,BOS,232,Rylind MacKinnon,LD,2.7,0.0,0.0,0.0,0,0,0,0,0,0,0,0,0,0,0,0,0,0,0,0,0,0,0,0,0
220,20252026,Regular,BOS,185,Daniela Pejšová,LD,14.916666666666666,0.102068,0.0,0.0,0,0,0,0,0,0,0,0,0,0,1,0,1,2,0,0,0,0,0,0,0
220,20252026,Regular,BOS,78,Susanna Tapani,C,16.0,0.051034,0.0,0.0,0,0,0,0,0,0,0,0,0,0,0,0,0,1,0,0,0,0,0,12,7
220,20252026,Regular,BOS,6,Aerin Frankel,G,60.0,0.0,0.0,0.0,0,0,0,0,0,0,0,0,0,0,0,0,0,0,0,0,0,0,0,0,0
220,20252026,Regular,BOS,41,Abbey Levy,G,0.0,0.0,0.0,0.0,0,0,0,0,0,0,0,0,0,0,0,0,0,0,0,0,0,0,0,0,0
220,20252026,Regular,VAN,310,Madison Samoskevich,D,14.1,0.0,0.0,0.0,0,0,0,0,0,0,0,0,0,0,-1,0,4,0,0,0,0,0,0,0,0
220,20252026,Regular,VAN,209,Izzy Daniel,RW,10.083333333333334,0.094262,0.0,0.0,0,0,0,0,0,0,0,0,0,0,0,0,1,1,0,0,0,0,0,0,0
220,20252026,Regular,VAN,301,Katie Chan,RW,12.233333333333333,0.0,0.0,0.0,0,0,0,0,0,0,0,0,0,0,-1,0,0,0,0,0,0,0,0,2,0
220,20252026,Regular,VAN,180,Sydney Bard,RD,17.2,0.19633,0.0,0.0,0,0,0,0,0,0,0,0,0,0,0,0,3,3,0,0,0,0,0,0,0
220,20252026,Regular,VAN,198,Jenn Gardiner,LW,14.833333333333334,0.094262,0.0,0.0,0,0,0,0,0,0,0,0,0,0,-1,0,1,1,0,0,0,0,0,0,0
220,20252026,Regular,VAN,161,Tereza Vanišová,LW,17.75,0.051034,0.0,0.0,0,0,0,0,0,0,0,0,0,0,0,0,1,1,0,0,0,0,0,0,0
220,20252026,Regular,VAN,227,Gabby Rosenthal,C,14.5,0.051034,0.0,0.0,0,0,0,0,0,0,0,0,0,0,-1,0,0,1,0,0,0,0,0,8,2
220,20252026,Regular,VAN,11,Sophie Jaques,RD,22.566666666666666,0.290592,0.0,0.0,0,0,0,0,0,0,0,0,0,0,-1,0,1,4,0,0,0,0,0,0,0
220,20252026,Regular,VAN,50,Ashton Bell,RD,19.666666666666668,0.051034,0.0,0.0,0,0,0,0,0,0,0,0,0,0,-1,0,1,1,0,0,0,0,0,0,0
220,20252026,Regular,VAN,114,Abby Boreen,RW,17.566666666666666,0.051034,0.0,0.0,0,0,0,0,0,0,0,0,0,0,0,0,1,1,0,0,0,0,0,2,0
220,20252026,Regular,VAN,129,Mellissa Channell-Watkins,LD,21.133333333333333,0.051034,0.0,0.0,0,0,0,0,0,0,0,0,0,0,-1,0,2,1,0,0,0,0,0,0,0
220,20252026,Regular,VAN,118,Emma Greco,LD,2.45,0.0,0.0,0.0,0,0,0,0,0,0,0,0,0,0,0,0,0,0,0,0,0,0,0,0,0
220,20252026,Regular,VAN,192,Brooke McQuigge,LW,11.783333333333333,0.0,0.0,0.0,0,0,0,0,0,0,0,0,0,0,0,0,1,0,0,0,0,0,0,1,1
220,20252026,Regular,VAN,252,Michelle Karvinen,LW,13.216666666666667,0.247364,0.0,0.0,0,0,0,0,0,0,0,0,0,0,-1,0,3,4,0,0,0,0,0,1,0
220,20252026,Regular,VAN,89,Hannah Miller,C,19.95,0.051034,0.0,0.0,0,0,0,0,0,0,0,0,0,0,0,0,1,1,0,0,0,0,0,20,8
220,20252026,Regular,VAN,169,Claire Thompson,LD,18.783333333333335,0.0,0.0,0.0,0,0,0,0,0,0,0,0,0,0,0,0,0,0,0,0,0,0,0,0,0
220,20252026,Regular,VAN,248,Anna Segedi,C,12.35,0.102068,0.0,0.0,0,0,0,0,0,0,0,0,0,0,-1,0,1,2,0,0,0,0,0,7,2
220,20252026,Regular,VAN,306,Darcie Lappan,C,12.35,0.0,0.0,0.0,0,0,0,0,0,0,0,0,0,0,0,0,1,0,0,0,0,0,0,7,1
220,20252026,Regular,VAN,115,Michela Cava,RW,14.216666666666667,0.0,0.0,0.0,0,0,0,0,0,0,0,0,0,0,-1,0,0,0,0,0,0,0,0,1,0
220,20252026,Regular,VAN,59,Emerance Maschmeyer,G,57.56666666666667,0.0,0.0,0.0,0,0,0,0,0,0,0,0,0,0,0,0,0,0,0,0,0,0,0,0,0
220,20252026,Regular,VAN,64,Kristen Campbell,G,0.0,0.0,0.0,0.0,0,0,0,0,0,0,0,0,0,0,0,0,0,0,0,0,0,0,0,0,0
221,20252026,Regular,SEA,196,Cayla Barnes,RD,22.15,0.0,0.0,0.0,0,0,0,0,0,0,0,0,0,0,0,0,0,0,0,0,0,0,0,0,0
221,20252026,Regular,SEA,203,Anna Wilgren,RD,18.816666666666666,0.102068,0.0,0.0,0,0,0,0,0,0,0,0,0,0,-1,0,2,2,0,0,0,0,0,0,0
221,20252026,Regular,SEA,142,Natalie Snodgrass,LW,12.45,0.0,0.0,0.0,0,0,0,0,0,0,0,0,0,0,-1,0,0,0,0,0,0,0,0,1,0
221,20252026,Regular,SEA,36,Jessie Eldridge,RW,16.683333333333334,0.051034,0.0,0.0,0,0,0,0,0,0,0,0,0,0,0,2,1,1,0,0,0,0,0,1,0
221,20252026,Regular,SEA,237,Jenna Buglioni,C,6.5,0.0,0.0,0.0,0,0,0,0,0,0,0,0,0,0,0,0,2,0,0,0,0,0,0,1,1
221,20252026,Regular,SEA,2,Emily Brown,LD,16.816666666666666,0.0,0.0,0.0,0,0,0,0,0,0,0,0,0,0,0,4,1,0,0,0,0,0,0,0,0
221,20252026,Regular,SEA,138,Mikyla Grant-Mentis,C,10.283333333333333,0.0,0.0,0.0,0,0,0,0,0,0,0,0,0,0,-1,2,0,0,0,0,0,0,0,4,1
221,20252026,Regular,SEA,91,Brooke Bryant,RW,4.066666666666666,0.051034,0.0,0.0,0,0,0,0,0,0,0,0,0,0,0,0,0,1,0,0,0,0,0,0,0
221,20252026,Regular,SEA,181,Hannah Bilka,LW,19.366666666666667,0.0,0.0,0.0,0,0,0,0,0,0,1,1,0,0,0,2,2,0,0,0,0,0,0,0,0
221,20252026,Regular,SEA,99,Mariah Keopple,LD,14.45,0.0,0.0,0.0,0,0,0,0,0,0,0,0,0,0,-1,0,0,0,0,0,0,0,0,0,0
221,20252026,Regular,SEA,13,Hilary Knight,RW,19.266666666666666,0.450568,0.0,0.0,0,1,0,0,0,0,1,0,0,0,0,0,1,5,0,0,0,0,0,1,1
221,20252026,Regular,SEA,294,Lyndie Lobdell,RD,15.966666666666667,0.0,0.0,0.0,0,0,0,0,0,0,0,0,0,0,0,0,1,0,0,0,0,0,0,0,0
221,20252026,Regular,SEA,34,Alex Carpenter,C,21.883333333333333,0.568946,0.0,0.0,0,1,0,0,0,0,0,0,0,0,0,0,0,5,0,0,0,0,0,28,13
221,20252026,Regular,SEA,208,Megan Carter,LD,16.9,0.0,0.0,0.0,0,0,0,0,0,0,0,0,0,0,0,0,2,0,0,0,0,0,0,0,0
221,20252026,Regular,SEA,295,Marah Wagner,LW,9.0,0.094262,0.0,0.0,0,0,0,0,0,0,0,0,0,0,0,0,1,1,0,0,0,0,0,0,0
221,20252026,Regular,SEA,49,Lexie Adzija,RW,13.283333333333333,0.188524,0.0,0.0,0,0,0,0,0,0,0,0,0,0,-1,0,2,2,0,0,0,0,0,3,0
221,20252026,Regular,SEA,210,Julia Gosling,LW,18.45,0.094262,0.0,0.0,0,0,0,0,0,0,0,1,0,0,-1,0,0,1,0,0,0,0,0,0,0
221,20252026,Regular,SEA,224,Danielle Serdachny,C,17.7,0.145296,0.0,0.0,0,0,0,0,0,0,0,0,0,0,0,0,0,2,0,0,0,0,0,18,8
221,20252026,Regular,SEA,155,Corinne Schroeder,G,0.0,0.0,0.0,0.0,0,0,0,0,0,0,0,0,0,0,0,0,0,0,0,0,0,0,0,0,0
221,20252026,Regular,SEA,250,Hannah Murphy,G,60.0,0.0,0.0,0.0,0,0,0,0,0,0,0,0,0,0,0,0,0,0,0,0,0,0,0,0,0
221,20252026,Regular,NY,206,Elle Hartje,C,11.516666666666667,0.0,0.0,0.0,0,0,0,0,0,0,0,0,0,0,0,4,0,0,0,0,0,0,0,7,4
221,20252026,Regular,NY,147,Savannah Norcross,RW,2.05,0.0,0.0,0.0,0,0,0,0,0,0,0,0,0,0,0,0,1,0,0,0,0,0,0,0,0
221,20252026,Regular,NY,229,Maja Nylen Persson,RD,19.883333333333333,0.0,0.0,0.0,0,0,0,0,0,0,0,0,0,0,0,0,1,0,0,0,0,0,0,0,0
221,20252026,Regular,NY,205,Sarah Fillier,LW,20.683333333333334,0.290592,0.0,0.0,0,0,0,0,0,0,0,0,0,0,0,0,0,4,0,0,0,0,0,4,1
221,20252026,Regular,NY,283,Nicole Vallario,RD,8.716666666666667,0.0,0.0,0.0,0,0,0,0,0,0,0,0,0,0,0,0,0,0,0,0,0,0,0,0,0
221,20252026,Regular,NY,207,Lauren Bernard,LD,15.35,0.145296,0.0,0.0,0,0,0,0,0,1,0,0,0,0,1,0,0,2,0,0,0,0,0,0,0
221,20252026,Regular,NY,9,Taylor Girard,LW,11.65,0.0,0.0,0.0,0,0,0,0,0,0,0,0,0,0,0,0,2,0,0,0,0,0,0,0,0
221,20252026,Regular,NY,285,Maddi Wheeler,RW,14.25,0.0,0.0,0.0,0,0,0,0,0,0,0,0,0,0,1,0,1,0,0,0,0,0,0,2,0
221,20252026,Regular,NY,40,Paetyn Levis,RW,16.766666666666666,0.159976,0.0,0.0,1,0,0,0,0,0,0,0,0,0,1,0,0,1,0,0,0,0,0,1,0
221,20252026,Regular,NY,230,Allyson Simpson,RD,21.516666666666666,0.145296,0.0,0.0,0,0,0,0,0,0,0,0,0,0,0,0,0,2,0,0,0,0,0,0,0
221,20252026,Regular,NY,277,Anna Bargman,RW,3.0,0.0,0.0,0.0,0,0,0,0,0,0,0,0,0,0,0,0,0,0,0,0,0,0,0,0,0
221,20252026,Regular,NY,249,Anne Cherkowski,RW,19.25,0.43588800000000005,0.0,0.0,0,0,0,0,0,0,0,0,0,0,0,2,0,6,0,0,0,0,0,0,0
221,20252026,Regular,NY,280,Casey O'Brien,C,15.8,0.094262,0.0,0.0,0,0,0,0,0,0,0,0,0,0,0,0,0,1,0,0,0,0,0,16,9
221,20252026,Regular,NY,47,Micah Zandee-Hart,LD,21.316666666666666,0.0,0.0,0.0,0,0,0,0,0,0,0,0,0,0,0,2,1,0,0,0,0,0,0,0,0
221,20252026,Regular,NY,204,Emmy Fecteau,LW,5.25,0.0,0.0,0.0,0,0,0,0,0,0,0,0,0,0,0,0,0,0,0,0,0,0,0,0,0
221,20252026,Regular,NY,30,Kristin O'Neill,C,19.0,0.0,0.0,0.0,0,0,0,0,0,0,0,0,0,0,1,0,0,0,0,0,0,0,0,24,17
221,20252026,Regular,NY,60,Jincy Roese,LD,20.116666666666667,0.051034,0.0,0.0,0,0,0,0,1,0,0,0,0,0,1,0,2,1,0,0,0,0,0,0,0
221,20252026,Regular,NY,45,Kayla Vespa,C,6.8,0.094262,0.0,0.0,0,0,0,0,0,0,0,0,0,0,0,0,0,1,0,0,0,0,0,2,1
221,20252026,Regular,NY,245,Kristýna Kaltounková,LW,15.933333333333334,0.43588800000000005,0.0,0.0,0,0,0,0,0,0,0,0,0,0,1,15,1,6,0,0,0,0,0,1,1
221,20252026,Regular,NY,282,Callie Shanahan,G,0.0,0.0,0.0,0.0,0,0,0,0,0,0,0,0,0,0,0,0,0,0,0,0,0,0,0,0,0
221,20252026,Regular,NY,228,Kayle Osborne,G,60.0,0.0,0.0,0.0,0,0,0,0,0,0,0,0,0,0,0,0,0,0,0,0,0,0,0,0,0
222,20252026,Regular,TOR,68,Kali Flanagan,RD,22.433333333333334,0.15310200000000002,0.0,0.0,0,0,0,0,0,0,0,0,0,0,0,0,0,3,0,0,0,0,0,0,0
222,20252026,Regular,TOR,63,Daryl Watts,LW,18.533333333333335,0.399534,0.0,0.0,0,1,0,0,1,0,0,0,0,0,1,0,0,4,0,0,0,0,0,0,0
222,20252026,Regular,TOR,317,Kiara Zanon,LW,9.4,0.094262,0.0,0.0,0,0,0,0,0,0,0,0,0,0,-1,0,0,1,0,0,0,0,0,0,0
222,20252026,Regular,TOR,74,Allie Munroe,LD,15.1,0.051034,0.0,0.0,0,0,0,0,0,0,1,0,0,0,0,0,0,1,0,0,0,0,0,0,0
222,20252026,Regular,TOR,67,Renata Fast,RD,23.166666666666668,0.145296,0.0,0.0,0,0,0,0,0,0,0,0,0,0,1,0,1,2,0,0,0,0,0,0,0
222,20252026,Regular,TOR,56,Savannah Harmon,LD,20.016666666666666,0.0,0.0,0.0,0,0,0,0,0,0,0,0,0,0,1,0,0,0,0,0,0,0,0,0,0
222,20252026,Regular,TOR,315,Lauren Messier,LW,4.383333333333334,0.0,0.0,0.0,0,0,0,0,0,0,0,0,0,0,0,0,1,0,0,0,0,0,0,0,0
222,20252026,Regular,TOR,44,Ella Shelton,LD,23.0,0.094262,0.0,0.0,0,0,0,0,0,0,0,0,0,0,0,0,0,1,0,0,0,0,0,0,0
222,20252026,Regular,TOR,65,Jesse Compher,RW,19.616666666666667,0.239558,0.0,0.0,0,0,0,0,0,0,0,0,0,0,1,2,0,3,0,0,0,0,0,1,0
222,20252026,Regular,TOR,313,Sara Hjalmarsson,LW,10.366666666666667,0.051034,0.0,0.0,0,0,0,0,0,0,0,0,0,0,0,0,0,1,0,0,0,0,0,1,1
222,20252026,Regular,TOR,244,Emma Gentry,C,7.45,0.051034,0.0,0.0,0,0,0,0,0,0,0,0,0,0,-1,0,1,1,0,0,0,0,0,5,0
222,20252026,Regular,TOR,66,Maggie Connors,LW,13.05,0.094262,0.0,0.0,0,0,0,0,0,0,0,0,0,0,0,0,0,1,0,0,0,0,0,0,0
222,20252026,Regular,TOR,100,Natalie Spooner,RW,19.733333333333334,0.493796,0.0,0.0,1,0,0,0,0,0,0,0,0,0,1,0,1,5,0,0,0,0,0,3,1
222,20252026,Regular,TOR,316,Clara Van Wieren,C,9.533333333333333,0.0,0.0,0.0,0,0,0,0,0,0,0,0,0,0,0,0,0,0,0,0,0,0,0,2,0
222,20252026,Regular,TOR,73,Emma Maltais,C,20.716666666666665,0.33382,0.0,0.0,0,0,0,0,0,1,0,0,0,0,1,0,2,4,0,0,0,0,0,15,9
222,20252026,Regular,TOR,76,Blayre Turnbull,C,21.0,0.525718,0.0,0.0,0,0,0,1,0,0,0,0,0,0,1,0,1,5,0,0,0,0,0,24,15
222,20252026,Regular,TOR,26,Claire Dalton,RW,13.183333333333334,0.145296,0.0,0.0,0,0,0,0,1,0,0,0,0,0,0,0,0,2,0,0,0,0,0,2,1
222,20252026,Regular,TOR,86,Emma Woods,RW,6.5,0.051034,0.0,0.0,0,0,0,0,0,0,0,0,0,0,0,0,0,1,0,0,0,0,0,0,0
222,20252026,Regular,TOR,200,Anna Kjellbin,RD,12.8,0.145296,0.0,0.0,0,0,0,0,0,0,0,1,0,0,0,0,1,2,0,0,0,0,0,0,0
222,20252026,Regular,TOR,211,Raygan Kirk,G,0.0,0.0,0.0,0.0,0,0,0,0,0,0,0,0,0,0,0,0,0,0,0,0,0,0,0,0,0
222,20252026,Regular,TOR,85,Elaine Chuli,G,59.93333333333333,0.0,0.0,0.0,0,0,0,0,0,0,0,0,0,0,0,0,0,0,0,0,0,0,0,0,0
222,20252026,Regular,OTT,71,Jocelyne Larocque,LD,19.916666666666668,0.0,0.0,0.0,0,0,0,0,0,0,0,0,0,0,0,6,2,0,0,0,0,0,0,0,0
222,20252026,Regular,OTT,242,Rory Guilday,RD,21.45,0.0,0.0,0.0,0,0,0,0,0,0,0,0,0,0,0,0,5,0,0,0,0,0,0,0,0
222,20252026,Regular,OTT,219,Stephanie Markowski,LD,19.333333333333332,0.0,0.0,0.0,0,0,0,0,0,0,0,0,0,0,0,0,0,0,0,0,0,0,0,0,0
222,20252026,Regular,OTT,101,Alexa Vasko,C,12.733333333333333,0.094262,0.0,0.0,0,0,0,0,0,0,0,0,0,0,-1,0,1,1,0,0,0,0,0,10,6
222,20252026,Regular,OTT,38,Brooke Hobson,LD,16.866666666666667,0.094262,0.0,0.0,0,0,0,0,0,0,0,0,0,0,0,0,2,1,0,0,0,0,0,1,0
222,20252026,Regular,OTT,88,Kateřina Mrázová,C,13.55,0.051034,0.0,0.0,0,0,0,0,0,0,0,0,0,0,0,0,3,1,0,0,0,0,0,9,4
222,20252026,Regular,OTT,57,Gabbie Hughes,C,18.816666666666666,0.145296,0.0,0.0,0,0,0,0,0,0,0,0,0,0,-1,0,1,2,0,0,0,0,0,14,4
222,20252026,Regular,OTT,220,Mannon McMahon,RW,15.45,0.145296,0.0,0.0,0,0,0,0,0,0,0,0,0,0,0,0,1,2,0,0,0,0,0,0,0
222,20252026,Regular,OTT,58,Brianne Jenner,C,15.633333333333333,0.094262,0.0,0.0,0,0,0,0,0,0,0,0,0,0,-1,0,0,1,0,0,0,0,0,16,11
222,20252026,Regular,OTT,217,Taylor House,C,11.6,0.0,0.0,0.0,0,0,0,0,0,0,0,0,0,0,0,0,3,0,0,0,0,0,0,2,1
222,20252026,Regular,OTT,241,Sarah Wozniewicz,LW,8.716666666666667,0.0,0.0,0.0,0,0,0,0,0,0,0,0,0,0,-1,2,0,0,0,0,0,0,0,0,0
222,20252026,Regular,OTT,53,Emily Clark,LW,19.266666666666666,0.282786,0.0,0.0,0,0,0,0,0,0,0,0,0,0,-1,2,0,3,0,0,0,0,0,0,0
222,20252026,Regular,OTT,286,Peyton Hemp,RW,10.033333333333333,0.094262,0.0,0.0,0,0,0,0,0,0,0,0,0,0,-1,2,1,1,0,0,0,0,0,1,0
222,20252026,Regular,OTT,72,Rebecca Leslie,RW,16.666666666666668,0.188524,0.0,0.0,0,0,0,0,0,0,0,0,0,0,-1,0,0,2,0,0,0,0,0,0,0
222,20252026,Regular,OTT,108,Samantha Isbell,RD,14.15,0.051034,0.0,0.0,0,0,0,0,1,0,0,0,0,0,0,0,0,1,0,0,0,0,0,0,0
222,20252026,Regular,OTT,240,Fanuza Kadirova,LW,12.383333333333333,0.159976,0.0,0.0,1,0,0,0,0,0,0,0,0,0,1,0,0,1,0,0,0,0,0,0,0
222,20252026,Regular,OTT,223,Ronja Savolainen,RD,22.216666666666665,0.0,0.0,0.0,0,0,0,0,0,0,0,0,0,0,-1,0,2,0,0,0,0,0,0,0,0
222,20252026,Regular,OTT,221,Anna Meixner,LW,12.616666666666667,0.051034,0.0,0.0,0,0,0,0,0,0,0,0,0,0,0,0,0,1,0,0,0,0,0,0,0
222,20252026,Regular,OTT,239,Anna Shokhina,RW,1.7166666666666668,0.0,0.0,0.0,0,0,0,0,0,1,0,0,0,0,1,0,0,0,0,0,0,0,0,0,0
222,20252026,Regular,OTT,222,Gwyneth Philips,G,58.93333333333333,0.0,0.0,0.0,0,0,0,0,0,0,0,0,0,0,0,0,0,0,0,0,0,0,0,0,0
222,20252026,Regular,OTT,290,Kendra Woodland,G,0.0,0.0,0.0,0.0,0,0,0,0,0,0,0,0,0,0,0,0,0,0,0,0,0,0,0,0,0
223,20252026,Regular,VAN,310,Madison Samoskevich,LD,13.8,0.0,0.0,0.0,0,0,0,0,0,0,0,0,0,0,1,2,3,0,0,0,0,0,0,0,0
223,20252026,Regular,VAN,209,Izzy Daniel,RW,7.033333333333333,0.0,0.0,0.0,0,0,0,0,0,0,0,0,0,0,0,0,0,0,0,0,0,0,0,0,0
223,20252026,Regular,VAN,301,Katie Chan,RW,13.783333333333333,0.0,0.0,0.0,0,0,0,0,0,0,0,0,0,0,0,0,0,0,0,0,0,0,0,2,1
223,20252026,Regular,VAN,180,Sydney Bard,RD,15.633333333333333,0.051034,0.0,0.0,0,0,0,0,0,0,0,0,0,0,1,0,1,1,0,0,0,0,0,0,0
223,20252026,Regular,VAN,198,Jenn Gardiner,LW,18.516666666666666,0.254238,0.0,0.0,0,0,1,0,0,0,0,1,0,0,1,0,1,2,0,0,0,0,0,0,0
223,20252026,Regular,VAN,161,Tereza Vanišová,LW,14.733333333333333,0.094262,0.0,0.0,0,0,0,0,1,0,0,0,0,0,1,2,2,1,0,0,0,0,0,0,0
223,20252026,Regular,VAN,227,Gabby Rosenthal,C,18.933333333333334,0.145296,0.0,0.0,0,0,0,0,0,0,0,0,0,1,1,0,0,2,0,0,0,0,0,14,8
223,20252026,Regular,VAN,11,Sophie Jaques,RD,17.65,0.094262,0.0,0.0,0,0,0,0,0,1,1,0,0,0,1,0,1,1,0,0,0,0,0,0,0
223,20252026,Regular,VAN,50,Ashton Bell,RD,21.7,0.293966,0.0,0.0,1,0,0,0,0,0,0,0,0,0,2,0,0,3,0,0,0,0,0,0,0
223,20252026,Regular,VAN,114,Abby Boreen,RW,16.133333333333333,0.37098600000000004,0.0,0.0,1,1,0,0,0,0,0,0,0,0,1,0,1,3,0,0,0,0,0,0,0
223,20252026,Regular,VAN,129,Mellissa Channell-Watkins,LD,18.0,0.051034,0.0,0.0,0,0,0,0,0,0,0,0,0,0,0,0,4,1,0,0,0,0,0,0,0
223,20252026,Regular,VAN,118,Emma Greco,D,4.216666666666667,0.0,0.0,0.0,0,0,0,0,0,0,0,0,0,0,0,2,1,0,0,0,0,0,0,0,0
223,20252026,Regular,VAN,192,Brooke McQuigge,LW,6.15,0.094262,0.0,0.0,0,0,0,0,0,0,0,0,0,0,0,0,1,1,0,0,0,0,0,0,0
223,20252026,Regular,VAN,252,Michelle Karvinen,LW,16.933333333333334,0.188524,0.0,0.0,0,0,0,0,0,0,0,0,0,0,1,2,1,2,0,0,0,0,0,0,0
223,20252026,Regular,VAN,89,Hannah Miller,C,18.816666666666666,0.0,0.0,0.0,0,0,0,0,0,0,0,0,0,0,0,0,2,0,0,0,0,0,0,12,6
223,20252026,Regular,VAN,169,Claire Thompson,LD,19.383333333333333,0.0,0.0,0.0,0,0,0,0,0,0,0,0,1,0,1,0,1,0,0,0,0,0,0,0,0
223,20252026,Regular,VAN,248,Anna Segedi,C,13.616666666666667,0.094262,0.0,0.0,0,0,0,0,0,0,0,0,0,0,1,2,1,1,0,0,0,0,0,13,4
223,20252026,Regular,VAN,306,Darcie Lappan,C,6.333333333333333,0.0,0.0,0.0,0,0,0,0,0,0,0,0,0,0,1,0,0,0,0,0,0,0,0,3,2
223,20252026,Regular,VAN,115,Michela Cava,RW,17.533333333333335,0.145296,0.0,0.0,0,0,0,0,1,0,0,0,0,0,1,0,2,2,0,0,0,0,0,1,1
223,20252026,Regular,VAN,59,Emerance Maschmeyer,G,60.0,0.0,0.0,0.0,0,0,0,0,0,0,0,0,0,0,0,0,0,0,0,0,0,0,0,0,0
223,20252026,Regular,VAN,64,Kristen Campbell,G,0.0,0.0,0.0,0.0,0,0,0,0,0,0,0,0,0,0,0,0,0,0,0,0,0,0,0,0,0
223,20252026,Regular,NY,206,Elle Hartje,C,13.633333333333333,0.145296,0.0,0.0,0,0,0,0,0,0,0,0,0,0,-1,0,0,2,0,0,0,0,0,4,3
223,20252026,Regular,NY,147,Savannah Norcross,RW,1.6,0.094262,0.0,0.0,0,0,0,0,0,0,0,0,0,0,0,0,0,1,0,0,0,0,0,0,0
223,20252026,Regular,NY,229,Maja Nylen Persson,RD,21.383333333333333,0.051034,0.0,0.0,0,0,0,0,0,0,0,0,0,0,-1,0,0,1,0,0,0,0,0,0,0
223,20252026,Regular,NY,205,Sarah Fillier,LW,18.266666666666666,0.239558,0.0,0.0,0,0,0,0,0,0,0,0,0,0,-3,0,0,3,0,0,0,0,0,1,0
223,20252026,Regular,NY,87,Jaime Bourbonnais,LD,20.433333333333334,0.102068,0.0,0.0,0,0,0,0,0,0,0,0,0,0,0,0,3,2,0,0,0,0,0,0,0
223,20252026,Regular,NY,207,Lauren Bernard,RD,8.45,0.0,0.0,0.0,0,0,0,0,0,0,0,0,0,0,-2,0,1,0,0,0,0,0,0,0,0
223,20252026,Regular,NY,9,Taylor Girard,LW,12.366666666666667,0.0,0.0,0.0,0,0,0,0,0,0,0,0,0,0,0,0,2,0,0,0,0,0,0,0,0
223,20252026,Regular,NY,285,Maddi Wheeler,RW,16.366666666666667,0.341626,0.0,0.0,0,0,0,0,0,0,0,0,0,0,0,2,5,5,0,0,0,0,0,0,0
223,20252026,Regular,NY,40,Paetyn Levis,RW,18.35,0.051034,0.0,0.0,0,0,0,0,0,0,0,0,0,0,0,0,1,1,0,0,0,0,0,0,0
223,20252026,Regular,NY,230,Allyson Simpson,RD,22.733333333333334,0.0,0.0,0.0,0,0,0,0,0,0,0,0,0,0,0,0,0,0,0,0,0,0,0,0,0
223,20252026,Regular,NY,277,Anna Bargman,RW,3.9333333333333336,0.0,0.0,0.0,0,0,0,0,0,0,0,0,0,0,0,0,1,0,0,0,0,0,0,0,0
223,20252026,Regular,NY,249,Anne Cherkowski,RW,22.2,0.239558,0.0,0.0,0,0,0,0,0,0,0,0,0,0,-3,0,2,3,0,0,0,0,0,0,0
223,20252026,Regular,NY,280,Casey O'Brien,C,17.683333333333334,0.145296,0.0,0.0,0,0,0,0,0,0,0,0,0,0,-1,0,0,2,0,0,0,0,0,15,6
223,20252026,Regular,NY,47,Micah Zandee-Hart,LD,22.25,0.145296,0.0,0.0,0,0,0,0,0,0,0,0,0,0,0,2,3,2,0,0,0,0,0,0,0
223,20252026,Regular,NY,204,Emmy Fecteau,LW,4.316666666666666,0.0,0.0,0.0,0,0,0,0,0,0,0,0,0,0,0,2,0,0,0,0,0,0,0,0,0
223,20252026,Regular,NY,30,Kristin O'Neill,C,19.316666666666666,0.38485400000000003,0.0,0.0,0,0,0,0,0,0,0,0,0,0,-1,0,1,5,0,0,0,0,0,21,13
223,20252026,Regular,NY,60,Jincy Roese,LD,16.833333333333332,0.0,0.0,0.0,0,0,0,0,0,0,0,0,0,0,-2,0,1,0,0,0,0,0,0,0,0
223,20252026,Regular,NY,45,Kayla Vespa,C,5.35,0.0,0.0,0.0,0,0,0,0,0,0,0,0,0,0,0,0,0,0,0,0,0,0,0,4,1
223,20252026,Regular,NY,245,Kristýna Kaltounková,LW,18.916666666666668,0.051034,0.0,0.0,0,0,0,0,0,0,0,0,0,0,-1,0,0,1,0,0,0,0,0,0,0
223,20252026,Regular,NY,282,Callie Shanahan,G,0.0,0.0,0.0,0.0,0,0,0,0,0,0,0,0,0,0,0,0,0,0,0,0,0,0,0,0,0
223,20252026,Regular,NY,228,Kayle Osborne,G,60.0,0.0,0.0,0.0,0,0,0,0,0,0,0,0,0,0,0,0,0,0,0,0,0,0,0,0,0
224,20252026,Regular,MTL,32,Laura Stacey,RW,21.616666666666667,0.415146,0.0,0.0,0,1,0,0,0,0,0,0,0,0,0,2,0,6,0,0,0,0,0,0,0
224,20252026,Regular,MTL,84,Kati Tabin,RD,20.116666666666667,0.191898,0.0,0.0,1,0,0,0,0,0,0,0,0,0,2,2,1,1,0,0,0,0,0,0,0
224,20252026,Regular,MTL,42,Abby Roque,LW,21.55,0.0,0.0,0.0,0,0,0,0,0,0,0,0,0,0,0,0,1,0,0,0,0,0,0,8,4
224,20252026,Regular,MTL,39,Alexandra Labelle,C,10.233333333333333,0.0,0.0,0.0,0,0,0,0,0,0,0,0,0,0,0,0,0,0,0,0,0,0,0,7,5
224,20252026,Regular,MTL,61,Hayley Scamurra,C,12.15,0.254238,0.0,0.0,1,0,0,0,0,0,0,0,0,0,0,2,0,2,0,0,0,0,0,7,5
224,20252026,Regular,MTL,199,Dara Greig,LW,9.666666666666666,0.0,0.0,0.0,0,0,0,0,0,0,0,0,0,0,1,0,0,0,0,0,0,0,0,1,0
224,20252026,Regular,MTL,128,Kaitlin Willoughby,RW,8.383333333333333,0.094262,0.0,0.0,0,0,0,0,0,0,0,0,0,0,0,0,0,1,0,0,0,0,0,0,0
224,20252026,Regular,MTL,98,Maureen Murphy,RW,18.7,0.145296,0.0,0.0,0,0,0,0,0,0,0,0,0,0,1,0,1,2,0,0,0,0,0,1,0
224,20252026,Regular,MTL,5,Jessica DiGirolamo,LD,17.983333333333334,0.051034,0.0,0.0,0,0,0,0,0,0,0,0,0,0,-1,0,1,1,0,0,0,0,0,0,0
224,20252026,Regular,MTL,83,Erin Ambrose,RD,22.116666666666667,0.0,0.0,0.0,0,0,0,0,0,0,0,1,0,0,0,0,0,0,0,0,0,0,0,0,0
224,20252026,Regular,MTL,4,Shiann Darkangelo,C,16.6,0.145296,0.0,0.0,0,0,0,0,0,0,0,0,0,0,1,0,0,2,0,0,0,0,0,14,9
224,20252026,Regular,MTL,157,Catherine Dubois,LW,8.733333333333333,0.094262,0.0,0.0,0,0,0,0,0,0,0,0,0,0,0,2,2,1,0,0,0,0,0,0,0
224,20252026,Regular,MTL,31,Marie-Philip Poulin,C,21.266666666666666,0.47911600000000004,0.0,0.0,0,0,0,0,0,0,1,0,0,0,0,0,1,6,0,0,0,0,0,22,16
224,20252026,Regular,MTL,51,Amanda Boulier,RD,13.05,0.051034,0.0,0.0,0,0,0,0,0,0,0,0,0,0,-1,0,0,1,0,0,0,0,0,0,0
224,20252026,Regular,MTL,202,Kelly Ann Nadeau,RD,7.166666666666667,0.0,0.0,0.0,0,0,0,0,0,0,0,0,0,0,0,0,0,0,0,0,0,0,0,0,0
224,20252026,Regular,MTL,253,Nicole Gosling,LD,22.916666666666668,0.102068,0.0,0.0,0,0,0,0,0,0,0,0,0,0,0,0,0,2,0,0,0,0,0,0,0
224,20252026,Regular,MTL,272,Skylar Irving,RW,7.583333333333333,0.0,0.0,0.0,0,0,0,0,1,0,0,0,0,0,0,0,0,0,0,0,0,0,0,0,0
224,20252026,Regular,MTL,79,Maggie Flaherty,LD,13.966666666666667,0.0,0.0,0.0,0,0,0,0,0,1,0,0,0,0,2,0,0,0,0,0,0,0,0,0,0
224,20252026,Regular,MTL,274,Natálie Mlýnková,LW,16.7,0.34162600000000004,0.0,0.0,0,0,0,0,1,0,0,0,0,0,0,0,0,5,0,0,0,0,0,0,0
224,20252026,Regular,MTL,48,Sandra Abstreiter,G,0.0,0.0,0.0,0.0,0,0,0,0,0,0,0,0,0,0,0,0,0,0,0,0,0,0,0,0,0
224,20252026,Regular,MTL,28,Ann-Renée Desbiens,G,59.9,0.0,0.0,0.0,0,0,0,0,0,0,0,0,0,0,0,0,0,0,0,0,0,0,0,0,0
224,20252026,Regular,TOR,68,Kali Flanagan,RD,21.266666666666666,0.19633,0.0,0.0,0,0,0,0,0,0,0,0,0,0,-1,0,0,3,0,0,0,0,0,0,0
224,20252026,Regular,TOR,116,Clair DeGeorge,C,2.2333333333333334,0.0,0.0,0.0,0,0,0,0,0,0,0,0,0,0,-1,0,0,0,0,0,0,0,0,0,0
224,20252026,Regular,TOR,63,Daryl Watts,LW,21.733333333333334,0.34162600000000004,0.0,0.0,0,0,0,0,0,0,0,0,0,0,0,0,0,5,0,0,0,0,0,1,0
224,20252026,Regular,TOR,317,Kiara Zanon,LW,15.216666666666667,0.0,0.0,0.0,0,0,0,0,0,0,0,0,0,0,1,0,0,0,0,0,0,0,0,0,0
224,20252026,Regular,TOR,74,Allie Munroe,LD,14.583333333333334,0.051034,0.0,0.0,0,0,0,0,0,0,0,0,0,0,-2,0,0,1,0,0,0,0,0,0,0
224,20252026,Regular,TOR,67,Renata Fast,RD,27.583333333333332,0.051034,0.0,0.0,0,0,0,0,1,0,0,0,0,0,1,0,2,1,0,0,0,0,0,0,0
224,20252026,Regular,TOR,56,Savannah Harmon,LD,22.466666666666665,0.051034,0.0,0.0,0,0,0,0,0,0,0,0,0,0,1,2,1,1,0,0,0,0,0,0,0
224,20252026,Regular,TOR,44,Ella Shelton,LD,23.033333333333335,0.094262,0.0,0.0,0,0,0,0,0,0,0,0,0,0,0,2,0,1,0,0,0,0,0,0,0
224,20252026,Regular,TOR,65,Jesse Compher,RW,16.783333333333335,0.290592,0.0,0.0,0,0,0,0,0,0,0,0,0,0,-1,0,0,4,0,0,0,0,0,0,0
224,20252026,Regular,TOR,313,Sara Hjalmarsson,LW,5.666666666666667,0.102068,0.0,0.0,0,0,0,0,0,0,0,0,0,0,0,2,0,2,0,0,0,0,0,2,0
224,20252026,Regular,TOR,244,Emma Gentry,C,13.3,0.159976,0.0,0.0,1,0,0,0,0,0,0,0,0,0,1,0,0,1,0,0,0,0,0,13,7
224,20252026,Regular,TOR,66,Maggie Connors,RW,12.766666666666667,0.0,0.0,0.0,0,0,0,0,0,0,0,0,0,0,1,0,0,0,0,0,0,0,0,0,0
224,20252026,Regular,TOR,100,Natalie Spooner,RW,21.316666666666666,0.051034,0.0,0.0,0,0,0,0,0,0,0,0,0,0,0,0,0,1,0,0,0,0,0,0,0
224,20252026,Regular,TOR,316,Clara Van Wieren,C,7.583333333333333,0.0,0.0,0.0,0,0,0,0,0,0,0,0,0,0,-1,0,0,0,0,0,0,0,0,6,1
224,20252026,Regular,TOR,73,Emma Maltais,C,20.516666666666666,0.051034,0.0,0.0,0,0,0,0,0,0,0,0,0,0,0,0,2,1,0,0,0,0,0,19,9
224,20252026,Regular,TOR,76,Blayre Turnbull,C,17.6,0.0,0.0,0.0,0,0,0,0,0,0,0,0,0,0,-1,0,0,0,0,0,0,0,0,19,4
224,20252026,Regular,TOR,26,Claire Dalton,LW,12.816666666666666,0.0,0.0,0.0,0,0,0,0,0,0,0,0,0,0,-1,0,0,0,0,0,0,0,0,0,0
224,20252026,Regular,TOR,86,Emma Woods,RW,7.333333333333333,0.0,0.0,0.0,0,0,0,0,0,0,0,0,0,0,-1,0,0,0,0,0,0,0,0,0,0
224,20252026,Regular,TOR,200,Anna Kjellbin,RD,7.6,0.051034,0.0,0.0,0,0,0,0,0,0,0,0,0,0,-1,0,0,1,0,0,0,0,0,0,0
224,20252026,Regular,TOR,211,Raygan Kirk,G,57.833333333333336,0.0,0.0,0.0,0,0,0,0,0,0,0,0,0,0,0,0,0,0,0,0,0,0,0,0,0
224,20252026,Regular,TOR,85,Elaine Chuli,G,0.0,0.0,0.0,0.0,0,0,0,0,0,0,0,0,0,0,0,0,0,0,0,0,0,0,0,0,0
225,20252026,Regular,BOS,52,Zoe Boyd,LD,16.9,0.094262,0.0,0.0,0,0,0,0,0,0,0,0,0,0,1,0,4,1,0,0,0,0,0,0,0
225,20252026,Regular,BOS,12,Megan Keller,LD,22.25,0.431456,0.0,0.0,1,0,0,0,0,0,1,0,0,0,1,0,3,4,0,0,0,0,0,0,0
225,20252026,Regular,BOS,182,Hadley Hartmetz,RD,13.066666666666666,0.0,0.0,0.0,0,0,0,0,0,0,0,0,0,0,-1,0,0,0,0,0,0,0,0,0,0
225,20252026,Regular,BOS,246,Haley Winn,RD,23.816666666666666,0.298398,0.0,0.0,0,0,0,0,0,1,0,1,0,0,1,0,2,5,0,0,0,0,0,0,0
225,20252026,Regular,BOS,18,Sophie Shirley,RW,14.083333333333334,0.094262,0.0,0.0,0,0,0,0,0,0,1,0,0,0,0,0,1,1,0,0,0,0,0,1,0
225,20252026,Regular,BOS,15,Alina Müller,C,15.283333333333333,0.0,0.0,0.0,0,0,0,0,1,0,0,0,0,0,1,0,1,0,0,0,0,0,0,10,5
225,20252026,Regular,BOS,97,Liz Schepers,C,13.616666666666667,0.094262,0.0,0.0,0,0,0,0,0,0,0,0,0,0,-1,0,0,1,0,0,0,0,0,9,3
225,20252026,Regular,BOS,255,Riley Brengman,RD,21.9,0.051034,0.0,0.0,0,0,0,0,0,0,0,0,0,0,0,0,3,1,0,0,0,0,0,0,0
225,20252026,Regular,BOS,17,Theresa Schafzahl,LW,13.8,0.254238,0.0,0.0,0,1,0,0,0,0,0,0,0,0,1,0,0,2,0,0,0,0,0,0,0
225,20252026,Regular,BOS,259,Abby Newhook,RW,14.183333333333334,0.191898,0.0,0.0,0,1,0,0,0,0,0,0,0,0,1,0,1,1,0,0,0,0,0,0,0
225,20252026,Regular,BOS,1,Hannah Brandt,C,13.5,0.188524,0.0,0.0,0,0,0,0,0,0,0,0,0,0,1,0,0,2,0,0,0,0,0,13,5
225,20252026,Regular,BOS,212,Laura Kluge,LW,10.883333333333333,0.0,0.0,0.0,0,0,0,0,0,0,0,0,0,0,-1,0,2,0,0,0,0,0,0,0,0
225,20252026,Regular,BOS,243,Ella Huber,RW,14.266666666666667,0.349432,0.0,0.0,0,0,0,0,0,0,0,0,0,0,-1,0,1,6,0,0,0,0,0,0,0
225,20252026,Regular,BOS,183,Shay Maloney,RW,15.666666666666666,0.39953400000000006,0.0,0.0,1,0,0,0,0,0,0,0,0,0,1,0,2,4,0,0,0,0,0,1,0
225,20252026,Regular,BOS,149,Jill Saulnier,LW,14.116666666666667,0.33382,0.0,0.0,0,0,0,0,0,0,0,0,0,0,1,0,0,4,0,0,0,0,0,1,1
225,20252026,Regular,BOS,16,Jamie Lee Rattray,LW,13.733333333333333,0.282786,0.0,0.0,0,0,0,0,0,0,0,1,0,0,0,0,0,3,0,0,0,0,0,1,0
225,20252026,Regular,BOS,232,Rylind MacKinnon,LD,7.6,0.0,0.0,0.0,0,0,0,0,0,0,0,0,0,0,1,0,2,0,0,0,0,0,0,0,0
225,20252026,Regular,BOS,185,Daniela Pejšová,LD,12.283333333333333,0.0,0.0,0.0,0,0,0,0,0,0,0,0,0,0,-1,0,1,0,0,0,0,0,0,0,0
225,20252026,Regular,BOS,78,Susanna Tapani,C,18.983333333333334,0.0,0.0,0.0,0,0,0,0,0,0,0,0,0,0,0,0,0,0,0,0,0,0,0,17,8
225,20252026,Regular,BOS,6,Aerin Frankel,G,60.0,0.0,0.0,0.0,0,0,0,0,0,0,0,0,0,0,0,0,0,0,0,0,0,0,0,0,0
225,20252026,Regular,BOS,41,Abbey Levy,G,0.0,0.0,0.0,0.0,0,0,0,0,0,0,0,0,0,0,0,0,0,0,0,0,0,0,0,0,0
225,20252026,Regular,MIN,24,Lee Stecklein,LD,25.3,0.0,0.0,0.0,0,0,0,0,0,0,0,0,0,0,1,0,1,0,0,0,0,0,0,0,0
225,20252026,Regular,MIN,236,Kendall Cooper,LD,22.066666666666666,0.051034,0.0,0.0,0,0,0,0,0,0,0,0,0,0,0,0,0,1,0,0,0,0,0,0,0
225,20252026,Regular,MIN,167,Sidney Morin,RD,20.15,0.102068,0.0,0.0,0,0,0,0,0,0,0,0,0,0,-2,0,1,2,0,0,0,0,0,0,0
225,20252026,Regular,MIN,191,Katy Knoll,RW,12.483333333333333,0.0,0.0,0.0,0,0,0,0,0,0,0,0,0,0,-1,0,0,0,0,0,0,0,0,2,1
225,20252026,Regular,MIN,102,Claire Butorac,RW,11.116666666666667,0.0,0.0,0.0,0,0,0,0,1,0,0,0,0,0,1,0,0,0,0,0,0,0,0,1,0
225,20252026,Regular,MIN,23,Kelly Pannek,C,17.916666666666668,0.282786,0.0,0.0,0,0,0,0,0,0,0,0,0,0,0,0,1,3,0,0,0,0,0,17,12
225,20252026,Regular,MIN,25,Grace Zumwinkle,RW,17.883333333333333,0.15310200000000002,0.0,0.0,0,0,0,0,0,0,0,0,0,0,-1,0,1,3,0,0,0,0,0,0,0
225,20252026,Regular,MIN,195,Dominique Petrie,C,14.7,0.0,0.0,0.0,0,0,0,0,0,0,0,0,0,0,-1,0,2,0,0,0,0,0,0,10,4
225,20252026,Regular,MIN,264,Brooke Becker,RD,13.233333333333333,0.145296,0.0,0.0,0,0,0,0,0,0,0,0,0,0,0,0,0,2,0,0,0,0,0,0,0
225,20252026,Regular,MIN,188,Mae Batherson,LD,14.45,0.051034,0.0,0.0,0,0,0,0,0,0,0,0,0,0,-2,0,0,1,0,0,0,0,0,0,0
225,20252026,Regular,MIN,90,Natalie Buchbinder,RD,19.333333333333332,0.0,0.0,0.0,0,0,0,0,0,0,0,0,0,0,1,0,0,0,0,0,0,0,0,0,0
225,20252026,Regular,MIN,269,Vanessa Upson,C,0.5666666666666667,0.0,0.0,0.0,0,0,0,0,0,0,0,0,0,0,0,0,0,0,0,0,0,0,0,0,0
225,20252026,Regular,MIN,20,Kendall Coyne Schofield,LW,17.483333333333334,0.188524,0.0,0.0,0,0,0,0,0,0,0,0,0,0,0,0,0,2,0,0,0,0,0,0,0
225,20252026,Regular,MIN,21,Taylor Heise,C,16.316666666666666,0.188524,0.0,0.0,0,0,0,0,0,0,0,0,0,0,-1,0,2,2,0,0,0,0,0,18,12
225,20252026,Regular,MIN,104,Denisa Křížová,LW,12.283333333333333,0.051034,0.0,0.0,0,0,0,0,0,0,0,0,0,0,-1,0,1,1,0,0,0,0,0,0,0
225,20252026,Regular,MIN,190,Klára Hymlárová,C,10.983333333333333,0.159976,0.0,0.0,1,0,0,0,0,0,0,0,0,0,1,0,1,1,0,0,0,0,0,5,2
225,20252026,Regular,MIN,247,Abby Hustler,LW,18.366666666666667,0.051034,0.0,0.0,0,0,0,0,0,0,0,0,0,0,-1,0,1,1,0,0,0,0,0,0,0
225,20252026,Regular,MIN,189,Britta Curl-Salemme,RW,16.483333333333334,0.573378,0.0,0.0,0,0,0,0,0,0,0,0,0,0,0,0,3,7,0,0,0,0,0,0,0
225,20252026,Regular,MIN,263,Peyton Anderson,LW,9.35,0.094262,0.0,0.0,0,0,0,0,0,1,0,0,0,0,1,0,0,1,0,0,0,0,0,0,0
225,20252026,Regular,MIN,22,Nicole Hensley,G,0.0,0.0,0.0,0.0,0,0,0,0,0,0,0,0,0,0,0,0,0,0,0,0,0,0,0,0,0
225,20252026,Regular,MIN,123,Maddie Rooney,G,60.0,0.0,0.0,0.0,0,0,0,0,0,0,0,0,0,0,0,0,0,0,0,0,0,0,0,0,0
226,20252026,Regular,VAN,310,Madison Samoskevich,LD,18.166666666666668,0.0,0.0,0.0,0,0,0,0,0,0,0,0,0,0,0,0,3,0,0,0,0,0,0,0,0
226,20252026,Regular,VAN,209,Izzy Daniel,RW,8.8,0.0,0.0,0.0,0,0,0,0,0,0,0,0,0,0,0,0,0,0,0,0,0,0,0,0,0
226,20252026,Regular,VAN,301,Katie Chan,LW,14.316666666666666,0.262044,0.0,0.0,1,0,0,0,0,0,0,0,0,0,1,0,0,3,0,0,0,0,0,0,0
226,20252026,Regular,VAN,180,Sydney Bard,RD,22.05,0.102068,0.0,0.0,0,0,0,0,0,0,0,0,0,0,1,0,2,2,0,0,0,0,0,0,0
226,20252026,Regular,VAN,198,Jenn Gardiner,LW,17.983333333333334,0.34850000000000003,0.0,0.0,1,0,0,0,0,0,0,0,0,0,1,0,1,3,0,0,0,0,0,0,0
226,20252026,Regular,VAN,161,Tereza Vanišová,LW,17.283333333333335,0.239558,0.0,0.0,0,0,0,0,0,0,0,0,0,0,-1,0,0,3,0,0,0,0,0,1,1
226,20252026,Regular,VAN,227,Gabby Rosenthal,C,17.766666666666666,0.051034,0.0,0.0,0,0,0,0,0,0,0,0,0,0,1,0,2,1,0,0,0,0,0,17,14
226,20252026,Regular,VAN,11,Sophie Jaques,RD,18.1,0.0,0.0,0.0,0,0,0,0,0,0,0,0,0,0,0,0,1,0,0,0,0,0,0,0,0
226,20252026,Regular,VAN,50,Ashton Bell,RD,18.966666666666665,0.094262,0.0,0.0,0,0,0,0,0,0,0,0,0,0,0,0,1,1,0,0,0,0,0,0,0
226,20252026,Regular,VAN,114,Abby Boreen,RW,19.033333333333335,0.6598339999999999,0.0,0.0,0,0,0,0,0,0,0,0,0,0,1,0,1,7,0,0,0,0,0,3,2
226,20252026,Regular,VAN,129,Mellissa Channell-Watkins,LD,17.033333333333335,0.0,0.0,0.0,0,0,0,0,0,0,0,0,0,0,0,0,2,0,0,0,0,0,0,0,0
226,20252026,Regular,VAN,118,Emma Greco,D,1.5,0.0,0.0,0.0,0,0,0,0,0,0,0,0,0,0,0,0,0,0,0,0,0,0,0,0,0
226,20252026,Regular,VAN,192,Brooke McQuigge,LW,9.083333333333334,0.0,0.0,0.0,0,0,0,0,0,0,0,0,0,0,0,0,7,0,0,0,0,0,0,1,1
226,20252026,Regular,VAN,252,Michelle Karvinen,RW,16.483333333333334,0.0,0.0,0.0,0,0,0,0,0,0,0,0,0,0,-1,0,2,0,0,0,0,0,0,0,0
226,20252026,Regular,VAN,89,Hannah Miller,C,15.583333333333334,0.145296,0.0,0.0,0,0,0,0,1,0,0,0,0,0,1,0,2,2,0,0,0,0,0,7,3
226,20252026,Regular,VAN,169,Claire Thompson,LD,20.516666666666666,0.15310200000000002,0.0,0.0,0,0,0,0,0,1,0,0,0,0,1,0,0,3,0,0,0,0,0,0,0
226,20252026,Regular,VAN,248,Anna Segedi,C,17.583333333333332,0.094262,0.0,0.0,0,0,0,0,0,0,0,0,0,0,0,0,1,1,0,0,0,0,0,14,8
226,20252026,Regular,VAN,306,Darcie Lappan,C,8.733333333333333,0.188524,0.0,0.0,0,0,0,0,0,0,0,0,0,0,-1,0,1,2,0,0,0,0,0,5,2
226,20252026,Regular,VAN,115,Michela Cava,RW,14.95,0.051034,0.0,0.0,0,0,0,0,0,0,0,0,0,0,1,0,1,1,0,0,0,0,0,1,1
226,20252026,Regular,VAN,309,Kimberly Newell,G,0.0,0.0,0.0,0.0,0,0,0,0,0,0,0,0,0,0,0,0,0,0,0,0,0,0,0,0,0
226,20252026,Regular,VAN,64,Kristen Campbell,G,60.0,0.0,0.0,0.0,0,0,0,0,0,0,0,0,0,0,0,0,0,0,0,0,0,0,0,0,0
226,20252026,Regular,OTT,71,Jocelyne Larocque,LD,24.633333333333333,0.051034,0.0,0.0,0,0,0,0,0,0,0,0,0,0,1,0,3,1,0,0,0,0,0,0,0
226,20252026,Regular,OTT,242,Rory Guilday,RD,18.883333333333333,0.094262,0.0,0.0,0,0,0,0,0,0,0,0,0,0,-1,0,1,1,0,0,0,0,0,0,0
226,20252026,Regular,OTT,219,Stephanie Markowski,LD,15.7,0.102068,0.0,0.0,0,0,0,0,0,0,0,0,0,0,0,0,0,2,0,0,0,0,0,0,0
226,20252026,Regular,OTT,289,Kathryn Reilly,RD,8.75,0.0,0.0,0.0,0,0,0,0,0,0,0,0,0,0,0,0,0,0,0,0,0,0,0,0,0
226,20252026,Regular,OTT,101,Alexa Vasko,C,13.183333333333334,0.051034,0.0,0.0,0,0,0,0,0,0,0,0,0,0,0,0,3,1,0,0,0,0,0,9,5
226,20252026,Regular,OTT,38,Brooke Hobson,LD,19.233333333333334,0.0,0.0,0.0,0,0,0,0,0,0,0,0,0,0,-1,0,2,0,0,0,0,0,0,0,0
226,20252026,Regular,OTT,88,Kateřina Mrázová,C,19.65,0.094262,0.0,0.0,0,0,0,0,0,0,0,0,0,0,-1,0,2,1,0,0,0,0,0,15,5
226,20252026,Regular,OTT,220,Mannon McMahon,C,10.766666666666667,0.0,0.0,0.0,0,0,0,0,0,1,0,0,0,0,1,0,2,0,0,0,0,0,0,11,4
226,20252026,Regular,OTT,58,Brianne Jenner,C,17.4,0.38485400000000003,0.0,0.0,0,0,0,0,0,0,0,0,0,0,-1,0,2,5,0,0,0,0,0,13,2
226,20252026,Regular,OTT,217,Taylor House,LW,10.45,0.051034,0.0,0.0,0,0,0,0,0,0,0,0,0,0,0,0,1,1,0,0,0,0,0,0,0
226,20252026,Regular,OTT,241,Sarah Wozniewicz,RW,12.7,0.19633,0.0,0.0,0,0,0,0,0,0,0,0,0,0,0,0,0,3,0,0,0,0,0,0,0
226,20252026,Regular,OTT,53,Emily Clark,LW,19.383333333333333,0.53015,0.0,0.0,0,0,0,0,0,0,0,0,0,0,-1,0,1,7,0,0,0,0,0,1,1
226,20252026,Regular,OTT,286,Peyton Hemp,RW,12.233333333333333,0.102068,0.0,0.0,0,0,0,0,1,0,0,0,0,0,1,0,2,2,0,0,0,0,0,0,0
226,20252026,Regular,OTT,72,Rebecca Leslie,RW,18.333333333333332,0.290592,0.0,0.0,0,0,0,0,0,0,0,0,0,0,-1,0,1,4,0,0,0,0,0,0,0
226,20252026,Regular,OTT,108,Samantha Isbell,RD,8.033333333333333,0.0,0.0,0.0,0,0,0,0,0,0,0,0,0,0,-1,0,0,0,0,0,0,0,0,0,0
226,20252026,Regular,OTT,240,Fanuza Kadirova,RW,17.75,0.33382,0.0,0.0,0,0,0,0,0,0,0,0,0,0,-1,0,3,4,0,0,0,0,0,0,0
226,20252026,Regular,OTT,223,Ronja Savolainen,RD,21.933333333333334,0.051034,0.0,0.0,0,0,0,0,0,0,0,0,0,0,0,0,3,1,0,0,0,0,0,0,0
226,20252026,Regular,OTT,221,Anna Meixner,LW,15.166666666666666,0.0,0.0,0.0,0,0,0,0,0,0,0,0,0,0,-1,0,1,0,0,0,0,0,0,0,0
226,20252026,Regular,OTT,239,Anna Shokhina,LW,12.766666666666667,0.159976,0.0,0.0,1,0,0,0,0,0,0,0,0,0,1,0,0,1,0,0,0,0,0,0,0
226,20252026,Regular,OTT,238,Sanni Ahola,G,0.0,0.0,0.0,0.0,0,0,0,0,0,0,0,0,0,0,0,0,0,0,0,0,0,0,0,0,0
226,20252026,Regular,OTT,222,Gwyneth Philips,G,58.55,0.0,0.0,0.0,0,0,0,0,0,0,0,0,0,0,0,2,0,0,0,0,0,0,0,0,0
227,20252026,Regular,TOR,68,Kali Flanagan,RD,24.766666666666666,0.30620400000000003,0.0,0.0,0,0,0,0,0,0,0,0,0,0,0,0,0,6,0,0,0,0,0,0,0
227,20252026,Regular,TOR,116,Clair DeGeorge,C,1.3833333333333333,0.0,0.0,0.0,0,0,0,0,0,0,0,0,0,0,0,2,0,0,0,0,0,0,0,0,0
227,20252026,Regular,TOR,63,Daryl Watts,LW,16.783333333333335,0.522344,0.0,0.0,0,0,0,0,0,0,0,0,0,0,-1,0,0,6,0,0,0,0,0,0,0
227,20252026,Regular,TOR,317,Kiara Zanon,LW,14.566666666666666,0.0,0.0,0.0,0,0,0,0,0,0,0,0,0,0,0,0,0,0,0,0,0,0,0,0,0
227,20252026,Regular,TOR,74,Allie Munroe,LD,22.983333333333334,0.051034,0.0,0.0,0,0,0,0,0,0,0,0,0,0,1,0,2,1,0,0,0,0,0,0,0
227,20252026,Regular,TOR,67,Renata Fast,RD,24.883333333333333,0.094262,0.0,0.0,0,0,0,0,0,0,0,0,0,0,-1,2,1,1,0,0,0,0,0,0,0
227,20252026,Regular,TOR,56,Savannah Harmon,LD,21.1,0.19633,0.0,0.0,0,0,0,0,0,0,0,0,0,0,-1,0,0,3,0,0,0,0,0,0,0
227,20252026,Regular,TOR,44,Ella Shelton,LD,22.116666666666667,0.239558,0.0,0.0,0,0,0,0,0,0,0,0,0,0,0,0,2,3,0,0,0,0,0,0,0
227,20252026,Regular,TOR,65,Jesse Compher,RW,18.916666666666668,0.19633,0.0,0.0,0,0,0,0,0,0,0,0,0,0,0,0,0,3,0,0,0,0,0,2,0
227,20252026,Regular,TOR,313,Sara Hjalmarsson,LW,10.566666666666666,0.145296,0.0,0.0,0,0,0,0,0,0,0,0,0,0,1,0,1,2,0,0,0,0,0,0,0
227,20252026,Regular,TOR,244,Emma Gentry,C,10.316666666666666,0.0,0.0,0.0,0,0,0,0,0,0,0,0,0,0,0,2,0,0,0,0,0,0,0,13,6
227,20252026,Regular,TOR,66,Maggie Connors,LW,12.466666666666667,0.051034,0.0,0.0,0,0,0,0,0,0,0,0,0,0,0,0,0,1,0,0,0,0,0,0,0
227,20252026,Regular,TOR,100,Natalie Spooner,RW,14.8,0.19633,0.0,0.0,0,0,0,0,0,0,0,0,0,0,-1,0,0,3,0,0,0,0,0,5,2
227,20252026,Regular,TOR,316,Clara Van Wieren,C,13.083333333333334,0.0,0.0,0.0,0,0,0,0,1,0,0,0,0,0,1,0,0,0,0,0,0,0,0,5,3
227,20252026,Regular,TOR,73,Emma Maltais,C,18.466666666666665,0.188524,0.0,0.0,0,0,0,0,0,0,0,0,0,0,-1,4,2,2,0,0,0,0,0,16,10
227,20252026,Regular,TOR,76,Blayre Turnbull,C,20.85,0.145296,0.0,0.0,0,0,0,0,0,0,0,0,0,0,0,0,2,2,0,0,0,0,0,17,7
227,20252026,Regular,TOR,26,Claire Dalton,RW,14.083333333333334,0.094262,0.0,0.0,0,0,0,0,0,0,0,0,0,0,0,0,0,1,0,0,0,0,0,0,0
227,20252026,Regular,TOR,86,Emma Woods,RW,12.133333333333333,0.0,0.0,0.0,0,0,0,0,0,1,0,0,0,0,1,0,0,0,0,0,0,0,0,1,1
227,20252026,Regular,TOR,200,Anna Kjellbin,RD,10.766666666666667,0.21101,0.0,0.0,1,0,0,0,0,0,0,0,0,0,1,0,1,2,0,0,0,0,0,0,0
227,20252026,Regular,TOR,211,Raygan Kirk,G,65.0,0.0,0.0,0.0,0,0,0,0,0,0,0,0,0,0,0,0,0,0,0,0,0,0,0,0,0
227,20252026,Regular,TOR,85,Elaine Chuli,G,0.0,0.0,0.0,0.0,0,0,0,0,0,0,0,0,0,0,0,0,0,0,0,0,0,0,0,0,0
227,20252026,Regular,MTL,273,Maya Labad,LW,12.266666666666667,0.159976,0.0,0.0,1,0,0,0,0,0,0,0,0,0,1,0,0,1,0,0,0,0,0,0,0
227,20252026,Regular,MTL,32,Laura Stacey,RW,22.95,0.44369400000000003,0.0,0.0,0,0,0,0,0,0,0,0,0,0,-1,0,0,7,0,0,0,0,0,0,0
227,20252026,Regular,MTL,84,Kati Tabin,RD,18.533333333333335,0.15310200000000002,0.0,0.0,0,0,0,0,0,1,0,0,0,0,1,0,0,3,0,0,0,0,0,0,0
227,20252026,Regular,MTL,42,Abby Roque,LW,23.316666666666666,0.145296,0.0,0.0,0,0,0,0,0,0,0,0,0,0,-1,0,1,2,0,0,0,0,0,11,5
227,20252026,Regular,MTL,39,Alexandra Labelle,C,14.1,0.145296,0.0,0.0,0,0,0,0,0,0,0,0,0,0,1,0,1,2,0,0,0,0,0,10,7
227,20252026,Regular,MTL,61,Hayley Scamurra,C,14.283333333333333,0.15310200000000002,0.0,0.0,0,0,0,0,0,0,0,0,0,0,0,0,1,3,0,0,0,0,0,7,3
227,20252026,Regular,MTL,199,Dara Greig,LW,8.15,0.051034,0.0,0.0,0,0,0,0,0,0,0,0,0,0,0,0,1,1,0,0,0,0,0,0,0
227,20252026,Regular,MTL,128,Kaitlin Willoughby,RW,14.333333333333334,0.094262,0.0,0.0,0,0,0,0,1,0,0,0,0,0,1,0,1,1,0,0,0,0,0,0,0
227,20252026,Regular,MTL,98,Maureen Murphy,RW,18.166666666666668,0.145296,0.0,0.0,0,0,0,0,0,0,0,0,0,0,0,0,0,2,0,0,0,0,0,0,0
227,20252026,Regular,MTL,5,Jessica DiGirolamo,LD,21.016666666666666,0.0,0.0,0.0,0,0,0,0,0,0,0,0,0,0,-1,0,1,0,0,0,0,0,0,0,0
227,20252026,Regular,MTL,83,Erin Ambrose,RD,22.733333333333334,0.145296,0.0,0.0,0,0,0,0,0,0,0,0,0,0,0,0,0,2,0,0,0,0,0,0,0
227,20252026,Regular,MTL,4,Shiann Darkangelo,C,16.383333333333333,0.102068,0.0,0.0,0,0,0,0,0,0,0,0,0,0,0,0,0,2,0,0,0,0,0,11,1
227,20252026,Regular,MTL,31,Marie-Philip Poulin,C,23.083333333333332,0.0,0.0,0.0,0,0,0,0,0,0,0,0,0,0,-1,0,0,0,0,0,0,0,0,20,14
227,20252026,Regular,MTL,51,Amanda Boulier,RD,14.85,0.051034,0.0,0.0,0,0,0,0,0,0,0,0,0,0,0,0,1,1,0,0,0,0,0,0,0
227,20252026,Regular,MTL,202,Kelly Ann Nadeau,RD,4.583333333333333,0.0,0.0,0.0,0,0,0,0,0,0,0,0,0,0,-1,0,0,0,0,0,0,0,0,0,0
227,20252026,Regular,MTL,253,Nicole Gosling,LD,22.1,0.15310200000000002,0.0,0.0,0,0,0,0,0,0,0,0,0,0,0,0,0,3,0,0,0,0,0,0,0
227,20252026,Regular,MTL,272,Skylar Irving,RW,7.183333333333334,0.0,0.0,0.0,0,0,0,0,0,0,0,0,0,0,0,0,1,0,0,0,0,0,0,0,0
227,20252026,Regular,MTL,79,Maggie Flaherty,LD,14.85,0.0,0.0,0.0,0,0,0,0,0,0,0,0,0,0,1,0,1,0,0,0,0,0,0,0,0
227,20252026,Regular,MTL,274,Natálie Mlýnková,LW,19.4,0.094262,0.0,0.0,0,0,0,0,0,0,0,0,0,0,0,0,3,1,0,0,0,0,0,0,0
227,20252026,Regular,MTL,48,Sandra Abstreiter,G,0.0,0.0,0.0,0.0,0,0,0,0,0,0,0,0,0,0,0,0,0,0,0,0,0,0,0,0,0
227,20252026,Regular,MTL,28,Ann-Renée Desbiens,G,65.0,0.0,0.0,0.0,0,0,0,0,0,0,0,0,0,0,0,0,0,0,0,0,0,0,0,0,0
228,20252026,Regular,NY,206,Elle Hartje,LW,10.8,0.094262,0.0,0.0,0,0,0,0,0,0,0,0,0,0,0,2,0,1,0,0,0,0,0,0,0
228,20252026,Regular,NY,147,Savannah Norcross,RW,0.8166666666666667,0.0,0.0,0.0,0,0,0,0,0,0,0,0,0,0,0,0,0,0,0,0,0,0,0,0,0
228,20252026,Regular,NY,229,Maja Nylen Persson,D,17.35,0.15310200000000002,0.0,0.0,0,0,0,0,0,0,0,0,0,0,-1,0,2,3,0,0,0,0,0,0,0
228,20252026,Regular,NY,205,Sarah Fillier,C,19.533333333333335,0.188524,0.0,0.0,0,0,0,0,0,0,0,0,0,0,-1,0,3,2,0,0,0,0,0,13,5
228,20252026,Regular,NY,87,Jaime Bourbonnais,RD,16.966666666666665,0.188524,0.0,0.0,0,0,0,0,0,0,0,0,0,0,0,0,2,2,0,0,0,0,0,0,0
228,20252026,Regular,NY,207,Lauren Bernard,LD,15.966666666666667,0.094262,0.0,0.0,0,0,0,0,0,0,0,0,0,0,0,0,0,1,0,0,0,0,0,0,0
228,20252026,Regular,NY,9,Taylor Girard,RW,11.0,0.094262,0.0,0.0,0,0,0,0,0,0,0,0,0,0,0,0,0,1,0,0,0,0,0,0,0
228,20252026,Regular,NY,285,Maddi Wheeler,LW,13.533333333333333,0.239558,0.0,0.0,0,0,0,0,0,0,0,0,0,0,0,0,2,3,0,0,0,0,0,2,2
228,20252026,Regular,NY,40,Paetyn Levis,RW,16.983333333333334,0.145296,0.0,0.0,0,0,0,0,0,0,0,0,0,0,0,0,1,2,0,0,0,0,0,0,0
228,20252026,Regular,NY,230,Allyson Simpson,RD,16.55,0.0,0.0,0.0,0,0,0,0,0,0,0,0,0,0,0,4,0,0,0,0,0,0,0,0,0
228,20252026,Regular,NY,277,Anna Bargman,LW,4.533333333333333,0.094262,0.0,0.0,0,0,0,0,0,0,0,0,0,0,0,0,3,1,0,0,0,0,0,0,0
228,20252026,Regular,NY,249,Anne Cherkowski,RW,18.833333333333332,0.145296,0.0,0.0,0,0,0,0,0,0,0,0,0,0,-1,0,1,2,0,0,0,0,0,0,0
228,20252026,Regular,NY,280,Casey O'Brien,C,19.266666666666666,0.204136,0.0,0.0,0,0,0,0,0,0,0,0,0,0,0,0,0,4,0,0,0,0,0,12,6
228,20252026,Regular,NY,47,Micah Zandee-Hart,LD,12.783333333333333,0.051034,0.0,0.0,0,0,0,0,0,0,0,0,0,0,-1,0,0,1,0,0,0,0,0,0,0
228,20252026,Regular,NY,204,Emmy Fecteau,LW,3.283333333333333,0.094262,0.0,0.0,0,0,0,0,0,0,0,0,0,0,0,0,1,1,0,0,0,0,0,0,0
228,20252026,Regular,NY,30,Kristin O'Neill,C,18.233333333333334,0.282786,0.0,0.0,0,0,0,0,0,0,0,0,0,0,0,0,1,3,0,0,0,0,0,17,11
228,20252026,Regular,NY,60,Jincy Roese,LD,20.483333333333334,0.051034,0.0,0.0,0,0,0,0,0,0,0,0,0,0,0,0,1,1,0,0,0,0,0,0,0
228,20252026,Regular,NY,45,Kayla Vespa,C,5.883333333333333,0.0,0.0,0.0,0,0,0,0,0,0,0,0,0,0,0,0,1,0,0,0,0,0,0,5,1
228,20252026,Regular,NY,245,Kristýna Kaltounková,LW,17.666666666666668,0.38485400000000003,0.0,0.0,0,0,0,0,0,0,0,0,0,0,-1,0,2,5,0,0,0,0,0,0,0
228,20252026,Regular,NY,282,Callie Shanahan,G,0.0,0.0,0.0,0.0,0,0,0,0,0,0,0,0,0,0,0,0,0,0,0,0,0,0,0,0,0
228,20252026,Regular,NY,228,Kayle Osborne,G,57.5,0.0,0.0,0.0,0,0,0,0,0,0,0,0,0,0,0,0,0,0,0,0,0,0,0,0,0
228,20252026,Regular,BOS,52,Zoe Boyd,LD,17.166666666666668,0.051034,0.0,0.0,0,0,0,0,0,0,0,0,0,0,0,0,3,1,0,0,0,0,0,0,0
228,20252026,Regular,BOS,12,Megan Keller,LD,25.933333333333334,0.0,0.0,0.0,0,0,0,0,0,1,0,0,0,0,1,0,0,0,0,0,0,0,0,0,0
228,20252026,Regular,BOS,182,Hadley Hartmetz,RD,8.683333333333334,0.0,0.0,0.0,0,0,0,0,0,0,0,0,0,0,0,0,0,0,0,0,0,0,0,0,0
228,20252026,Regular,BOS,246,Haley Winn,RD,26.85,0.102068,0.0,0.0,0,0,0,0,0,0,1,0,0,0,1,0,1,2,0,0,0,0,0,0,0
228,20252026,Regular,BOS,18,Sophie Shirley,RW,8.7,0.0,0.0,0.0,0,0,0,0,0,0,0,0,0,0,0,2,1,0,0,0,0,0,0,0,0
228,20252026,Regular,BOS,15,Alina Müller,C,19.3,0.282786,0.0,0.0,0,0,0,0,0,0,0,0,0,0,0,0,1,3,0,0,0,0,0,10,7
228,20252026,Regular,BOS,97,Liz Schepers,C,13.8,0.254238,0.0,0.0,1,0,0,0,0,0,0,0,0,0,1,0,0,2,0,0,0,0,0,9,4
228,20252026,Regular,BOS,255,Riley Brengman,RD,13.75,0.051034,0.0,0.0,0,0,0,0,0,0,0,0,0,0,0,2,0,1,0,0,0,0,0,0,0
228,20252026,Regular,BOS,17,Theresa Schafzahl,LW,16.183333333333334,0.0,0.0,0.0,0,0,0,0,0,0,0,0,0,0,1,0,0,0,0,0,0,0,0,0,0
228,20252026,Regular,BOS,259,Abby Newhook,RW,14.6,0.0,0.0,0.0,0,0,0,0,0,0,0,0,0,0,0,0,0,0,0,0,0,0,0,0,0
228,20252026,Regular,BOS,1,Hannah Brandt,C,6.65,0.0,0.0,0.0,0,0,0,0,0,0,0,0,0,0,0,0,0,0,0,0,0,0,0,20,10
228,20252026,Regular,BOS,212,Laura Kluge,LW,9.066666666666666,0.0,0.0,0.0,0,0,0,0,0,0,0,0,0,0,0,0,0,0,0,0,0,0,0,0,0
228,20252026,Regular,BOS,243,Ella Huber,LW,13.266666666666667,0.262044,0.0,0.0,0,1,0,0,0,0,0,0,0,0,0,2,2,3,0,0,0,0,0,0,0
228,20252026,Regular,BOS,183,Shay Maloney,RW,13.85,0.094262,0.0,0.0,0,0,0,0,0,0,0,0,0,0,0,0,0,1,0,0,0,0,0,2,0
228,20252026,Regular,BOS,149,Jill Saulnier,LW,9.716666666666667,0.15310200000000002,0.0,0.0,0,0,0,0,0,0,0,0,0,0,0,2,1,3,0,0,0,0,0,0,0
228,20252026,Regular,BOS,16,Jamie Lee Rattray,RW,11.566666666666666,0.051034,0.0,0.0,0,0,0,0,1,0,0,0,0,0,1,2,1,1,0,0,0,0,0,0,0
228,20252026,Regular,BOS,232,Rylind MacKinnon,LD,8.25,0.051034,0.0,0.0,0,0,0,0,0,0,0,0,0,0,0,0,1,1,0,0,0,0,0,0,0
228,20252026,Regular,BOS,185,Daniela Pejšová,LD,8.65,0.102068,0.0,0.0,0,0,0,0,0,0,0,0,0,0,0,0,1,2,0,0,0,0,0,0,0
228,20252026,Regular,BOS,78,Susanna Tapani,C,15.8,0.051034,0.0,0.0,0,0,0,0,0,0,0,0,0,0,0,0,2,1,0,0,0,0,0,8,3
228,20252026,Regular,BOS,6,Aerin Frankel,G,60.0,0.0,0.0,0.0,0,0,0,0,0,0,0,0,0,0,0,0,0,0,0,0,0,0,0,0,0
228,20252026,Regular,BOS,41,Abbey Levy,G,0.0,0.0,0.0,0.0,0,0,0,0,0,0,0,0,0,0,0,0,0,0,0,0,0,0,0,0,0
229,20252026,Regular,SEA,62,Aneta Tejralová,RD,13.966666666666667,0.0,0.0,0.0,0,0,0,0,0,0,0,0,0,0,2,2,2,0,0,0,0,0,0,0,0
229,20252026,Regular,SEA,196,Cayla Barnes,RD,21.95,0.239558,0.0,0.0,0,0,0,0,0,0,0,0,0,0,0,2,0,3,0,0,0,0,0,0,0
229,20252026,Regular,SEA,203,Anna Wilgren,LD,18.583333333333332,0.051034,0.0,0.0,0,0,0,0,0,0,0,0,0,0,0,2,2,1,0,0,0,0,0,0,0
229,20252026,Regular,SEA,291,Lily Delianedis,LW,7.05,0.094262,0.0,0.0,0,0,0,0,0,0,0,0,0,0,-1,0,0,1,0,0,0,0,0,1,0
229,20252026,Regular,SEA,36,Jessie Eldridge,RW,15.066666666666666,0.282786,0.0,0.0,0,0,0,0,0,0,0,0,0,0,0,0,1,3,0,0,0,0,0,0,0
229,20252026,Regular,SEA,237,Jenna Buglioni,C,8.15,0.0,0.0,0.0,0,0,0,0,0,0,0,0,0,0,-1,0,1,0,0,0,0,0,0,8,3
229,20252026,Regular,SEA,2,Emily Brown,RD,19.183333333333334,0.0,0.0,0.0,0,0,0,0,0,0,0,0,0,0,-1,0,0,0,0,0,0,0,0,0,0
229,20252026,Regular,SEA,138,Mikyla Grant-Mentis,C,12.783333333333333,0.051034,0.0,0.0,0,0,0,0,0,0,0,0,0,0,0,0,0,1,0,0,0,0,0,8,1
229,20252026,Regular,SEA,91,Brooke Bryant,RW,8.516666666666667,0.051034,0.0,0.0,0,0,0,0,0,0,0,0,0,0,-1,0,0,1,0,0,0,0,0,0,0
229,20252026,Regular,SEA,181,Hannah Bilka,LW,21.05,0.38042200000000004,0.0,0.0,0,0,0,1,0,0,1,1,0,0,1,0,1,3,0,0,0,0,0,0,0
229,20252026,Regular,SEA,99,Mariah Keopple,LD,16.583333333333332,0.0,0.0,0.0,0,0,0,0,0,0,0,0,0,0,0,0,3,0,0,0,0,0,0,0,0
229,20252026,Regular,SEA,13,Hilary Knight,RW,18.216666666666665,0.0,0.0,0.0,0,0,0,0,1,0,1,0,0,0,2,2,0,0,0,0,0,0,0,0,0
229,20252026,Regular,SEA,294,Lyndie Lobdell,RD,2.966666666666667,0.0,0.0,0.0,0,0,0,0,0,0,0,0,0,0,0,0,1,0,0,0,0,0,0,0,0
229,20252026,Regular,SEA,34,Alex Carpenter,C,15.966666666666667,0.414214,0.0,0.0,1,1,0,0,0,0,0,1,0,0,2,0,0,3,0,0,0,0,0,18,11
229,20252026,Regular,SEA,208,Megan Carter,LD,17.666666666666668,0.0,0.0,0.0,0,0,0,0,1,0,0,0,0,0,1,0,1,0,0,0,0,0,0,0,0
229,20252026,Regular,SEA,295,Marah Wagner,LW,13.583333333333334,0.145296,0.0,0.0,0,0,0,0,0,0,0,0,0,0,0,0,0,2,0,0,0,0,0,0,0
229,20252026,Regular,SEA,49,Lexie Adzija,RW,13.733333333333333,0.0,0.0,0.0,0,0,0,0,0,0,0,0,0,0,0,0,0,0,0,0,0,0,0,3,2
229,20252026,Regular,SEA,210,Julia Gosling,LW,18.016666666666666,0.34500000000000003,0.0,0.0,0,1,0,0,0,1,0,0,0,0,1,0,2,4,0,0,0,0,0,0,0
229,20252026,Regular,SEA,224,Danielle Serdachny,C,18.983333333333334,0.102068,0.0,0.0,0,0,0,0,0,0,0,0,0,0,0,0,1,2,0,0,0,0,0,14,7
229,20252026,Regular,SEA,155,Corinne Schroeder,G,0.0,0.0,0.0,0.0,0,0,0,0,0,0,0,0,0,0,0,0,0,0,0,0,0,0,0,0,0
229,20252026,Regular,SEA,250,Hannah Murphy,G,60.0,0.0,0.0,0.0,0,0,0,0,0,0,0,0,0,0,0,0,0,0,0,0,0,0,0,0,0
229,20252026,Regular,OTT,71,Jocelyne Larocque,LD,24.6,0.051034,0.0,0.0,0,0,0,0,0,0,0,0,0,0,0,2,1,1,0,0,0,0,0,0,0
229,20252026,Regular,OTT,242,Rory Guilday,RD,19.116666666666667,0.051034,0.0,0.0,0,0,0,0,1,0,0,0,0,0,0,2,3,1,0,0,0,0,0,0,0
229,20252026,Regular,OTT,219,Stephanie Markowski,LD,17.816666666666666,0.0,0.0,0.0,0,0,0,0,0,0,0,0,0,0,0,0,1,0,0,0,0,0,0,0,0
229,20252026,Regular,OTT,289,Kathryn Reilly,RD,0.18333333333333332,0.0,0.0,0.0,0,0,0,0,0,0,0,0,0,0,0,0,0,0,0,0,0,0,0,0,0
229,20252026,Regular,OTT,101,Alexa Vasko,C,8.55,0.094262,0.0,0.0,0,0,0,0,0,0,0,0,0,0,0,0,0,1,0,0,0,0,0,6,5
229,20252026,Regular,OTT,38,Brooke Hobson,LD,15.866666666666667,0.0,0.0,0.0,0,0,0,0,0,0,0,0,0,0,0,0,0,0,0,0,0,0,0,0,0
229,20252026,Regular,OTT,88,Kateřina Mrázová,C,19.25,0.188524,0.0,0.0,0,0,0,0,0,0,0,0,0,0,-2,2,1,2,0,0,0,0,0,8,3
229,20252026,Regular,OTT,220,Mannon McMahon,C,13.1,0.094262,0.0,0.0,0,0,0,0,0,0,0,0,0,0,0,2,1,1,0,0,0,0,0,11,7
229,20252026,Regular,OTT,58,Brianne Jenner,C,21.133333333333333,0.247364,0.0,0.0,0,0,0,0,0,0,0,0,0,0,0,0,2,4,0,0,0,0,0,22,12
229,20252026,Regular,OTT,217,Taylor House,LW,8.05,0.051034,0.0,0.0,0,0,0,0,0,0,0,0,0,0,0,0,0,1,0,0,0,0,0,0,0
229,20252026,Regular,OTT,241,Sarah Wozniewicz,RW,16.533333333333335,0.239558,0.0,0.0,0,0,0,0,0,0,0,0,0,0,0,0,3,3,0,0,0,0,0,0,0
229,20252026,Regular,OTT,53,Emily Clark,LW,16.216666666666665,0.145296,0.0,0.0,0,0,0,0,0,0,0,0,0,0,-2,0,1,2,0,0,0,0,0,0,0
229,20252026,Regular,OTT,286,Peyton Hemp,RW,14.566666666666666,0.0,0.0,0.0,0,0,0,0,0,0,0,0,0,0,-2,0,1,0,0,0,0,0,0,1,1
229,20252026,Regular,OTT,72,Rebecca Leslie,RW,20.183333333333334,0.21101,0.0,0.0,1,0,0,0,0,0,0,0,0,0,0,0,0,2,0,0,0,0,0,0,0
229,20252026,Regular,OTT,108,Samantha Isbell,RD,15.35,0.0,0.0,0.0,0,0,0,0,0,0,0,0,0,0,0,0,1,0,0,0,0,0,0,0,0
229,20252026,Regular,OTT,240,Fanuza Kadirova,RW,8.866666666666667,0.051034,0.0,0.0,0,0,0,0,0,0,0,0,0,0,0,0,5,1,0,0,0,0,0,0,0
229,20252026,Regular,OTT,223,Ronja Savolainen,RD,20.083333333333332,0.33382,0.0,0.0,0,0,0,0,0,0,0,0,0,0,-1,0,2,4,0,0,0,0,0,0,0
229,20252026,Regular,OTT,221,Anna Meixner,LW,18.066666666666666,0.051034,0.0,0.0,0,0,0,0,0,0,0,0,0,0,1,0,2,1,0,0,0,0,0,0,0
229,20252026,Regular,OTT,239,Anna Shokhina,LW,14.5,0.094262,0.0,0.0,0,0,0,0,0,0,0,0,0,0,0,0,0,1,0,0,0,0,0,4,0
229,20252026,Regular,OTT,238,Sanni Ahola,G,60.0,0.0,0.0,0.0,0,0,0,0,0,0,0,0,0,0,0,0,0,0,0,0,0,0,0,0,0
229,20252026,Regular,OTT,222,Gwyneth Philips,G,0.0,0.0,0.0,0.0,0,0,0,0,0,0,0,0,0,0,0,0,0,0,0,0,0,0,0,0,0
230,20252026,Regular,MIN,24,Lee Stecklein,LD,25.85,0.051034,0.0,0.0,0,0,0,0,1,0,0,0,0,0,3,0,0,1,0,0,0,0,0,0,0
230,20252026,Regular,MIN,236,Kendall Cooper,RD,20.183333333333334,0.102068,0.0,0.0,0,0,0,0,1,1,0,0,0,0,2,0,0,2,0,0,0,0,0,0,0
230,20252026,Regular,MIN,167,Sidney Morin,LD,19.866666666666667,0.102068,0.0,0.0,0,0,0,0,0,0,0,0,0,0,-1,0,0,2,0,0,0,0,0,0,0
230,20252026,Regular,MIN,191,Katy Knoll,RW,15.516666666666667,0.337194,0.0,0.0,0,0,0,1,0,0,0,0,0,0,2,0,3,3,0,0,0,0,0,1,1
230,20252026,Regular,MIN,102,Claire Butorac,RW,9.4,0.094262,0.0,0.0,0,0,0,0,0,0,0,0,0,0,1,0,0,1,0,0,0,0,0,0,0
230,20252026,Regular,MIN,23,Kelly Pannek,C,16.083333333333332,0.159976,0.0,0.0,0,0,0,1,0,0,0,0,0,0,2,0,0,1,0,0,0,0,0,18,15
230,20252026,Regular,MIN,25,Grace Zumwinkle,RW,15.433333333333334,0.282786,0.0,0.0,0,0,0,0,0,0,0,0,0,0,-1,0,0,3,0,0,0,0,0,0,0
230,20252026,Regular,MIN,195,Dominique Petrie,C,15.9,0.34850000000000003,0.0,0.0,1,0,0,0,0,0,0,0,0,0,-1,2,3,3,0,0,0,0,0,9,7
230,20252026,Regular,MIN,264,Brooke Becker,RD,14.666666666666666,0.051034,0.0,0.0,0,0,0,0,0,0,0,0,0,0,-1,0,1,1,0,0,0,0,0,0,0
230,20252026,Regular,MIN,188,Mae Batherson,LD,19.083333333333332,0.094262,0.0,0.0,0,0,0,0,0,1,0,0,0,0,1,0,0,1,0,0,0,0,0,0,0
230,20252026,Regular,MIN,90,Natalie Buchbinder,RD,18.95,0.0,0.0,0.0,0,0,0,0,0,1,0,0,0,0,2,0,0,0,0,0,0,0,0,0,0
230,20252026,Regular,MIN,269,Vanessa Upson,C,0.55,0.0,0.0,0.0,0,0,0,0,0,0,0,0,0,0,0,0,0,0,0,0,0,0,0,0,0
230,20252026,Regular,MIN,20,Kendall Coyne Schofield,LW,16.0,0.35630600000000007,0.0,0.0,1,0,0,0,0,0,0,0,0,0,2,0,0,4,0,0,0,0,0,0,0
230,20252026,Regular,MIN,21,Taylor Heise,C,15.616666666666667,0.145296,0.0,0.0,0,0,0,0,1,1,0,0,0,0,2,0,0,2,0,0,0,0,0,17,7
230,20252026,Regular,MIN,104,Denisa Křížová,LW,13.583333333333334,0.282786,0.0,0.0,0,0,0,0,1,0,0,0,0,0,0,0,0,3,0,0,0,0,0,1,1
230,20252026,Regular,MIN,190,Klára Hymlárová,C,8.916666666666666,0.051034,0.0,0.0,0,0,0,0,0,0,0,0,0,0,0,0,0,1,0,0,0,0,0,4,2
230,20252026,Regular,MIN,247,Abby Hustler,LW,12.666666666666666,0.051034,0.0,0.0,0,0,0,0,0,0,0,0,0,0,0,0,1,1,0,0,0,0,0,0,0
230,20252026,Regular,MIN,189,Britta Curl-Salemme,RW,17.2,0.191898,0.0,0.0,1,0,0,0,1,0,0,0,0,0,2,2,1,1,0,0,0,0,0,0,0
230,20252026,Regular,MIN,263,Peyton Anderson,LW,10.783333333333333,0.0,0.0,0.0,0,0,0,0,0,0,0,0,0,0,0,2,0,0,0,0,0,0,0,0,0
230,20252026,Regular,MIN,22,Nicole Hensley,G,60.0,0.0,0.0,0.0,0,0,0,0,0,0,0,0,0,0,0,0,0,0,0,0,0,0,0,0,0
230,20252026,Regular,MIN,123,Maddie Rooney,G,0.0,0.0,0.0,0.0,0,0,0,0,0,0,0,0,0,0,0,0,0,0,0,0,0,0,0,0,0
230,20252026,Regular,BOS,52,Zoe Boyd,LD,14.5,0.145296,0.0,0.0,0,0,0,0,0,0,0,0,0,0,0,2,1,2,0,0,0,0,0,0,0
230,20252026,Regular,BOS,12,Megan Keller,LD,28.316666666666666,0.102068,0.0,0.0,0,0,0,0,0,1,0,0,0,0,-2,0,1,2,0,0,0,0,0,0,0
230,20252026,Regular,BOS,182,Hadley Hartmetz,RD,11.316666666666666,0.094262,0.0,0.0,0,0,0,0,0,0,0,0,0,0,-1,0,0,1,0,0,0,0,0,0,0
230,20252026,Regular,BOS,246,Haley Winn,RD,30.883333333333333,0.102068,0.0,0.0,0,0,0,0,1,0,0,0,0,0,-2,0,0,2,0,0,0,0,0,0,0
230,20252026,Regular,BOS,18,Sophie Shirley,RW,11.116666666666667,0.0,0.0,0.0,0,0,0,0,0,0,0,0,0,0,-1,0,3,0,0,0,0,0,0,0,0
230,20252026,Regular,BOS,15,Alina Müller,C,23.166666666666668,0.43588800000000005,0.0,0.0,0,0,0,0,0,0,0,0,0,0,-1,0,0,6,0,0,0,0,0,9,5
230,20252026,Regular,BOS,97,Liz Schepers,C,11.183333333333334,0.094262,0.0,0.0,0,0,0,0,0,0,0,0,0,0,-2,0,0,1,0,0,0,0,0,11,2
230,20252026,Regular,BOS,256,Olivia Mobley,RW,10.083333333333334,0.159976,0.0,0.0,1,0,0,0,1,0,0,0,0,0,0,0,0,1,0,0,0,0,0,1,1
230,20252026,Regular,BOS,255,Riley Brengman,RD,19.983333333333334,0.262044,0.0,0.0,1,0,0,0,0,0,0,0,0,0,0,0,0,3,0,0,0,0,0,0,0
230,20252026,Regular,BOS,17,Theresa Schafzahl,LW,13.75,0.0,0.0,0.0,0,0,0,0,0,0,0,0,0,0,-1,0,0,0,0,0,0,0,0,1,0
230,20252026,Regular,BOS,259,Abby Newhook,RW,9.833333333333334,0.094262,0.0,0.0,0,0,0,0,0,0,0,0,0,0,0,0,0,1,0,0,0,0,0,0,0
230,20252026,Regular,BOS,1,Hannah Brandt,C,11.466666666666667,0.094262,0.0,0.0,0,0,0,0,0,0,0,0,0,0,-1,0,0,1,0,0,0,0,0,9,5
230,20252026,Regular,BOS,212,Laura Kluge,LW,10.166666666666666,0.0,0.0,0.0,0,0,0,0,0,0,0,0,0,0,0,0,2,0,0,0,0,0,0,0,0
230,20252026,Regular,BOS,243,Ella Huber,LW,15.766666666666667,0.377048,0.0,0.0,0,0,0,0,0,0,0,0,0,0,-2,0,1,4,0,0,0,0,0,1,1
230,20252026,Regular,BOS,183,Shay Maloney,RW,12.55,0.145296,0.0,0.0,0,0,0,0,0,1,0,0,0,0,2,0,1,2,0,0,0,0,0,5,3
230,20252026,Regular,BOS,149,Jill Saulnier,LW,10.6,0.094262,0.0,0.0,0,0,0,0,0,0,0,0,0,0,-1,0,0,1,0,0,0,0,0,0,0
230,20252026,Regular,BOS,16,Jamie Lee Rattray,RW,8.566666666666666,0.0,0.0,0.0,0,0,0,0,0,0,0,0,0,0,-3,0,0,0,0,0,0,0,0,0,0
230,20252026,Regular,BOS,185,Daniela Pejšová,LD,9.1,0.0,0.0,0.0,0,0,0,0,0,0,0,0,0,0,-1,0,0,0,0,0,0,0,0,0,0
230,20252026,Regular,BOS,78,Susanna Tapani,C,17.9,0.145296,0.0,0.0,0,0,0,0,0,0,0,0,0,0,-1,0,0,2,0,0,0,0,0,13,0
230,20252026,Regular,BOS,6,Aerin Frankel,G,59.65,0.0,0.0,0.0,0,0,0,0,0,0,0,0,0,0,0,0,0,0,0,0,0,0,0,0,0
230,20252026,Regular,BOS,41,Abbey Levy,G,0.0,0.0,0.0,0.0,0,0,0,0,0,0,0,0,0,0,0,0,0,0,0,0,0,0,0,0,0
231,20252026,Regular,VAN,310,Madison Samoskevich,LD,23.216666666666665,0.051034,0.0,0.0,0,0,0,0,0,0,0,0,0,0,1,0,2,1,0,0,0,0,0,0,0
231,20252026,Regular,VAN,209,Izzy Daniel,RW,8.516666666666667,0.102068,0.0,0.0,0,0,0,0,0,0,0,0,0,0,-1,2,0,2,0,0,0,0,0,0,0
231,20252026,Regular,VAN,301,Katie Chan,LW,13.433333333333334,0.0,0.0,0.0,0,0,0,0,0,0,0,0,0,0,-1,0,2,0,0,0,0,0,0,1,0
231,20252026,Regular,VAN,180,Sydney Bard,RD,21.166666666666668,0.0,0.0,0.0,0,0,0,0,0,0,0,0,0,0,0,0,2,0,0,0,0,0,0,0,0
231,20252026,Regular,VAN,198,Jenn Gardiner,LW,17.216666666666665,0.051034,0.0,0.0,0,0,0,0,0,0,0,0,0,0,-1,0,1,1,0,0,0,0,0,0,0
231,20252026,Regular,VAN,161,Tereza Vanišová,RW,16.433333333333334,0.204136,0.0,0.0,0,0,0,0,1,1,0,0,0,0,1,0,5,4,0,0,0,0,0,1,0
231,20252026,Regular,VAN,227,Gabby Rosenthal,C,17.0,0.094262,0.0,0.0,0,0,0,0,0,0,0,0,0,0,-1,0,2,1,0,0,0,0,0,19,10
231,20252026,Regular,VAN,11,Sophie Jaques,RD,22.85,0.293966,0.0,0.0,1,0,0,0,0,0,0,0,0,0,-2,0,1,3,0,0,0,0,0,0,0
231,20252026,Regular,VAN,50,Ashton Bell,RD,23.033333333333335,0.102068,0.0,0.0,0,0,0,0,0,0,0,0,0,0,-2,0,0,2,0,0,0,0,0,0,0
231,20252026,Regular,VAN,114,Abby Boreen,RW,18.2,0.282786,0.0,0.0,0,0,0,0,0,0,0,0,0,0,-1,0,1,3,0,0,0,0,0,0,0
231,20252026,Regular,VAN,129,Mellissa Channell-Watkins,LD,17.216666666666665,0.102068,0.0,0.0,0,0,0,0,0,0,0,0,0,0,0,0,1,2,0,0,0,0,0,0,0
231,20252026,Regular,VAN,118,Emma Greco,D,0.6666666666666666,0.0,0.0,0.0,0,0,0,0,0,0,0,0,0,0,0,0,0,0,0,0,0,0,0,0,0
231,20252026,Regular,VAN,192,Brooke McQuigge,LW,10.0,0.094262,0.0,0.0,0,0,0,0,0,0,0,0,0,0,0,0,2,1,0,0,0,0,0,0,0
231,20252026,Regular,VAN,252,Michelle Karvinen,LW,19.733333333333334,0.19633,0.0,0.0,0,0,0,0,0,0,0,0,0,0,-2,0,1,3,0,0,0,0,0,4,1
231,20252026,Regular,VAN,89,Hannah Miller,C,17.466666666666665,0.051034,0.0,0.0,0,0,0,0,0,0,0,0,0,0,-2,0,1,1,0,0,0,0,0,8,3
231,20252026,Regular,VAN,169,Claire Thompson,LD,21.45,0.051034,0.0,0.0,0,0,0,0,1,0,0,0,0,0,-1,0,0,1,0,0,0,0,0,0,0
231,20252026,Regular,VAN,248,Anna Segedi,C,14.433333333333334,0.094262,0.0,0.0,0,0,0,0,0,0,0,0,0,0,1,0,1,1,0,0,0,0,0,9,4
231,20252026,Regular,VAN,306,Darcie Lappan,C,8.716666666666667,0.0,0.0,0.0,0,0,0,0,0,0,0,0,0,0,0,0,1,0,0,0,0,0,0,11,3
231,20252026,Regular,VAN,115,Michela Cava,RW,16.083333333333332,0.262044,0.0,0.0,1,0,0,0,0,0,0,0,0,0,1,0,0,3,0,0,0,0,0,2,1
231,20252026,Regular,VAN,59,Emerance Maschmeyer,G,56.666666666666664,0.0,0.0,0.0,0,0,0,0,0,0,0,0,0,0,0,0,0,0,0,0,0,0,0,0,0
231,20252026,Regular,VAN,64,Kristen Campbell,G,0.0,0.0,0.0,0.0,0,0,0,0,0,0,0,0,0,0,0,0,0,0,0,0,0,0,0,0,0
231,20252026,Regular,MTL,273,Maya Labad,LW,9.683333333333334,0.0,0.0,0.0,0,0,0,0,0,0,0,0,0,0,0,2,0,0,0,0,0,0,0,0,0
231,20252026,Regular,MTL,32,Laura Stacey,RW,20.433333333333334,0.33382,0.0,0.0,0,0,0,0,0,0,0,0,0,0,1,0,1,4,0,0,0,0,0,0,0
231,20252026,Regular,MTL,84,Kati Tabin,RD,18.616666666666667,0.0,0.0,0.0,0,0,0,0,0,0,0,0,0,0,-2,0,2,0,0,0,0,0,0,0,0
231,20252026,Regular,MTL,42,Abby Roque,LW,22.45,0.051034,0.0,0.0,0,0,0,0,1,0,0,0,0,0,1,0,2,1,0,0,0,0,0,9,5
231,20252026,Regular,MTL,39,Alexandra Labelle,C,10.55,0.0,0.0,0.0,0,0,0,0,0,0,0,0,0,0,0,0,2,0,0,0,0,0,0,8,4
231,20252026,Regular,MTL,61,Hayley Scamurra,C,9.3,0.145296,0.0,0.0,0,0,0,0,1,0,0,0,0,0,1,0,2,2,0,0,0,0,0,11,7
231,20252026,Regular,MTL,199,Dara Greig,LW,7.316666666666666,0.159976,0.0,0.0,1,0,0,0,1,0,0,0,0,0,2,0,3,1,0,0,0,0,0,0,0
231,20252026,Regular,MTL,128,Kaitlin Willoughby,RW,11.3,0.0,0.0,0.0,0,0,0,0,0,0,0,0,0,0,0,0,0,0,0,0,0,0,0,0,0
231,20252026,Regular,MTL,98,Maureen Murphy,RW,14.9,0.565572,0.0,0.0,0,0,0,0,0,0,0,0,0,0,0,0,0,6,0,0,0,0,0,0,0
231,20252026,Regular,MTL,5,Jessica DiGirolamo,LD,17.583333333333332,0.19633,0.0,0.0,0,0,0,0,0,1,0,0,0,0,2,0,1,3,0,0,0,0,0,0,0
231,20252026,Regular,MTL,83,Erin Ambrose,RD,22.066666666666666,0.0,0.0,0.0,0,0,0,0,0,0,0,0,0,0,3,0,1,0,0,0,0,0,0,0,0
231,20252026,Regular,MTL,4,Shiann Darkangelo,C,12.0,0.38042200000000004,0.0,0.0,1,0,0,0,0,0,0,0,0,0,0,0,1,3,0,0,0,0,0,11,6
231,20252026,Regular,MTL,31,Marie-Philip Poulin,C,20.466666666666665,0.34850000000000003,0.0,0.0,1,0,0,0,0,0,0,0,0,0,1,0,2,3,0,0,0,0,0,16,11
231,20252026,Regular,MTL,51,Amanda Boulier,RD,17.983333333333334,0.094262,0.0,0.0,0,0,0,0,0,0,0,0,0,0,1,0,1,1,0,0,0,0,0,0,0
231,20252026,Regular,MTL,202,Kelly Ann Nadeau,RD,1.4333333333333333,0.0,0.0,0.0,0,0,0,0,0,0,0,0,0,0,0,0,0,0,0,0,0,0,0,0,0
231,20252026,Regular,MTL,253,Nicole Gosling,LD,21.483333333333334,0.094262,0.0,0.0,0,0,0,0,0,0,0,0,0,0,2,0,2,1,0,0,0,0,0,0,0
231,20252026,Regular,MTL,272,Skylar Irving,RW,8.35,0.188524,0.0,0.0,0,0,0,0,0,0,0,0,0,0,1,0,1,2,0,0,0,0,0,0,0
231,20252026,Regular,MTL,79,Maggie Flaherty,LD,23.8,0.145296,0.0,0.0,0,0,0,0,0,0,0,0,0,0,-2,0,1,2,0,0,0,0,0,0,0
231,20252026,Regular,MTL,274,Natálie Mlýnková,LW,14.616666666666667,0.159976,0.0,0.0,1,0,0,0,0,0,0,0,0,0,-1,0,1,1,0,0,0,0,0,0,0
231,20252026,Regular,MTL,48,Sandra Abstreiter,G,60.0,0.0,0.0,0.0,0,0,0,0,0,0,0,0,0,0,0,0,0,0,0,0,0,0,0,0,0
231,20252026,Regular,MTL,28,Ann-Renée Desbiens,G,0.0,0.0,0.0,0.0,0,0,0,0,0,0,0,0,0,0,0,0,0,0,0,0,0,0,0,0,0
232,20252026,Regular,NY,206,Elle Hartje,LW,10.383333333333333,0.051034,0.0,0.0,0,0,0,0,0,0,0,0,0,0,0,0,1,1,0,0,0,0,0,1,1
232,20252026,Regular,NY,147,Savannah Norcross,F,0.0,0.0,0.0,0.0,0,0,0,0,0,0,0,0,0,0,0,0,0,0,0,0,0,0,0,0,0
232,20252026,Regular,NY,229,Maja Nylen Persson,RD,24.65,0.0,0.0,0.0,0,0,0,0,0,0,0,1,0,0,-1,0,0,0,0,0,0,0,0,0,0
232,20252026,Regular,NY,205,Sarah Fillier,C,21.25,0.247364,0.0,0.0,0,0,0,0,1,0,0,0,0,0,-1,0,2,4,0,0,0,0,0,14,7
232,20252026,Regular,NY,87,Jaime Bourbonnais,RD,15.716666666666667,0.094262,0.0,0.0,0,0,0,0,0,0,0,0,0,0,1,0,0,1,0,0,0,0,0,0,0
232,20252026,Regular,NY,207,Lauren Bernard,LD,11.766666666666667,0.145296,0.0,0.0,0,0,0,0,0,0,0,0,0,0,-1,0,0,2,0,0,0,0,0,0,0
232,20252026,Regular,NY,9,Taylor Girard,RW,10.733333333333333,0.7843880000000001,0.0,0.0,1,0,0,0,0,0,0,0,0,0,1,0,0,9,0,0,0,0,0,0,0
232,20252026,Regular,NY,285,Maddi Wheeler,LW,16.416666666666668,0.19633,0.0,0.0,0,0,0,0,1,0,0,0,0,0,1,0,2,3,0,0,0,0,0,2,0
232,20252026,Regular,NY,40,Paetyn Levis,RW,17.633333333333333,0.15310200000000002,0.0,0.0,0,0,0,0,0,0,0,0,0,0,0,0,0,3,0,0,0,0,0,0,0
232,20252026,Regular,NY,230,Allyson Simpson,RD,16.416666666666668,0.19633,0.0,0.0,0,0,0,0,0,0,0,0,0,0,-1,0,0,3,0,0,0,0,0,0,0
232,20252026,Regular,NY,277,Anna Bargman,RW,4.516666666666667,0.0,0.0,0.0,0,0,0,0,0,0,0,0,0,0,0,0,0,0,0,0,0,0,0,0,0
232,20252026,Regular,NY,249,Anne Cherkowski,RW,19.016666666666666,0.102068,0.0,0.0,0,0,0,0,0,1,0,0,0,0,-1,0,0,2,0,0,0,0,0,0,0
232,20252026,Regular,NY,280,Casey O'Brien,C,21.916666666666668,0.145296,0.0,0.0,0,0,0,0,0,0,1,0,0,0,-1,0,0,2,0,0,0,0,0,14,8
232,20252026,Regular,NY,47,Micah Zandee-Hart,LD,18.15,0.145296,0.0,0.0,0,0,0,0,0,0,0,0,0,0,1,0,0,2,0,0,0,0,0,0,0
232,20252026,Regular,NY,204,Emmy Fecteau,LW,4.716666666666667,0.051034,0.0,0.0,0,0,0,0,0,0,0,0,0,0,0,2,1,1,0,0,0,0,0,0,0
232,20252026,Regular,NY,30,Kristin O'Neill,C,18.366666666666667,0.051034,0.0,0.0,0,0,0,0,0,0,0,0,0,0,-2,0,0,1,0,0,0,0,0,17,8
232,20252026,Regular,NY,60,Jincy Roese,LD,17.983333333333334,0.051034,0.0,0.0,0,0,0,0,0,0,0,0,0,0,-1,2,0,1,0,0,0,0,0,0,0
232,20252026,Regular,NY,45,Kayla Vespa,C,4.966666666666667,0.0,0.0,0.0,0,0,0,0,0,0,0,0,0,0,0,0,0,0,0,0,0,0,0,2,1
232,20252026,Regular,NY,245,Kristýna Kaltounková,LW,24.066666666666666,0.5595100000000001,0.0,0.0,1,1,0,0,0,0,0,0,0,0,-1,0,2,5,0,0,0,0,0,1,0
232,20252026,Regular,NY,282,Callie Shanahan,G,0.0,0.0,0.0,0.0,0,0,0,0,0,0,0,0,0,0,0,0,0,0,0,0,0,0,0,0,0
232,20252026,Regular,NY,228,Kayle Osborne,G,58.35,0.0,0.0,0.0,0,0,0,0,0,0,0,0,0,0,0,0,0,0,0,0,0,0,0,0,0
232,20252026,Regular,TOR,132,Jessica Kondas,LD,11.35,0.102068,0.0,0.0,0,0,0,0,0,0,0,0,0,0,1,0,1,2,0,0,0,0,0,0,0
232,20252026,Regular,TOR,68,Kali Flanagan,RD,22.116666666666667,0.145296,0.0,0.0,0,0,0,0,0,0,0,0,0,0,1,0,0,2,0,0,0,0,0,0,0
232,20252026,Regular,TOR,116,Clair DeGeorge,C,2.55,0.0,0.0,0.0,0,0,0,0,0,0,0,0,0,0,0,0,0,0,0,0,0,0,0,0,0
232,20252026,Regular,TOR,63,Daryl Watts,LW,15.833333333333334,0.102068,0.0,0.0,0,0,0,0,1,0,0,0,0,0,0,0,0,2,0,0,0,0,0,0,0
232,20252026,Regular,TOR,317,Kiara Zanon,LW,17.516666666666666,0.051034,0.0,0.0,0,0,0,0,0,0,0,0,0,0,-1,0,1,1,0,0,0,0,0,0,0
232,20252026,Regular,TOR,74,Allie Munroe,LD,20.95,0.051034,0.0,0.0,0,0,0,0,1,0,0,0,0,0,2,0,0,1,0,0,0,0,0,0,0
232,20252026,Regular,TOR,56,Savannah Harmon,RD,25.25,0.051034,0.0,0.0,0,0,0,0,0,0,0,0,0,0,-1,2,0,1,0,0,0,0,0,0,0
232,20252026,Regular,TOR,44,Ella Shelton,LD,25.433333333333334,0.0,0.0,0.0,0,0,0,0,0,0,0,0,0,0,-1,2,1,0,0,0,0,0,0,0,0
232,20252026,Regular,TOR,65,Jesse Compher,RW,20.283333333333335,0.319952,0.0,0.0,1,0,0,1,0,0,1,0,0,0,1,0,0,2,0,0,0,0,0,4,3
232,20252026,Regular,TOR,313,Sara Hjalmarsson,LW,10.533333333333333,0.145296,0.0,0.0,0,0,0,0,0,0,0,0,0,0,-1,0,0,2,0,0,0,0,0,1,0
232,20252026,Regular,TOR,244,Emma Gentry,C,10.5,0.145296,0.0,0.0,0,0,0,0,0,0,0,0,0,0,0,4,0,2,0,0,0,0,0,8,1
232,20252026,Regular,TOR,66,Maggie Connors,LW,9.866666666666667,0.19633,0.0,0.0,0,0,0,0,0,1,0,0,0,0,1,0,0,3,0,0,0,0,0,1,0
232,20252026,Regular,TOR,100,Natalie Spooner,RW,13.766666666666667,0.145296,0.0,0.0,0,0,0,0,0,0,0,0,0,0,1,0,0,2,0,0,0,0,0,1,1
232,20252026,Regular,TOR,316,Clara Van Wieren,C,10.65,0.0,0.0,0.0,0,0,0,0,0,0,0,0,0,0,0,0,0,0,0,0,0,0,0,6,4
232,20252026,Regular,TOR,73,Emma Maltais,C,19.883333333333333,0.34850000000000003,0.0,0.0,1,0,0,0,0,0,0,0,0,0,0,2,1,3,0,0,0,0,0,16,10
232,20252026,Regular,TOR,76,Blayre Turnbull,C,16.083333333333332,0.305272,0.0,0.0,0,1,0,0,0,0,0,0,0,0,0,0,0,3,0,0,0,0,0,13,7
232,20252026,Regular,TOR,26,Claire Dalton,RW,13.566666666666666,0.0,0.0,0.0,0,0,0,0,1,0,0,0,0,0,1,0,0,0,0,0,0,0,0,1,0
232,20252026,Regular,TOR,86,Emma Woods,RW,8.766666666666667,0.0,0.0,0.0,0,0,0,0,0,0,0,0,0,0,0,0,0,0,0,0,0,0,0,0,0
232,20252026,Regular,TOR,200,Anna Kjellbin,RD,11.583333333333334,0.051034,0.0,0.0,0,0,0,0,0,0,0,0,0,0,1,0,0,1,0,0,0,0,0,0,0
232,20252026,Regular,TOR,211,Raygan Kirk,G,0.0,0.0,0.0,0.0,0,0,0,0,0,0,0,0,0,0,0,0,0,0,0,0,0,0,0,0,0
232,20252026,Regular,TOR,85,Elaine Chuli,G,60.0,0.0,0.0,0.0,0,0,0,0,0,0,0,0,0,0,0,0,0,0,0,0,0,0,0,0,0
233,20252026,Regular,MIN,24,Lee Stecklein,LD,27.616666666666667,0.145296,0.0,0.0,0,0,0,0,0,0,0,0,0,0,0,0,0,2,0,0,0,0,0,0,0
233,20252026,Regular,MIN,236,Kendall Cooper,RD,25.433333333333334,0.239558,0.0,0.0,0,0,0,0,0,0,1,0,0,0,1,0,0,3,0,0,0,0,0,0,0
233,20252026,Regular,MIN,167,Sidney Morin,LD,20.733333333333334,0.094262,0.0,0.0,0,0,0,0,0,0,0,0,0,0,-1,0,0,1,0,0,0,0,0,0,0
233,20252026,Regular,MIN,191,Katy Knoll,RW,12.983333333333333,0.47911600000000004,0.0,0.0,0,0,0,0,0,0,0,0,0,0,0,0,0,6,0,0,0,0,0,2,2
233,20252026,Regular,MIN,102,Claire Butorac,RW,9.85,0.0,0.0,0.0,0,0,0,0,0,0,0,0,0,0,0,0,0,0,0,0,0,0,0,0,0
233,20252026,Regular,MIN,23,Kelly Pannek,C,19.116666666666667,0.239558,0.0,0.0,0,0,0,0,1,0,0,1,0,0,1,0,0,3,0,0,0,0,0,21,11
233,20252026,Regular,MIN,25,Grace Zumwinkle,RW,17.666666666666668,0.33382,0.0,0.0,0,0,0,0,0,0,0,0,0,0,0,0,0,4,0,0,0,0,0,0,0
233,20252026,Regular,MIN,195,Dominique Petrie,C,14.766666666666667,0.239558,0.0,0.0,0,0,0,0,0,0,0,0,0,0,0,2,1,3,0,0,0,0,0,9,7
233,20252026,Regular,MIN,264,Brooke Becker,RD,9.05,0.0,0.0,0.0,0,0,0,0,0,0,0,0,0,0,0,0,1,0,0,0,0,0,0,0,0
233,20252026,Regular,MIN,188,Mae Batherson,LD,20.6,0.293966,0.0,0.0,0,1,0,0,0,1,0,0,0,0,1,0,0,3,0,0,0,0,0,0,0
233,20252026,Regular,MIN,90,Natalie Buchbinder,RD,12.366666666666667,0.0,0.0,0.0,0,0,0,0,0,0,0,0,0,0,0,0,0,0,0,0,0,0,0,0,0
233,20252026,Regular,MIN,269,Vanessa Upson,LW,9.8,0.188524,0.0,0.0,0,0,0,0,0,0,0,0,0,0,0,0,0,2,0,0,0,0,0,2,1
233,20252026,Regular,MIN,20,Kendall Coyne Schofield,LW,17.966666666666665,0.428082,0.0,0.0,0,0,0,0,0,0,0,0,0,0,-1,0,2,5,0,0,0,0,0,0,0
233,20252026,Regular,MIN,21,Taylor Heise,C,19.25,0.051034,0.0,0.0,0,0,0,0,0,0,0,0,0,0,-1,2,1,1,0,0,0,0,0,12,7
233,20252026,Regular,MIN,104,Denisa Křížová,LW,14.583333333333334,0.247364,0.0,0.0,0,0,0,0,0,0,0,0,0,0,0,0,0,4,0,0,0,0,0,1,0
233,20252026,Regular,MIN,190,Klára Hymlárová,C,11.816666666666666,0.239558,0.0,0.0,0,0,0,0,0,0,0,0,0,0,0,0,0,3,0,0,0,0,0,8,3
233,20252026,Regular,MIN,247,Abby Hustler,LW,15.183333333333334,0.145296,0.0,0.0,0,0,0,0,0,0,0,0,0,0,1,0,0,2,0,0,0,0,0,0,0
233,20252026,Regular,MIN,189,Britta Curl-Salemme,RW,17.816666666666666,0.191898,0.0,0.0,1,0,0,0,0,0,0,0,0,0,1,2,1,1,0,0,0,0,0,0,0
233,20252026,Regular,MIN,263,Peyton Anderson,LW,0.0,0.0,0.0,0.0,0,0,0,0,0,0,0,0,0,0,0,0,0,0,0,0,0,0,0,0,0
233,20252026,Regular,MIN,22,Nicole Hensley,G,63.766666666666666,0.0,0.0,0.0,0,0,0,0,0,0,0,0,0,0,0,0,0,0,0,0,0,0,0,0,0
233,20252026,Regular,MIN,123,Maddie Rooney,G,0.0,0.0,0.0,0.0,0,0,0,0,0,0,0,0,0,0,0,0,0,0,0,0,0,0,0,0,0
233,20252026,Regular,OTT,71,Jocelyne Larocque,LD,25.816666666666666,0.0,0.0,0.0,0,0,0,0,0,0,0,1,0,0,0,2,1,0,0,0,0,0,0,0,0
233,20252026,Regular,OTT,242,Rory Guilday,RD,19.783333333333335,0.051034,0.0,0.0,0,0,0,0,0,0,0,1,0,0,-1,0,0,1,0,0,0,0,0,0,0
233,20252026,Regular,OTT,219,Stephanie Markowski,LD,18.283333333333335,0.102068,0.0,0.0,0,0,0,0,0,0,0,0,0,0,1,0,0,2,0,0,0,0,0,0,0
233,20252026,Regular,OTT,101,Alexa Vasko,C,12.05,0.051034,0.0,0.0,0,0,0,0,0,0,0,0,0,0,0,0,0,1,0,0,0,0,0,12,7
233,20252026,Regular,OTT,38,Brooke Hobson,LD,14.883333333333333,0.0,0.0,0.0,0,0,0,0,0,0,0,0,0,0,-1,2,1,0,0,0,0,0,0,0,0
233,20252026,Regular,OTT,296,Olivia Wallin,C,0.0,0.0,0.0,0.0,0,0,0,0,0,0,0,0,0,0,0,0,0,0,0,0,0,0,0,0,0
233,20252026,Regular,OTT,88,Kateřina Mrázová,C,19.083333333333332,0.051034,0.0,0.0,0,0,0,0,0,0,1,0,0,0,0,0,0,1,0,0,0,0,0,13,8
233,20252026,Regular,OTT,57,Gabbie Hughes,C,13.866666666666667,0.051034,0.0,0.0,0,0,0,0,0,0,0,0,0,0,-1,0,1,1,0,0,0,0,0,6,0
233,20252026,Regular,OTT,220,Mannon McMahon,RW,14.833333333333334,0.19633,0.0,0.0,0,0,0,0,0,0,0,0,0,0,0,4,0,3,0,0,0,0,0,1,0
233,20252026,Regular,OTT,58,Brianne Jenner,C,18.783333333333335,0.399534,0.0,0.0,0,1,0,0,0,0,0,0,0,0,0,2,0,4,0,0,0,0,0,17,9
233,20252026,Regular,OTT,217,Taylor House,LW,9.683333333333334,0.0,0.0,0.0,0,0,0,0,0,0,0,0,0,0,0,0,0,0,0,0,0,0,0,1,0
233,20252026,Regular,OTT,241,Sarah Wozniewicz,RW,14.55,0.21101,0.0,0.0,1,0,0,0,0,0,0,0,0,0,0,0,0,2,0,0,0,0,0,0,0
233,20252026,Regular,OTT,53,Emily Clark,LW,16.966666666666665,0.051034,0.0,0.0,0,0,0,0,0,0,0,0,0,0,0,0,0,1,0,0,0,0,0,1,0
233,20252026,Regular,OTT,286,Peyton Hemp,RW,16.8,0.19633,0.0,0.0,0,0,0,0,1,0,0,0,0,0,1,0,0,3,0,0,0,0,0,2,0
233,20252026,Regular,OTT,72,Rebecca Leslie,RW,18.133333333333333,0.145296,0.0,0.0,0,0,0,0,0,0,1,0,0,0,0,0,1,2,0,0,0,0,0,2,0
233,20252026,Regular,OTT,108,Samantha Isbell,RD,15.766666666666667,0.0,0.0,0.0,0,0,0,0,0,0,0,0,0,0,0,0,0,0,0,0,0,0,0,0,0
233,20252026,Regular,OTT,223,Ronja Savolainen,RD,24.466666666666665,0.33719400000000005,0.0,0.0,0,1,0,0,0,0,0,0,0,0,0,0,0,3,0,0,0,0,0,0,0
233,20252026,Regular,OTT,221,Anna Meixner,LW,9.033333333333333,0.094262,0.0,0.0,0,0,0,0,0,0,0,0,0,0,0,0,0,1,0,0,0,0,0,0,0
233,20252026,Regular,OTT,239,Anna Shokhina,LW,14.733333333333333,0.0,0.0,0.0,0,0,0,0,0,0,0,0,0,0,-1,0,0,0,0,0,0,0,0,0,0
233,20252026,Regular,OTT,222,Gwyneth Philips,G,63.86666666666667,0.0,0.0,0.0,0,0,0,0,0,0,0,0,0,0,0,0,0,0,0,0,0,0,0,0,0
233,20252026,Regular,OTT,290,Kendra Woodland,G,0.0,0.0,0.0,0.0,0,0,0,0,0,0,0,0,0,0,0,0,0,0,0,0,0,0,0,0,0
234,20252026,Regular,SEA,62,Aneta Tejralová,RD,18.916666666666668,0.051034,0.0,0.0,0,0,0,0,1,0,0,0,0,0,1,0,0,1,0,0,0,0,0,0,0
234,20252026,Regular,SEA,196,Cayla Barnes,RD,24.366666666666667,0.102068,0.0,0.0,0,0,0,0,0,0,0,0,0,0,-2,0,0,2,0,0,0,0,0,0,0
234,20252026,Regular,SEA,203,Anna Wilgren,LD,22.166666666666668,0.19633,0.0,0.0,0,0,0,0,0,0,0,0,0,0,-1,0,1,3,0,0,0,0,0,0,0
234,20252026,Regular,SEA,142,Natalie Snodgrass,LW,11.283333333333333,0.094262,0.0,0.0,0,0,0,0,0,0,0,0,0,0,-1,0,1,1,0,0,0,0,0,2,0
234,20252026,Regular,SEA,36,Jessie Eldridge,RW,17.266666666666666,0.337194,0.0,0.0,1,0,0,0,0,0,0,0,0,0,1,0,0,3,0,0,0,0,0,0,0
234,20252026,Regular,SEA,237,Jenna Buglioni,C,4.883333333333333,0.0,0.0,0.0,0,0,0,0,0,0,0,0,0,0,0,0,0,0,0,0,0,0,0,5,4
234,20252026,Regular,SEA,2,Emily Brown,RD,16.283333333333335,0.051034,0.0,0.0,0,0,0,0,0,0,0,0,0,0,1,0,0,1,0,0,0,0,0,0,0
234,20252026,Regular,SEA,138,Mikyla Grant-Mentis,C,13.266666666666667,0.051034,0.0,0.0,0,0,0,0,0,1,0,0,0,0,0,0,1,1,0,0,0,0,0,6,2
234,20252026,Regular,SEA,91,Brooke Bryant,RW,6.716666666666667,0.0,0.0,0.0,0,0,0,0,0,0,0,0,0,0,0,0,0,0,0,0,0,0,0,0,0
234,20252026,Regular,SEA,181,Hannah Bilka,LW,19.933333333333334,0.38485400000000003,0.0,0.0,0,0,0,0,0,0,0,0,0,0,-1,0,0,5,0,0,0,0,0,0,0
234,20252026,Regular,SEA,99,Mariah Keopple,LD,17.266666666666666,0.0,0.0,0.0,0,0,0,0,0,0,0,0,0,0,0,0,0,0,0,0,0,0,0,0,0
234,20252026,Regular,SEA,13,Hilary Knight,RW,22.166666666666668,0.051034,0.0,0.0,0,0,0,0,0,0,0,0,0,0,-1,2,1,1,0,0,0,0,0,0,0
234,20252026,Regular,SEA,34,Alex Carpenter,C,21.366666666666667,0.33382,0.0,0.0,0,0,0,0,0,0,0,0,0,0,-1,0,0,4,0,0,0,0,0,25,17
234,20252026,Regular,SEA,208,Megan Carter,LD,16.7,0.0,0.0,0.0,0,0,0,0,0,0,0,0,0,0,0,0,2,0,0,0,0,0,0,0,0
234,20252026,Regular,SEA,295,Marah Wagner,LW,6.7,0.0,0.0,0.0,0,0,0,0,0,0,0,0,0,0,0,0,0,0,0,0,0,0,0,0,0
234,20252026,Regular,SEA,49,Lexie Adzija,RW,12.3,0.094262,0.0,0.0,0,0,0,0,0,0,0,0,0,0,0,0,0,1,0,0,0,0,0,3,0
234,20252026,Regular,SEA,210,Julia Gosling,LW,22.033333333333335,0.19633,0.0,0.0,0,0,0,0,0,0,0,0,0,0,-1,2,0,3,0,0,0,0,0,0,0
234,20252026,Regular,SEA,224,Danielle Serdachny,C,20.666666666666668,0.051034,0.0,0.0,0,0,0,0,0,0,0,0,0,0,1,0,0,1,0,0,0,0,0,20,8
234,20252026,Regular,SEA,155,Corinne Schroeder,G,60.0,0.0,0.0,0.0,0,0,0,0,0,0,0,0,0,0,0,0,0,0,0,0,0,0,0,0,0
234,20252026,Regular,SEA,250,Hannah Murphy,G,0.0,0.0,0.0,0.0,0,0,0,0,0,0,0,0,0,0,0,0,0,0,0,0,0,0,0,0,0
234,20252026,Regular,BOS,52,Zoe Boyd,LD,19.616666666666667,0.051034,0.0,0.0,0,0,0,0,0,0,0,0,0,0,0,0,2,1,0,0,0,0,0,0,0
234,20252026,Regular,BOS,12,Megan Keller,LD,24.416666666666668,0.313078,0.0,0.0,0,1,0,0,0,0,0,0,0,0,-1,0,0,4,0,0,0,0,0,0,0
234,20252026,Regular,BOS,182,Hadley Hartmetz,RD,9.2,0.051034,0.0,0.0,0,0,0,0,0,0,0,0,0,0,1,2,0,1,0,0,0,0,0,0,0
234,20252026,Regular,BOS,246,Haley Winn,RD,24.1,0.0,0.0,0.0,0,0,0,0,0,0,0,0,0,0,-1,0,1,0,0,0,0,0,0,0,0
234,20252026,Regular,BOS,18,Sophie Shirley,RW,10.6,0.051034,0.0,0.0,0,0,0,0,0,0,0,0,0,0,-1,0,0,1,0,0,0,0,0,0,0
234,20252026,Regular,BOS,15,Alina Müller,C,16.15,0.188524,0.0,0.0,0,0,0,0,1,0,1,0,0,0,1,0,0,2,0,0,0,0,0,12,8
234,20252026,Regular,BOS,97,Liz Schepers,C,15.666666666666666,0.0,0.0,0.0,0,0,0,0,0,0,0,0,0,1,0,0,0,0,0,0,0,0,0,17,6
234,20252026,Regular,BOS,256,Olivia Mobley,RW,14.25,0.43588800000000005,0.0,0.0,0,0,0,0,0,0,0,0,0,0,0,0,0,6,0,0,0,0,0,0,0
234,20252026,Regular,BOS,255,Riley Brengman,RD,23.216666666666665,0.159976,0.0,0.0,0,0,1,0,0,0,0,0,0,0,1,0,0,1,0,0,0,0,0,0,0
234,20252026,Regular,BOS,17,Theresa Schafzahl,LW,13.633333333333333,0.094262,0.0,0.0,0,0,0,0,0,0,0,0,0,0,1,0,1,1,0,0,0,0,0,0,0
234,20252026,Regular,BOS,1,Hannah Brandt,C,13.2,0.0,0.0,0.0,0,0,0,0,0,0,0,0,0,0,0,0,0,0,0,0,0,0,0,14,6
234,20252026,Regular,BOS,212,Laura Kluge,LW,12.866666666666667,0.282786,0.0,0.0,0,0,0,0,0,0,0,0,0,0,0,2,1,3,0,0,0,0,0,3,1
234,20252026,Regular,BOS,243,Ella Huber,LW,15.25,0.19633,0.0,0.0,0,0,0,0,0,0,0,0,0,0,0,0,0,3,0,0,0,0,0,0,0
234,20252026,Regular,BOS,183,Shay Maloney,RW,14.083333333333334,0.188524,0.0,0.0,0,0,0,0,0,0,0,0,0,0,0,0,1,2,0,0,0,0,0,1,1
234,20252026,Regular,BOS,149,Jill Saulnier,LW,15.166666666666666,0.573378,0.0,0.0,0,0,0,0,0,0,0,0,1,0,0,0,0,7,0,0,0,0,0,0,0
234,20252026,Regular,BOS,16,Jamie Lee Rattray,RW,15.283333333333333,0.290592,0.0,0.0,0,0,0,0,0,0,0,0,0,0,2,0,0,4,0,0,0,0,0,0,0
234,20252026,Regular,BOS,232,Rylind MacKinnon,LD,8.566666666666666,0.094262,0.0,0.0,0,0,0,0,0,0,0,0,0,0,0,0,0,1,0,0,0,0,0,0,0
234,20252026,Regular,BOS,185,Daniela Pejšová,LD,6.75,0.159976,0.0,0.0,1,0,0,0,0,0,0,0,0,0,1,0,1,1,0,0,0,0,0,0,0
234,20252026,Regular,BOS,78,Susanna Tapani,C,16.083333333333332,0.0,0.0,0.0,0,0,0,0,0,0,0,1,0,0,0,0,0,0,0,0,0,0,0,14,8
234,20252026,Regular,BOS,262,Amanda Thiele,G,0.0,0.0,0.0,0.0,0,0,0,0,0,0,0,0,0,0,0,0,0,0,0,0,0,0,0,0,0
234,20252026,Regular,BOS,41,Abbey Levy,G,60.0,0.0,0.0,0.0,0,0,0,0,0,0,0,0,0,0,0,0,0,0,0,0,0,0,0,0,0
235,20252026,Regular,TOR,132,Jessica Kondas,LD,13.733333333333333,0.0,0.0,0.0,0,0,0,0,0,0,0,0,0,0,1,0,3,0,0,0,0,0,0,0,0
235,20252026,Regular,TOR,68,Kali Flanagan,RD,22.9,0.051034,0.0,0.0,0,0,0,0,0,1,0,0,0,0,0,0,1,1,0,0,0,0,0,0,0
235,20252026,Regular,TOR,116,Clair DeGeorge,C,0.9833333333333333,0.0,0.0,0.0,0,0,0,0,0,0,0,0,0,0,0,0,0,0,0,0,0,0,0,0,0
235,20252026,Regular,TOR,63,Daryl Watts,LW,18.0,0.356306,0.0,0.0,1,0,0,0,0,0,0,0,0,0,2,0,0,4,0,0,0,0,0,0,0
235,20252026,Regular,TOR,317,Kiara Zanon,LW,13.583333333333334,0.188524,0.0,0.0,0,0,0,0,0,0,0,0,0,0,-1,0,2,2,0,0,0,0,0,0,0
235,20252026,Regular,TOR,74,Allie Munroe,LD,4.166666666666667,0.0,0.0,0.0,0,0,0,0,0,0,0,0,0,0,0,0,0,0,0,0,0,0,0,0,0
235,20252026,Regular,TOR,56,Savannah Harmon,RD,26.3,0.145296,0.0,0.0,0,0,0,0,0,0,0,0,0,0,0,0,0,2,0,0,0,0,0,0,0
235,20252026,Regular,TOR,44,Ella Shelton,LD,29.683333333333334,0.159976,0.0,0.0,1,0,0,0,0,0,0,0,0,0,-1,0,1,1,0,0,0,0,0,0,0
235,20252026,Regular,TOR,65,Jesse Compher,RW,16.05,0.38485400000000003,0.0,0.0,0,0,0,0,0,0,0,0,0,0,-2,2,0,5,0,0,0,0,0,0,0
235,20252026,Regular,TOR,313,Sara Hjalmarsson,LW,12.2,0.19633,0.0,0.0,0,0,0,0,0,0,0,0,0,0,-1,0,1,3,0,0,0,0,0,0,0
235,20252026,Regular,TOR,244,Emma Gentry,C,11.233333333333333,0.282786,0.0,0.0,0,0,0,0,0,0,0,0,0,0,1,2,2,3,0,0,0,0,0,9,5
235,20252026,Regular,TOR,66,Maggie Connors,LW,12.116666666666667,0.39953400000000006,0.0,0.0,1,0,0,0,0,0,0,0,0,0,1,0,0,4,0,0,0,0,0,1,0
235,20252026,Regular,TOR,100,Natalie Spooner,RW,17.95,0.565572,0.0,0.0,0,0,0,0,1,0,0,0,0,0,1,0,0,6,0,0,0,0,0,2,0
235,20252026,Regular,TOR,316,Clara Van Wieren,C,10.3,0.0,0.0,0.0,0,0,0,0,0,0,0,0,0,0,0,2,0,0,0,0,0,0,0,5,1
235,20252026,Regular,TOR,73,Emma Maltais,C,19.633333333333333,0.239558,0.0,0.0,0,0,0,0,1,0,0,0,0,0,2,0,0,3,0,0,0,0,0,21,12
235,20252026,Regular,TOR,76,Blayre Turnbull,C,17.6,0.145296,0.0,0.0,0,0,0,0,0,0,0,0,0,0,-2,0,5,2,0,0,0,0,0,16,8
235,20252026,Regular,TOR,26,Claire Dalton,RW,12.85,0.094262,0.0,0.0,0,0,0,0,0,0,0,0,0,0,1,0,0,1,0,0,0,0,0,0,0
235,20252026,Regular,TOR,86,Emma Woods,RW,8.8,0.0,0.0,0.0,0,0,0,0,0,0,0,0,0,0,0,2,2,0,0,0,0,0,0,1,0
235,20252026,Regular,TOR,200,Anna Kjellbin,RD,20.15,0.0,0.0,0.0,0,0,0,0,1,0,0,0,0,0,2,0,2,0,0,0,0,0,0,0,0
235,20252026,Regular,TOR,211,Raygan Kirk,G,61.4,0.0,0.0,0.0,0,0,0,0,0,0,0,0,0,0,0,0,0,0,0,0,0,0,0,0,0
235,20252026,Regular,TOR,85,Elaine Chuli,G,0.0,0.0,0.0,0.0,0,0,0,0,0,0,0,0,0,0,0,0,0,0,0,0,0,0,0,0,0
235,20252026,Regular,OTT,71,Jocelyne Larocque,LD,24.733333333333334,0.102068,0.0,0.0,0,0,0,0,0,0,0,0,0,0,-2,0,1,2,0,0,0,0,0,0,0
235,20252026,Regular,OTT,242,Rory Guilday,RD,21.6,0.19633,0.0,0.0,0,0,0,0,0,0,0,1,0,0,1,0,1,3,0,0,0,0,0,0,0
235,20252026,Regular,OTT,219,Stephanie Markowski,LD,19.383333333333333,0.051034,0.0,0.0,0,0,0,0,0,0,0,0,0,0,1,2,3,1,0,0,0,0,0,0,0
235,20252026,Regular,OTT,101,Alexa Vasko,C,9.066666666666666,0.0,0.0,0.0,0,0,0,0,0,0,0,0,0,0,0,0,2,0,0,0,0,0,0,5,3
235,20252026,Regular,OTT,38,Brooke Hobson,LD,13.483333333333333,0.254238,0.0,0.0,1,0,0,0,0,0,0,0,0,0,-1,0,2,2,0,0,0,0,0,0,0
235,20252026,Regular,OTT,296,Olivia Wallin,C,4.816666666666666,0.0,0.0,0.0,0,0,0,0,0,0,0,0,0,0,0,0,0,0,0,0,0,0,0,0,0
235,20252026,Regular,OTT,88,Kateřina Mrázová,C,20.166666666666668,0.051034,0.0,0.0,0,0,0,0,0,0,0,0,0,0,0,0,1,1,0,0,0,0,0,13,6
235,20252026,Regular,OTT,57,Gabbie Hughes,C,11.783333333333333,0.337194,0.0,0.0,0,1,0,0,0,0,0,0,0,0,-2,2,3,3,0,0,0,0,0,5,1
235,20252026,Regular,OTT,220,Mannon McMahon,RW,13.3,0.051034,0.0,0.0,0,0,0,0,0,0,0,0,0,0,-1,0,1,1,0,0,0,0,0,1,0
235,20252026,Regular,OTT,58,Brianne Jenner,C,18.683333333333334,0.19633,0.0,0.0,0,0,0,0,1,0,1,0,0,0,1,0,2,3,0,0,0,0,0,25,16
235,20252026,Regular,OTT,217,Taylor House,LW,9.75,0.145296,0.0,0.0,0,0,0,0,0,0,0,0,0,0,0,0,1,2,0,0,0,0,0,1,1
235,20252026,Regular,OTT,241,Sarah Wozniewicz,RW,19.333333333333332,0.435888,0.0,0.0,0,0,0,0,0,0,0,0,0,0,1,0,0,6,0,0,0,0,0,1,0
235,20252026,Regular,OTT,53,Emily Clark,LW,18.3,0.094262,0.0,0.0,0,0,0,0,0,0,0,0,0,0,1,0,2,1,0,0,0,0,0,1,1
235,20252026,Regular,OTT,286,Peyton Hemp,RW,15.916666666666666,0.282786,0.0,0.0,0,0,0,0,0,0,0,0,0,0,1,0,0,3,0,0,0,0,0,1,1
235,20252026,Regular,OTT,72,Rebecca Leslie,LW,18.516666666666666,0.602738,0.0,0.0,1,1,0,0,0,0,0,0,0,0,0,0,0,5,0,0,0,0,0,1,0
235,20252026,Regular,OTT,108,Samantha Isbell,RD,15.416666666666666,0.0,0.0,0.0,0,0,0,0,0,0,0,0,0,0,0,0,1,0,0,0,0,0,0,0,0
235,20252026,Regular,OTT,223,Ronja Savolainen,RD,23.133333333333333,0.239558,0.0,0.0,0,0,0,0,0,0,0,0,0,0,-1,0,2,3,0,0,0,0,0,0,0
235,20252026,Regular,OTT,221,Anna Meixner,RW,3.95,0.0,0.0,0.0,0,0,0,0,0,0,0,0,0,0,-1,0,0,0,0,0,0,0,0,0,0
235,20252026,Regular,OTT,239,Anna Shokhina,LW,12.75,0.094262,0.0,0.0,0,0,0,0,0,0,0,0,0,0,-2,0,0,1,0,0,0,0,0,1,0
235,20252026,Regular,OTT,222,Gwyneth Philips,G,61.4,0.0,0.0,0.0,0,0,0,0,0,0,0,0,0,0,0,0,0,0,0,0,0,0,0,0,0
235,20252026,Regular,OTT,290,Kendra Woodland,G,0.0,0.0,0.0,0.0,0,0,0,0,0,0,0,0,0,0,0,0,0,0,0,0,0,0,0,0,0
236,20252026,Regular,SEA,62,Aneta Tejralová,RD,17.733333333333334,0.0,0.0,0.0,0,0,0,0,0,0,0,0,0,0,-1,2,0,0,0,0,0,0,0,0,0
236,20252026,Regular,SEA,196,Cayla Barnes,RD,22.983333333333334,0.102068,0.0,0.0,0,0,0,0,0,0,0,0,0,0,2,0,0,2,0,0,0,0,0,0,0
236,20252026,Regular,SEA,203,Anna Wilgren,LD,20.266666666666666,0.102068,0.0,0.0,0,0,0,0,0,1,0,0,0,0,2,0,0,2,0,0,0,0,0,0,0
236,20252026,Regular,SEA,291,Lily Delianedis,C,4.066666666666666,0.0,0.0,0.0,0,0,0,0,0,0,0,0,0,0,0,0,0,0,0,0,0,0,0,1,0
236,20252026,Regular,SEA,142,Natalie Snodgrass,LW,14.666666666666666,0.0,0.0,0.0,0,0,0,0,0,0,0,0,0,0,0,0,0,0,0,0,0,0,0,0,0
236,20252026,Regular,SEA,36,Jessie Eldridge,RW,17.8,0.094262,0.0,0.0,0,0,0,0,0,1,0,0,0,0,1,0,0,1,0,0,0,0,0,0,0
236,20252026,Regular,SEA,2,Emily Brown,RD,18.2,0.0,0.0,0.0,0,0,0,0,0,0,0,0,0,0,0,0,1,0,0,0,0,0,0,0,0
236,20252026,Regular,SEA,138,Mikyla Grant-Mentis,C,17.35,0.0,0.0,0.0,0,0,0,0,0,0,0,0,0,0,-1,0,1,0,0,0,0,0,0,15,9
236,20252026,Regular,SEA,91,Brooke Bryant,RW,4.466666666666667,0.188524,0.0,0.0,0,0,0,0,0,0,0,0,0,0,0,0,0,2,0,0,0,0,0,0,0
236,20252026,Regular,SEA,181,Hannah Bilka,LW,14.533333333333333,0.051034,0.0,0.0,0,0,0,0,0,0,0,0,0,0,0,0,0,1,0,0,0,0,0,0,0
236,20252026,Regular,SEA,99,Mariah Keopple,LD,18.316666666666666,0.102068,0.0,0.0,0,0,0,0,0,0,0,0,0,0,0,0,1,2,0,0,0,0,0,0,0
236,20252026,Regular,SEA,13,Hilary Knight,RW,15.983333333333333,0.145296,0.0,0.0,0,0,0,0,1,0,0,0,0,0,0,0,2,2,0,0,0,0,0,1,0
236,20252026,Regular,SEA,34,Alex Carpenter,C,19.866666666666667,0.30527200000000004,0.0,0.0,1,0,0,0,0,0,0,0,0,0,2,0,0,3,0,0,0,0,0,28,15
236,20252026,Regular,SEA,208,Megan Carter,LD,16.233333333333334,0.051034,0.0,0.0,0,0,0,0,0,0,0,0,0,0,-1,4,2,1,0,0,0,0,0,0,0
236,20252026,Regular,SEA,295,Marah Wagner,LW,6.833333333333333,0.051034,0.0,0.0,0,0,0,0,0,0,0,0,0,0,0,0,0,1,0,0,0,0,0,0,0
236,20252026,Regular,SEA,49,Lexie Adzija,RW,17.333333333333332,0.051034,0.0,0.0,0,0,0,0,0,0,0,0,0,0,0,0,0,1,0,0,0,0,0,0,0
236,20252026,Regular,SEA,210,Julia Gosling,LW,17.216666666666665,0.399534,0.0,0.0,1,0,0,0,1,0,0,0,0,0,1,0,1,4,0,0,0,0,0,0,0
236,20252026,Regular,SEA,224,Danielle Serdachny,C,16.016666666666666,0.094262,0.0,0.0,0,0,0,0,0,0,0,0,0,0,0,2,2,1,0,0,0,0,0,9,4
236,20252026,Regular,SEA,155,Corinne Schroeder,G,0.0,0.0,0.0,0.0,0,0,0,0,0,0,0,0,0,0,0,0,0,0,0,0,0,0,0,0,0
236,20252026,Regular,SEA,250,Hannah Murphy,G,60.0,0.0,0.0,0.0,0,0,0,0,0,0,0,0,0,0,0,0,0,0,0,0,0,0,0,0,0
236,20252026,Regular,MTL,273,Maya Labad,LW,2.1166666666666667,0.0,0.0,0.0,0,0,0,0,0,0,0,0,0,0,0,2,0,0,0,0,0,0,0,0,0
236,20252026,Regular,MTL,32,Laura Stacey,RW,19.683333333333334,0.43588800000000005,0.0,0.0,0,0,0,0,1,0,0,0,0,0,0,2,0,6,0,0,0,0,0,0,0
236,20252026,Regular,MTL,84,Kati Tabin,RD,20.8,0.247364,0.0,0.0,0,0,0,0,0,0,0,0,0,0,0,0,1,4,0,0,0,0,0,0,0
236,20252026,Regular,MTL,42,Abby Roque,LW,20.5,0.305272,0.0,0.0,1,0,0,0,0,0,0,0,0,0,0,2,1,3,0,0,0,0,0,14,9
236,20252026,Regular,MTL,39,Alexandra Labelle,C,4.55,0.145296,0.0,0.0,0,0,0,0,0,0,0,0,0,0,0,0,0,2,0,0,0,0,0,4,0
236,20252026,Regular,MTL,61,Hayley Scamurra,C,16.083333333333332,0.094262,0.0,0.0,0,0,0,0,0,0,0,0,0,0,0,0,1,1,0,0,0,0,0,8,3
236,20252026,Regular,MTL,199,Dara Greig,LW,13.25,0.0,0.0,0.0,0,0,0,0,0,0,0,0,0,0,0,0,0,0,0,0,0,0,0,0,0
236,20252026,Regular,MTL,128,Kaitlin Willoughby,RW,6.3,0.0,0.0,0.0,0,0,0,0,0,0,0,0,0,0,0,0,1,0,0,0,0,0,0,0,0
236,20252026,Regular,MTL,98,Maureen Murphy,RW,20.016666666666666,0.38485400000000003,0.0,0.0,0,0,0,0,0,0,0,0,0,0,0,0,1,5,0,0,0,0,0,1,1
236,20252026,Regular,MTL,5,Jessica DiGirolamo,LD,17.116666666666667,0.0,0.0,0.0,0,0,0,0,0,0,0,0,0,0,0,0,0,0,0,0,0,0,0,0,0
236,20252026,Regular,MTL,83,Erin Ambrose,RD,19.216666666666665,0.15310200000000002,0.0,0.0,0,0,0,0,0,0,0,0,0,0,-1,0,0,3,0,0,0,0,0,0,0
236,20252026,Regular,MTL,4,Shiann Darkangelo,C,17.0,0.38485400000000003,0.0,0.0,0,0,0,0,0,0,0,0,0,0,0,0,0,5,0,0,0,0,0,13,4
236,20252026,Regular,MTL,31,Marie-Philip Poulin,C,21.116666666666667,0.290592,0.0,0.0,0,0,0,0,0,1,0,0,0,0,-1,0,1,4,0,0,0,0,0,14,9
236,20252026,Regular,MTL,51,Amanda Boulier,RD,15.75,0.051034,0.0,0.0,0,0,0,0,0,0,0,0,0,0,0,0,0,1,0,0,0,0,0,0,0
236,20252026,Regular,MTL,202,Kelly Ann Nadeau,RD,0.21666666666666667,0.0,0.0,0.0,0,0,0,0,0,0,0,0,0,0,0,0,0,0,0,0,0,0,0,0,0
236,20252026,Regular,MTL,253,Nicole Gosling,LD,15.183333333333334,0.051034,0.0,0.0,0,0,0,0,0,0,0,0,0,0,-1,0,1,1,0,0,0,0,0,0,0
236,20252026,Regular,MTL,272,Skylar Irving,RW,7.066666666666666,0.051034,0.0,0.0,0,0,0,0,0,0,0,0,0,0,-1,0,1,1,0,0,0,0,0,0,0
236,20252026,Regular,MTL,79,Maggie Flaherty,LD,17.4,0.0,0.0,0.0,0,0,0,0,0,0,0,0,0,0,-1,0,2,0,0,0,0,0,0,0,0
236,20252026,Regular,MTL,274,Natálie Mlýnková,LW,20.083333333333332,0.145296,0.0,0.0,0,0,0,0,0,0,0,0,0,0,0,0,0,2,0,0,0,0,0,0,0
236,20252026,Regular,MTL,48,Sandra Abstreiter,G,0.0,0.0,0.0,0.0,0,0,0,0,0,0,0,0,0,0,0,0,0,0,0,0,0,0,0,0,0
236,20252026,Regular,MTL,28,Ann-Renée Desbiens,G,60.0,0.0,0.0,0.0,0,0,0,0,0,0,0,0,0,0,0,0,0,0,0,0,0,0,0,0,0
237,20252026,Regular,OTT,71,Jocelyne Larocque,LD,23.766666666666666,0.094262,0.0,0.0,0,0,0,0,0,0,0,0,0,0,0,2,0,1,0,0,0,0,0,0,0
237,20252026,Regular,OTT,242,Rory Guilday,RD,20.983333333333334,0.102068,0.0,0.0,0,0,0,0,0,0,0,0,0,0,0,2,0,2,0,0,0,0,0,0,0
237,20252026,Regular,OTT,219,Stephanie Markowski,LD,21.15,0.21101,0.0,0.0,1,0,0,0,0,0,0,0,0,0,1,0,1,2,0,0,0,0,0,0,0
237,20252026,Regular,OTT,289,Kathryn Reilly,RD,14.0,0.094262,0.0,0.0,0,0,0,0,0,0,0,0,0,0,-1,0,1,1,0,0,0,0,0,0,0
237,20252026,Regular,OTT,101,Alexa Vasko,C,13.366666666666667,0.102068,0.0,0.0,0,0,0,0,0,0,0,0,0,0,-1,0,1,2,0,0,0,0,0,9,5
237,20252026,Regular,OTT,38,Brooke Hobson,LD,17.783333333333335,0.0,0.0,0.0,0,0,0,0,0,0,0,0,0,0,0,0,1,0,0,0,0,0,0,1,0
237,20252026,Regular,OTT,88,Kateřina Mrázová,C,19.383333333333333,0.051034,0.0,0.0,0,0,0,0,0,0,0,0,0,0,0,0,1,1,0,0,0,0,0,15,6
237,20252026,Regular,OTT,57,Gabbie Hughes,C,12.616666666666667,0.0,0.0,0.0,0,0,0,0,2,0,0,0,0,0,1,2,0,0,0,0,0,0,0,4,3
237,20252026,Regular,OTT,220,Mannon McMahon,RW,11.283333333333333,0.051034,0.0,0.0,0,0,0,0,0,0,0,0,0,0,-1,0,0,1,0,0,0,0,0,0,0
237,20252026,Regular,OTT,58,Brianne Jenner,C,20.933333333333334,0.33382,0.0,0.0,0,0,0,0,0,0,0,0,0,0,0,0,0,4,0,0,0,0,0,20,16
237,20252026,Regular,OTT,217,Taylor House,C,3.6666666666666665,0.0,0.0,0.0,0,0,0,0,0,0,0,0,0,0,0,0,0,0,0,0,0,0,0,0,0
237,20252026,Regular,OTT,241,Sarah Wozniewicz,LW,17.15,0.428082,0.0,0.0,0,0,0,0,0,0,0,0,0,0,1,0,1,5,0,0,0,0,0,0,0
237,20252026,Regular,OTT,53,Emily Clark,LW,18.316666666666666,0.15310200000000002,0.0,0.0,0,0,0,0,0,0,0,0,0,0,0,0,3,3,0,0,0,0,0,0,0
237,20252026,Regular,OTT,286,Peyton Hemp,RW,17.533333333333335,0.19633,0.0,0.0,0,0,0,0,0,0,0,0,0,0,0,0,0,3,0,0,0,0,0,3,0
237,20252026,Regular,OTT,72,Rebecca Leslie,RW,21.05,0.102068,0.0,0.0,0,0,0,0,0,0,0,0,0,0,0,0,0,2,0,0,0,0,0,0,0
237,20252026,Regular,OTT,240,Fanuza Kadirova,RW,10.833333333333334,0.159976,0.0,0.0,1,0,0,0,0,1,0,0,0,0,1,0,1,1,0,0,0,0,0,0,0
237,20252026,Regular,OTT,223,Ronja Savolainen,RD,23.516666666666666,0.051034,0.0,0.0,0,0,0,0,0,1,0,0,0,0,0,0,0,1,0,0,0,0,0,0,0
237,20252026,Regular,OTT,221,Anna Meixner,LW,10.933333333333334,0.19633,0.0,0.0,0,0,0,0,0,0,0,0,0,0,-1,0,1,3,0,0,0,0,0,0,0
237,20252026,Regular,OTT,239,Anna Shokhina,LW,8.866666666666667,0.0,0.0,0.0,0,0,0,0,0,0,0,0,0,0,0,0,0,0,0,0,0,0,0,0,0
237,20252026,Regular,OTT,222,Gwyneth Philips,G,65.0,0.0,0.0,0.0,0,0,0,0,0,0,0,0,0,0,0,0,0,0,0,0,0,0,0,0,0
237,20252026,Regular,OTT,290,Kendra Woodland,G,0.0,0.0,0.0,0.0,0,0,0,0,0,0,0,0,0,0,0,0,0,0,0,0,0,0,0,0,0
237,20252026,Regular,BOS,52,Zoe Boyd,LD,18.916666666666668,0.145296,0.0,0.0,0,0,0,0,0,0,0,0,0,0,0,0,0,2,0,0,0,0,0,0,0
237,20252026,Regular,BOS,12,Megan Keller,LD,28.533333333333335,0.15310200000000002,0.0,0.0,0,0,0,0,1,0,0,0,0,0,0,0,2,3,0,0,0,0,0,0,0
237,20252026,Regular,BOS,182,Hadley Hartmetz,RD,11.716666666666667,0.0,0.0,0.0,0,0,0,0,0,0,0,0,0,0,0,0,0,0,0,0,0,0,0,0,0
237,20252026,Regular,BOS,246,Haley Winn,RD,31.483333333333334,0.697932,0.0,0.0,1,0,0,0,0,0,0,0,0,0,0,0,1,9,0,0,0,0,0,0,0
237,20252026,Regular,BOS,18,Sophie Shirley,RW,7.733333333333333,0.145296,0.0,0.0,0,0,0,0,0,0,0,0,0,0,0,0,0,2,0,0,0,0,0,0,0
237,20252026,Regular,BOS,15,Alina Müller,C,22.85,0.051034,0.0,0.0,0,0,0,0,0,0,0,0,0,0,1,0,0,1,0,0,0,0,0,16,9
237,20252026,Regular,BOS,97,Liz Schepers,C,13.416666666666666,0.0,0.0,0.0,0,0,0,0,0,0,0,0,0,0,0,0,0,0,0,0,0,0,0,7,3
237,20252026,Regular,BOS,256,Olivia Mobley,RW,18.533333333333335,0.305272,0.0,0.0,1,0,0,0,0,0,0,0,0,0,1,2,1,3,0,0,0,0,0,0,0
237,20252026,Regular,BOS,255,Riley Brengman,RD,19.383333333333333,0.094262,0.0,0.0,0,0,0,0,0,0,0,0,0,0,0,0,0,1,0,0,0,0,0,0,0
237,20252026,Regular,BOS,17,Theresa Schafzahl,LW,15.633333333333333,0.282786,0.0,0.0,0,0,0,0,0,0,0,0,0,0,1,0,0,3,0,0,0,0,0,0,0
237,20252026,Regular,BOS,259,Abby Newhook,RW,5.05,0.051034,0.0,0.0,0,0,0,0,0,0,0,0,0,0,0,0,1,1,0,0,0,0,0,0,0
237,20252026,Regular,BOS,1,Hannah Brandt,C,10.85,0.15310200000000002,0.0,0.0,0,0,0,0,0,0,0,0,0,0,-1,0,0,3,0,0,0,0,0,12,3
237,20252026,Regular,BOS,212,Laura Kluge,LW,7.266666666666667,0.0,0.0,0.0,0,0,0,0,0,0,0,0,0,0,0,2,0,0,0,0,0,0,0,0,0
237,20252026,Regular,BOS,243,Ella Huber,LW,17.3,0.24736400000000003,0.0,0.0,0,0,0,0,0,1,0,0,0,0,1,2,0,4,0,0,0,0,0,1,1
237,20252026,Regular,BOS,183,Shay Maloney,RW,13.383333333333333,0.0,0.0,0.0,0,0,0,0,0,0,0,0,0,0,0,0,0,0,0,0,0,0,0,1,1
237,20252026,Regular,BOS,149,Jill Saulnier,LW,13.15,0.0,0.0,0.0,0,0,0,0,0,0,0,0,0,0,-2,0,1,0,0,0,0,0,0,0,0
237,20252026,Regular,BOS,16,Jamie Lee Rattray,RW,14.983333333333333,0.0,0.0,0.0,0,0,0,0,0,0,0,0,0,0,-1,0,0,0,0,0,0,0,0,0,0
237,20252026,Regular,BOS,232,Rylind MacKinnon,LD,13.6,0.0,0.0,0.0,0,0,0,0,0,0,0,0,0,0,0,0,3,0,0,0,0,0,0,0,0
237,20252026,Regular,BOS,78,Susanna Tapani,C,21.483333333333334,0.290592,0.0,0.0,0,0,0,0,1,0,0,0,0,0,0,0,0,4,0,0,0,0,0,15,5
237,20252026,Regular,BOS,6,Aerin Frankel,G,65.0,0.0,0.0,0.0,0,0,0,0,0,0,0,0,0,0,0,0,0,0,0,0,0,0,0,0,0
237,20252026,Regular,BOS,41,Abbey Levy,G,0.0,0.0,0.0,0.0,0,0,0,0,0,0,0,0,0,0,0,0,0,0,0,0,0,0,0,0,0
238,20252026,Regular,MTL,273,Maya Labad,LW,1.0333333333333334,0.0,0.0,0.0,0,0,0,0,0,0,0,0,0,0,0,0,0,0,0,0,0,0,0,0,0
238,20252026,Regular,MTL,32,Laura Stacey,RW,20.7,0.145296,0.0,0.0,0,0,0,0,0,0,0,0,0,0,-2,0,0,2,0,0,0,0,0,0,0
238,20252026,Regular,MTL,84,Kati Tabin,RD,25.483333333333334,0.239558,0.0,0.0,0,0,0,0,0,0,0,0,0,0,-1,0,0,3,0,0,0,0,0,0,0
238,20252026,Regular,MTL,42,Abby Roque,LW,21.5,0.40734000000000004,0.0,0.0,1,0,0,0,0,0,0,0,0,0,-1,0,1,5,0,0,0,0,0,8,3
238,20252026,Regular,MTL,39,Alexandra Labelle,C,8.833333333333334,0.0,0.0,0.0,0,0,0,0,0,0,0,0,0,0,1,2,0,0,0,0,0,0,0,3,2
238,20252026,Regular,MTL,61,Hayley Scamurra,C,16.166666666666668,0.051034,0.0,0.0,0,0,0,0,0,0,0,0,0,0,0,0,1,1,0,0,0,0,0,9,3
238,20252026,Regular,MTL,199,Dara Greig,LW,7.7,0.0,0.0,0.0,0,0,0,0,0,0,0,0,0,0,0,0,2,0,0,0,0,0,0,0,0
238,20252026,Regular,MTL,128,Kaitlin Willoughby,RW,11.483333333333333,0.145296,0.0,0.0,0,0,0,0,1,0,0,0,0,0,1,0,0,2,0,0,0,0,0,1,1
238,20252026,Regular,MTL,98,Maureen Murphy,RW,16.7,0.145296,0.0,0.0,0,0,0,0,0,0,0,0,0,0,0,0,1,2,0,0,0,0,0,0,0
238,20252026,Regular,MTL,5,Jessica DiGirolamo,LD,17.416666666666668,0.15310200000000002,0.0,0.0,0,0,0,0,0,0,0,0,0,0,0,0,0,3,0,0,0,0,0,0,0
238,20252026,Regular,MTL,83,Erin Ambrose,RD,18.2,0.102068,0.0,0.0,0,0,0,0,0,0,0,0,0,0,0,0,0,2,0,0,0,0,0,0,0
238,20252026,Regular,MTL,4,Shiann Darkangelo,C,18.416666666666668,0.094262,0.0,0.0,0,0,0,0,0,0,0,0,0,0,0,0,1,1,0,0,0,0,0,16,10
238,20252026,Regular,MTL,157,Catherine Dubois,LW,10.133333333333333,0.051034,0.0,0.0,0,0,0,0,0,0,0,0,0,0,0,0,1,1,0,0,0,0,0,0,0
238,20252026,Regular,MTL,31,Marie-Philip Poulin,C,21.433333333333334,0.145296,0.0,0.0,0,0,0,0,0,1,0,0,0,0,-2,0,0,2,0,0,0,0,0,17,14
238,20252026,Regular,MTL,51,Amanda Boulier,RD,13.833333333333334,0.094262,0.0,0.0,0,0,0,0,0,0,0,0,0,0,0,2,0,1,0,0,0,0,0,0,0
238,20252026,Regular,MTL,253,Nicole Gosling,LD,20.566666666666666,0.094262,0.0,0.0,0,0,0,0,0,0,0,0,0,0,-1,0,1,1,0,0,0,0,0,0,0
238,20252026,Regular,MTL,272,Skylar Irving,RW,7.933333333333334,0.051034,0.0,0.0,0,0,0,0,0,0,0,0,0,0,0,0,0,1,0,0,0,0,0,0,0
238,20252026,Regular,MTL,79,Maggie Flaherty,LD,19.1,0.051034,0.0,0.0,0,0,0,0,0,0,0,0,0,0,0,2,1,1,0,0,0,0,0,0,0
238,20252026,Regular,MTL,274,Natálie Mlýnková,LW,14.8,0.145296,0.0,0.0,0,0,0,0,0,0,0,0,0,0,0,0,0,2,0,0,0,0,0,0,0
238,20252026,Regular,MTL,48,Sandra Abstreiter,G,0.0,0.0,0.0,0.0,0,0,0,0,0,0,0,0,0,0,0,0,0,0,0,0,0,0,0,0,0
238,20252026,Regular,MTL,28,Ann-Renée Desbiens,G,57.31666666666667,0.0,0.0,0.0,0,0,0,0,0,0,0,0,0,0,0,0,0,0,0,0,0,0,0,0,0
238,20252026,Regular,TOR,132,Jessica Kondas,LD,14.233333333333333,0.0,0.0,0.0,0,0,0,0,0,0,0,0,0,0,0,0,1,0,0,0,0,0,0,0,0
238,20252026,Regular,TOR,68,Kali Flanagan,RD,23.866666666666667,0.0,0.0,0.0,0,0,0,0,0,0,0,0,0,0,-1,0,0,0,0,0,0,0,0,0,0
238,20252026,Regular,TOR,116,Clair DeGeorge,C,0.6166666666666667,0.051034,0.0,0.0,0,0,0,0,0,0,0,0,0,0,0,2,0,1,0,0,0,0,0,0,0
238,20252026,Regular,TOR,63,Daryl Watts,LW,18.55,0.45837400000000006,0.0,0.0,1,0,0,0,0,0,0,0,0,0,0,0,0,6,0,0,0,0,0,0,0
238,20252026,Regular,TOR,311,Hanna Baskin,RD,6.583333333333333,0.0,0.0,0.0,0,0,0,0,0,0,0,0,0,0,0,0,0,0,0,0,0,0,0,0,0
238,20252026,Regular,TOR,317,Kiara Zanon,LW,11.033333333333333,0.051034,0.0,0.0,0,0,0,0,0,1,0,0,0,0,1,0,0,1,0,0,0,0,0,0,0
238,20252026,Regular,TOR,56,Savannah Harmon,LD,25.5,0.051034,0.0,0.0,0,0,0,0,0,0,0,0,0,0,1,0,1,1,0,0,0,0,0,0,0
238,20252026,Regular,TOR,44,Ella Shelton,LD,31.7,0.102068,0.0,0.0,0,0,0,0,0,0,0,0,0,0,0,0,0,2,0,0,0,0,0,1,0
238,20252026,Regular,TOR,65,Jesse Compher,RW,16.066666666666666,0.399534,0.0,0.0,1,0,0,0,0,0,0,0,0,0,2,2,0,4,0,0,0,0,0,0,0
238,20252026,Regular,TOR,313,Sara Hjalmarsson,LW,8.433333333333334,0.094262,0.0,0.0,0,0,0,0,0,0,0,0,0,0,0,2,0,1,0,0,0,0,0,0,0
238,20252026,Regular,TOR,244,Emma Gentry,C,13.683333333333334,0.051034,0.0,0.0,0,0,0,0,0,0,0,0,0,0,0,0,0,1,0,0,0,0,0,9,2
238,20252026,Regular,TOR,66,Maggie Connors,LW,14.466666666666667,0.051034,0.0,0.0,0,0,0,0,0,0,0,0,0,0,0,0,1,1,0,0,0,0,0,1,0
238,20252026,Regular,TOR,100,Natalie Spooner,RW,16.866666666666667,0.145296,0.0,0.0,0,0,0,0,0,0,0,0,0,0,-1,0,0,2,0,0,0,0,0,1,0
238,20252026,Regular,TOR,316,Clara Van Wieren,C,9.966666666666667,0.0,0.0,0.0,0,0,0,0,0,0,0,0,0,0,0,0,0,0,0,0,0,0,0,7,4
238,20252026,Regular,TOR,73,Emma Maltais,C,19.633333333333333,0.0,0.0,0.0,0,0,0,0,0,0,0,0,0,0,-1,0,0,0,0,0,0,0,0,16,3
238,20252026,Regular,TOR,76,Blayre Turnbull,C,17.333333333333332,0.102068,0.0,0.0,0,0,0,0,2,0,0,0,0,0,2,2,1,2,0,0,0,0,0,19,12
238,20252026,Regular,TOR,26,Claire Dalton,RW,15.316666666666666,0.19633,0.0,0.0,0,0,0,0,0,0,0,0,0,0,0,0,0,3,0,0,0,0,0,0,0
238,20252026,Regular,TOR,86,Emma Woods,RW,8.116666666666667,0.0,0.0,0.0,0,0,0,0,0,0,0,0,0,0,0,0,0,0,0,0,0,0,0,0,0
238,20252026,Regular,TOR,200,Anna Kjellbin,RD,14.35,0.0,0.0,0.0,0,0,0,0,0,1,0,0,0,0,2,0,0,0,0,0,0,0,0,0,0
238,20252026,Regular,TOR,211,Raygan Kirk,G,0.0,0.0,0.0,0.0,0,0,0,0,0,0,0,0,0,0,0,0,0,0,0,0,0,0,0,0,0
238,20252026,Regular,TOR,85,Elaine Chuli,G,60.0,0.0,0.0,0.0,0,0,0,0,0,0,0,0,0,0,0,0,0,0,0,0,0,0,0,0,0
239,20252026,Regular,VAN,310,Madison Samoskevich,LD,6.8,0.0,0.0,0.0,0,0,0,0,0,0,0,0,0,0,0,2,0,0,0,0,0,0,0,0,0
239,20252026,Regular,VAN,209,Izzy Daniel,RW,10.466666666666667,0.254238,0.0,0.0,1,0,0,0,0,0,0,0,0,0,1,0,1,2,0,0,0,0,0,0,0
239,20252026,Regular,VAN,301,Katie Chan,RW,11.75,0.094262,0.0,0.0,0,0,0,0,0,0,0,0,0,0,0,0,0,1,0,0,0,0,0,0,0
239,20252026,Regular,VAN,180,Sydney Bard,RD,18.9,0.051034,0.0,0.0,0,0,0,0,0,0,0,0,0,0,0,0,3,1,0,0,0,0,0,0,0
239,20252026,Regular,VAN,198,Jenn Gardiner,LW,16.066666666666666,0.102068,0.0,0.0,0,0,0,0,0,0,0,0,0,0,-1,0,1,2,0,0,0,0,0,1,1
239,20252026,Regular,VAN,161,Tereza Vanišová,LW,15.416666666666666,0.051034,0.0,0.0,0,0,0,0,0,0,0,0,0,0,0,0,1,1,0,0,0,0,0,2,1
239,20252026,Regular,VAN,227,Gabby Rosenthal,C,15.766666666666667,0.0,0.0,0.0,0,0,0,0,0,0,0,0,0,0,0,4,0,0,0,0,0,0,0,13,5
239,20252026,Regular,VAN,11,Sophie Jaques,RD,22.116666666666667,0.19633,0.0,0.0,0,0,0,0,0,0,0,0,0,0,0,0,0,3,0,0,0,0,0,0,0
239,20252026,Regular,VAN,50,Ashton Bell,RD,17.766666666666666,0.051034,0.0,0.0,0,0,0,0,0,1,0,0,0,0,1,0,0,1,0,0,0,0,0,0,0
239,20252026,Regular,VAN,114,Abby Boreen,RW,15.1,0.290592,0.0,0.0,0,0,0,0,0,0,0,0,0,0,0,0,2,4,0,0,0,0,0,7,4
239,20252026,Regular,VAN,129,Mellissa Channell-Watkins,LD,17.933333333333334,0.0,0.0,0.0,0,0,0,0,0,0,0,0,0,0,0,0,3,0,0,0,0,0,0,0,0
239,20252026,Regular,VAN,118,Emma Greco,D,4.766666666666667,0.094262,0.0,0.0,0,0,0,0,0,0,0,0,0,0,1,0,0,1,0,0,0,0,0,0,0
239,20252026,Regular,VAN,192,Brooke McQuigge,LW,9.25,0.094262,0.0,0.0,0,0,0,0,0,0,0,0,0,0,1,2,1,1,0,0,0,0,0,0,0
239,20252026,Regular,VAN,252,Michelle Karvinen,LW,16.783333333333335,0.145296,0.0,0.0,0,0,0,0,0,0,0,0,0,0,-1,0,1,2,0,0,0,0,0,0,0
239,20252026,Regular,VAN,89,Hannah Miller,C,18.1,0.298398,0.0,0.0,0,0,0,0,0,0,0,0,0,0,0,0,0,5,0,0,0,0,0,15,8
239,20252026,Regular,VAN,169,Claire Thompson,LD,20.333333333333332,0.102068,0.0,0.0,0,0,0,0,0,0,0,0,0,0,-1,2,1,2,0,0,0,0,0,0,0
239,20252026,Regular,VAN,248,Anna Segedi,C,11.933333333333334,0.0,0.0,0.0,0,0,0,0,0,0,0,0,0,0,0,0,1,0,0,0,0,0,0,12,8
239,20252026,Regular,VAN,306,Darcie Lappan,C,9.55,0.051034,0.0,0.0,0,0,0,0,1,0,0,0,0,0,1,0,0,1,0,0,0,0,0,10,1
239,20252026,Regular,VAN,115,Michela Cava,RW,13.083333333333334,0.051034,0.0,0.0,0,0,0,0,0,0,0,0,0,0,0,0,1,1,0,0,0,0,0,1,0
239,20252026,Regular,VAN,59,Emerance Maschmeyer,G,62.95,0.0,0.0,0.0,0,0,0,0,0,0,0,0,0,0,0,0,0,0,0,0,0,0,0,0,0
239,20252026,Regular,VAN,64,Kristen Campbell,G,0.0,0.0,0.0,0.0,0,0,0,0,0,0,0,0,0,0,0,0,0,0,0,0,0,0,0,0,0
239,20252026,Regular,MIN,24,Lee Stecklein,LD,22.866666666666667,0.102068,0.0,0.0,0,0,0,0,0,0,0,0,0,0,0,0,1,2,0,0,0,0,0,0,0
239,20252026,Regular,MIN,236,Kendall Cooper,RD,20.533333333333335,0.051034,0.0,0.0,0,0,0,0,0,0,0,1,0,0,-1,0,0,1,0,0,0,0,0,0,0
239,20252026,Regular,MIN,167,Sidney Morin,LD,20.0,0.0,0.0,0.0,0,0,0,0,0,1,0,0,0,0,1,0,1,0,0,0,0,0,0,0,0
239,20252026,Regular,MIN,191,Katy Knoll,RW,13.416666666666666,0.188524,0.0,0.0,0,0,0,0,0,0,0,0,0,0,0,2,0,2,0,0,0,0,0,0,0
239,20252026,Regular,MIN,102,Claire Butorac,RW,8.183333333333334,0.0,0.0,0.0,0,0,0,0,0,0,0,0,0,0,0,0,2,0,0,0,0,0,0,1,0
239,20252026,Regular,MIN,23,Kelly Pannek,C,16.833333333333332,0.145296,0.0,0.0,0,0,0,0,0,0,0,0,0,0,0,0,0,2,0,0,0,0,0,19,14
239,20252026,Regular,MIN,25,Grace Zumwinkle,RW,14.666666666666666,0.298398,0.0,0.0,0,0,0,0,0,0,0,0,0,0,-1,0,0,5,0,0,0,0,0,1,0
239,20252026,Regular,MIN,195,Dominique Petrie,C,15.516666666666667,0.565572,0.0,0.0,0,0,0,0,0,0,0,0,0,0,-1,0,4,6,0,0,0,0,0,15,10
239,20252026,Regular,MIN,264,Brooke Becker,RD,12.883333333333333,0.051034,0.0,0.0,0,0,0,0,0,0,0,0,0,0,0,0,1,1,0,0,0,0,0,0,0
239,20252026,Regular,MIN,188,Mae Batherson,LD,18.8,0.19633,0.0,0.0,0,0,0,0,0,0,1,0,0,0,-1,0,0,3,0,0,0,0,0,1,0
239,20252026,Regular,MIN,90,Natalie Buchbinder,RD,16.033333333333335,0.051034,0.0,0.0,0,0,0,0,0,0,0,0,0,0,0,2,0,1,0,0,0,0,0,0,0
239,20252026,Regular,MIN,269,Vanessa Upson,LW,4.45,0.0,0.0,0.0,0,0,0,0,0,0,0,0,0,0,0,0,0,0,0,0,0,0,0,3,0
239,20252026,Regular,MIN,20,Kendall Coyne Schofield,LW,15.166666666666666,0.051034,0.0,0.0,0,0,0,0,0,0,0,0,0,0,0,0,0,1,0,0,0,0,0,0,0
239,20252026,Regular,MIN,21,Taylor Heise,C,15.716666666666667,0.399534,0.0,0.0,1,0,0,0,0,0,0,0,0,0,1,0,1,4,0,0,0,0,0,16,9
239,20252026,Regular,MIN,104,Denisa Křížová,LW,13.6,0.051034,0.0,0.0,0,0,0,0,0,0,0,0,0,0,-1,0,0,1,0,0,0,0,0,0,0
239,20252026,Regular,MIN,190,Klára Hymlárová,C,9.25,0.051034,0.0,0.0,0,0,0,0,0,0,0,0,0,0,0,2,2,1,0,0,0,0,0,5,0
239,20252026,Regular,MIN,247,Abby Hustler,LW,13.233333333333333,0.254238,0.0,0.0,0,1,0,0,0,0,0,0,0,0,0,0,1,2,0,0,0,0,0,0,0
239,20252026,Regular,MIN,189,Britta Curl-Salemme,RW,17.1,0.188524,0.0,0.0,0,0,0,0,1,0,0,0,0,0,1,0,1,2,0,0,0,0,0,0,0
239,20252026,Regular,MIN,263,Peyton Anderson,LW,5.4,0.051034,0.0,0.0,0,0,0,0,0,0,0,0,0,0,0,0,0,1,0,0,0,0,0,0,0
239,20252026,Regular,MIN,22,Nicole Hensley,G,0.0,0.0,0.0,0.0,0,0,0,0,0,0,0,0,0,0,0,0,0,0,0,0,0,0,0,0,0
239,20252026,Regular,MIN,123,Maddie Rooney,G,62.95,0.0,0.0,0.0,0,0,0,0,0,0,0,0,0,0,0,0,0,0,0,0,0,0,0,0,0
240,20252026,Regular,NY,206,Elle Hartje,RW,11.016666666666667,0.094262,0.0,0.0,0,0,0,0,1,0,0,0,0,0,0,0,0,1,0,0,0,0,0,0,0
240,20252026,Regular,NY,147,Savannah Norcross,RW,0.15,0.188524,0.0,0.0,0,0,0,0,0,0,0,0,0,0,0,0,0,2,0,0,0,0,0,0,0
240,20252026,Regular,NY,229,Maja Nylen Persson,RD,21.683333333333334,0.33382,0.0,0.0,0,0,0,0,0,0,0,0,0,0,-1,2,0,4,0,0,0,0,0,0,0
240,20252026,Regular,NY,205,Sarah Fillier,C,18.916666666666668,0.290592,0.0,0.0,0,0,0,0,0,0,0,1,0,0,-1,0,3,4,0,0,0,0,0,14,2
240,20252026,Regular,NY,87,Jaime Bourbonnais,RD,18.6,0.204136,0.0,0.0,0,0,0,0,0,2,0,1,0,0,2,0,1,4,0,0,0,0,0,0,0
240,20252026,Regular,NY,207,Lauren Bernard,LD,12.466666666666667,0.0,0.0,0.0,0,0,0,0,0,0,0,0,0,0,1,0,0,0,0,0,0,0,0,0,0
240,20252026,Regular,NY,9,Taylor Girard,RW,16.0,0.145296,0.0,0.0,0,0,0,0,0,0,1,0,0,0,0,0,2,2,0,0,0,0,0,0,0
240,20252026,Regular,NY,285,Maddi Wheeler,LW,14.4,0.34850000000000003,0.0,0.0,1,0,0,0,0,0,0,0,0,0,1,4,2,3,0,0,0,0,0,0,0
240,20252026,Regular,NY,40,Paetyn Levis,LW,14.35,0.0,0.0,0.0,0,0,0,0,0,0,1,0,0,0,-1,0,0,0,0,0,0,0,0,0,0
240,20252026,Regular,NY,230,Allyson Simpson,RD,17.866666666666667,0.0,0.0,0.0,0,0,0,0,0,0,0,0,0,0,-2,0,1,0,0,0,0,0,0,0,0
240,20252026,Regular,NY,277,Anna Bargman,RW,4.55,0.0,0.0,0.0,0,0,0,0,0,0,0,0,0,0,0,0,0,0,0,0,0,0,0,0,0
240,20252026,Regular,NY,249,Anne Cherkowski,RW,16.083333333333332,0.24736400000000003,0.0,0.0,0,0,0,0,0,0,0,0,0,0,0,0,0,4,0,0,0,0,0,0,0
240,20252026,Regular,NY,280,Casey O'Brien,C,22.566666666666666,0.57419,0.0,0.0,1,2,0,0,0,0,0,0,0,0,-1,0,0,4,0,0,0,0,0,24,13
240,20252026,Regular,NY,47,Micah Zandee-Hart,LD,19.483333333333334,0.102068,0.0,0.0,0,0,0,0,0,0,0,0,0,0,-2,0,0,2,0,0,0,0,0,0,0
240,20252026,Regular,NY,204,Emmy Fecteau,LW,5.65,0.0,0.0,0.0,0,0,0,0,0,0,0,0,0,0,0,0,3,0,0,0,0,0,0,0,0
240,20252026,Regular,NY,30,Kristin O'Neill,C,16.05,0.47911600000000004,0.0,0.0,0,0,0,0,1,0,0,0,0,0,1,0,1,6,0,0,0,0,0,20,9
240,20252026,Regular,NY,60,Jincy Roese,LD,12.566666666666666,0.0,0.0,0.0,0,0,0,0,0,0,0,0,0,0,-1,2,0,0,0,0,0,0,0,0,0
240,20252026,Regular,NY,45,Kayla Vespa,C,4.666666666666667,0.094262,0.0,0.0,0,0,0,0,0,0,0,0,0,0,0,0,0,1,0,0,0,0,0,4,1
240,20252026,Regular,NY,245,Kristýna Kaltounková,LW,20.533333333333335,0.33382,0.0,0.0,0,0,0,0,0,0,0,0,0,0,0,0,2,4,0,0,0,0,0,0,0
240,20252026,Regular,NY,282,Callie Shanahan,G,0.0,0.0,0.0,0.0,0,0,0,0,0,0,0,0,0,0,0,0,0,0,0,0,0,0,0,0,0
240,20252026,Regular,NY,228,Kayle Osborne,G,60.0,0.0,0.0,0.0,0,0,0,0,0,0,0,0,0,0,0,0,0,0,0,0,0,0,0,0,0
240,20252026,Regular,SEA,62,Aneta Tejralová,RD,3.55,0.0,0.0,0.0,0,0,0,0,0,0,0,0,0,0,1,15,0,0,0,0,0,0,0,0,0
240,20252026,Regular,SEA,196,Cayla Barnes,RD,22.083333333333332,0.34162600000000004,0.0,0.0,0,0,0,0,0,0,0,0,0,0,0,0,0,5,0,0,0,0,0,0,0
240,20252026,Regular,SEA,203,Anna Wilgren,LD,21.45,0.239558,0.0,0.0,0,0,0,0,0,0,0,0,0,0,-1,2,2,3,0,0,0,0,0,0,0
240,20252026,Regular,SEA,291,Lily Delianedis,C,4.566666666666666,0.0,0.0,0.0,0,0,0,0,0,0,0,0,0,0,0,0,0,0,0,0,0,0,0,2,0
240,20252026,Regular,SEA,142,Natalie Snodgrass,LW,13.416666666666666,0.094262,0.0,0.0,0,0,0,0,1,0,0,0,0,0,1,0,0,1,0,0,0,0,0,0,0
240,20252026,Regular,SEA,36,Jessie Eldridge,RW,12.15,0.0,0.0,0.0,0,0,0,0,0,0,0,0,0,0,-2,2,1,0,0,0,0,0,0,2,0
240,20252026,Regular,SEA,2,Emily Brown,RD,20.066666666666666,0.051034,0.0,0.0,0,0,0,0,0,0,0,0,0,0,-1,0,0,1,0,0,0,0,0,0,0
240,20252026,Regular,SEA,138,Mikyla Grant-Mentis,C,11.966666666666667,0.34850000000000003,0.0,0.0,1,0,0,0,1,0,0,0,0,0,2,0,0,3,0,0,0,0,0,13,9
240,20252026,Regular,SEA,91,Brooke Bryant,RW,6.35,0.0,0.0,0.0,0,0,0,0,0,0,0,0,0,0,0,0,0,0,0,0,0,0,0,0,0
240,20252026,Regular,SEA,181,Hannah Bilka,LW,12.166666666666666,0.094262,0.0,0.0,0,0,0,0,0,0,0,0,0,0,0,0,0,1,0,0,0,0,0,1,1
240,20252026,Regular,SEA,99,Mariah Keopple,LD,15.616666666666667,0.0,0.0,0.0,0,0,0,0,0,0,0,0,0,0,0,0,0,0,0,0,0,0,0,0,0
240,20252026,Regular,SEA,13,Hilary Knight,RW,21.0,0.33382,0.0,0.0,0,0,0,0,0,1,0,0,0,0,0,0,0,4,0,0,0,0,0,1,1
240,20252026,Regular,SEA,294,Lyndie Lobdell,RD,8.616666666666667,0.0,0.0,0.0,0,0,0,0,0,1,0,0,0,0,1,0,0,0,0,0,0,0,0,0,0
240,20252026,Regular,SEA,34,Alex Carpenter,C,20.533333333333335,0.377048,0.0,0.0,0,0,0,0,0,0,0,0,0,0,0,2,0,4,0,0,0,0,0,28,19
240,20252026,Regular,SEA,208,Megan Carter,LD,16.0,0.15310200000000002,0.0,0.0,0,0,0,0,1,0,0,0,0,0,2,0,3,3,0,0,0,0,0,0,0
240,20252026,Regular,SEA,295,Marah Wagner,F,10.383333333333333,0.051034,0.0,0.0,0,0,0,0,0,0,0,0,0,0,0,0,2,1,0,0,0,0,0,0,0
240,20252026,Regular,SEA,49,Lexie Adzija,RW,15.416666666666666,0.159976,0.0,0.0,1,0,0,0,0,0,0,0,0,0,2,0,1,1,0,0,0,0,0,1,0
240,20252026,Regular,SEA,210,Julia Gosling,LW,19.3,0.341626,0.0,0.0,0,0,0,0,0,0,0,0,0,0,0,0,0,5,0,0,0,0,0,0,0
240,20252026,Regular,SEA,224,Danielle Serdachny,C,13.616666666666667,0.159976,0.0,0.0,1,0,0,0,0,0,0,0,0,0,-1,2,2,1,0,0,0,0,0,14,7
240,20252026,Regular,SEA,155,Corinne Schroeder,G,0.0,0.0,0.0,0.0,0,0,0,0,0,0,0,0,0,0,0,0,0,0,0,0,0,0,0,0,0
240,20252026,Regular,SEA,250,Hannah Murphy,G,58.35,0.0,0.0,0.0,0,0,0,0,0,1,0,0,0,0,0,0,0,0,0,0,0,0,0,0,0
241,20252026,Regular,TOR,132,Jessica Kondas,LD,12.766666666666667,0.102068,0.0,0.0,0,0,0,0,0,0,0,0,0,0,0,0,2,2,0,0,0,0,0,0,0
241,20252026,Regular,TOR,68,Kali Flanagan,RD,22.666666666666668,0.051034,0.0,0.0,0,0,0,0,0,0,0,0,0,0,-2,0,0,1,0,0,0,0,0,0,0
241,20252026,Regular,TOR,63,Daryl Watts,LW,20.366666666666667,0.40734000000000004,0.0,0.0,1,0,0,0,0,0,0,0,0,0,0,0,1,5,0,0,0,0,0,0,0
241,20252026,Regular,TOR,311,Hanna Baskin,LD,0.0,0.0,0.0,0.0,0,0,0,0,0,0,0,0,0,0,0,0,0,0,0,0,0,0,0,0,0
241,20252026,Regular,TOR,317,Kiara Zanon,LW,14.416666666666666,0.051034,0.0,0.0,0,0,0,0,0,0,0,0,0,0,-2,0,0,1,0,0,0,0,0,0,0
241,20252026,Regular,TOR,67,Renata Fast,RD,21.133333333333333,0.102068,0.0,0.0,0,0,0,0,1,0,0,0,0,0,0,0,1,2,0,0,0,0,0,0,0
241,20252026,Regular,TOR,56,Savannah Harmon,LD,21.083333333333332,0.239558,0.0,0.0,0,0,0,0,0,0,0,0,0,0,-3,0,0,3,0,0,0,0,0,0,0
241,20252026,Regular,TOR,44,Ella Shelton,LD,24.55,0.145296,0.0,0.0,0,0,0,0,0,1,0,0,0,0,0,2,1,2,0,0,0,0,0,0,0
241,20252026,Regular,TOR,65,Jesse Compher,RW,17.716666666666665,0.188524,0.0,0.0,0,0,0,0,0,0,0,0,0,0,-1,0,2,2,0,0,0,0,0,0,0
241,20252026,Regular,TOR,313,Sara Hjalmarsson,LW,11.583333333333334,0.145296,0.0,0.0,0,0,0,0,0,0,0,0,0,0,-1,0,0,2,0,0,0,0,0,1,1
241,20252026,Regular,TOR,244,Emma Gentry,C,11.966666666666667,0.094262,0.0,0.0,0,0,0,0,0,0,0,0,0,0,-1,0,1,1,0,0,0,0,0,9,3
241,20252026,Regular,TOR,66,Maggie Connors,LW,10.516666666666667,0.239558,0.0,0.0,0,0,0,0,0,0,0,0,0,0,0,2,0,3,0,0,0,0,0,0,0
241,20252026,Regular,TOR,100,Natalie Spooner,RW,15.25,0.239558,0.0,0.0,0,0,0,0,0,0,0,0,0,0,-2,0,0,3,0,0,0,0,0,0,0
241,20252026,Regular,TOR,316,Clara Van Wieren,C,11.516666666666667,0.094262,0.0,0.0,0,0,0,0,0,0,0,0,0,0,0,2,1,1,0,0,0,0,0,7,5
241,20252026,Regular,TOR,73,Emma Maltais,C,16.0,0.094262,0.0,0.0,0,0,0,0,0,0,0,0,0,0,0,0,0,1,0,0,0,0,0,9,5
241,20252026,Regular,TOR,76,Blayre Turnbull,C,18.333333333333332,0.094262,0.0,0.0,0,0,0,0,0,0,0,0,0,0,-2,0,2,1,0,0,0,0,0,17,6
241,20252026,Regular,TOR,26,Claire Dalton,RW,15.15,0.051034,0.0,0.0,0,0,0,0,0,0,0,0,0,0,-1,0,2,1,0,0,0,0,0,0,0
241,20252026,Regular,TOR,86,Emma Woods,RW,9.75,0.094262,0.0,0.0,0,0,0,0,0,0,0,0,0,0,0,0,0,1,0,0,0,0,0,0,0
241,20252026,Regular,TOR,200,Anna Kjellbin,RD,13.333333333333334,0.0,0.0,0.0,0,0,0,0,0,0,0,0,0,0,-1,0,0,0,0,0,0,0,0,1,0
241,20252026,Regular,TOR,211,Raygan Kirk,G,17.533333333333335,0.0,0.0,0.0,0,0,0,0,0,0,0,0,0,0,0,0,0,0,0,0,0,0,0,0,0
241,20252026,Regular,TOR,85,Elaine Chuli,G,40.0,0.0,0.0,0.0,0,0,0,0,0,0,0,0,0,0,0,0,0,0,0,0,0,0,0,0,0
241,20252026,Regular,MIN,24,Lee Stecklein,LD,20.55,0.102068,0.0,0.0,0,0,0,0,0,0,0,0,0,0,2,0,0,2,0,0,0,0,0,0,0
241,20252026,Regular,MIN,236,Kendall Cooper,RD,22.616666666666667,0.094262,0.0,0.0,0,0,0,0,1,0,0,0,0,0,2,0,0,1,0,0,0,0,0,0,0
241,20252026,Regular,MIN,167,Sidney Morin,LD,19.166666666666668,0.0,0.0,0.0,0,0,0,0,1,0,0,0,0,0,0,0,1,0,0,0,0,0,0,0,0
241,20252026,Regular,MIN,191,Katy Knoll,RW,10.716666666666667,0.159976,0.0,0.0,1,0,0,0,0,0,0,0,0,0,1,0,0,1,0,0,0,0,0,1,1
241,20252026,Regular,MIN,102,Claire Butorac,RW,10.2,0.0,0.0,0.0,0,0,0,0,0,0,0,0,0,0,0,0,0,0,0,0,0,0,0,0,0
241,20252026,Regular,MIN,23,Kelly Pannek,C,14.783333333333333,0.094262,0.0,0.0,0,0,0,0,0,0,0,0,0,0,2,0,0,1,0,0,0,0,0,11,7
241,20252026,Regular,MIN,25,Grace Zumwinkle,RW,16.083333333333332,0.159976,0.0,0.0,0,1,0,0,0,0,0,0,0,0,0,0,1,1,0,0,0,0,0,1,0
241,20252026,Regular,MIN,195,Dominique Petrie,C,18.15,0.282786,0.0,0.0,0,0,0,0,0,0,0,0,0,0,0,2,5,3,0,0,0,0,0,14,5
241,20252026,Regular,MIN,264,Brooke Becker,RD,14.766666666666667,0.0,0.0,0.0,0,0,0,0,0,0,0,0,0,0,-1,0,0,0,0,0,0,0,0,0,0
241,20252026,Regular,MIN,188,Mae Batherson,LD,22.566666666666666,0.102068,0.0,0.0,0,0,0,0,0,1,0,0,0,0,2,0,2,2,0,0,0,0,0,0,0
241,20252026,Regular,MIN,90,Natalie Buchbinder,RD,17.416666666666668,0.0,0.0,0.0,0,0,0,0,0,0,0,0,0,0,1,0,1,0,0,0,0,0,0,0,0
241,20252026,Regular,MIN,269,Vanessa Upson,LW,4.783333333333333,0.0,0.0,0.0,0,0,0,0,0,0,0,0,0,0,0,0,0,0,0,0,0,0,0,2,1
241,20252026,Regular,MIN,20,Kendall Coyne Schofield,LW,15.933333333333334,0.508476,0.0,0.0,1,0,0,1,0,0,1,0,0,0,2,0,0,4,0,0,0,0,0,0,0
241,20252026,Regular,MIN,21,Taylor Heise,C,13.4,0.188524,0.0,0.0,0,0,0,0,1,1,0,1,0,0,2,0,2,2,0,0,0,0,0,10,6
241,20252026,Regular,MIN,104,Denisa Křížová,LW,15.583333333333334,0.051034,0.0,0.0,0,0,0,0,0,0,0,0,0,0,-1,0,0,1,0,0,0,0,0,0,0
241,20252026,Regular,MIN,190,Klára Hymlárová,C,10.633333333333333,0.094262,0.0,0.0,0,0,0,0,0,0,0,0,0,0,-1,0,3,1,0,0,0,0,0,5,4
241,20252026,Regular,MIN,247,Abby Hustler,RW,19.15,0.239558,0.0,0.0,0,0,0,0,1,0,0,0,0,0,2,0,3,3,0,0,0,0,0,0,0
241,20252026,Regular,MIN,189,Britta Curl-Salemme,LW,15.633333333333333,0.38042200000000004,0.0,0.0,1,0,0,0,0,0,0,0,0,0,2,0,1,3,0,0,0,0,0,0,0
241,20252026,Regular,MIN,263,Peyton Anderson,LW,9.883333333333333,0.094262,0.0,0.0,0,0,0,0,0,0,0,0,0,0,0,0,0,1,0,0,0,0,0,0,0
241,20252026,Regular,MIN,22,Nicole Hensley,G,59.36666666666667,0.0,0.0,0.0,0,0,0,0,0,0,0,0,0,0,0,0,0,0,0,0,0,0,0,0,0
241,20252026,Regular,MIN,123,Maddie Rooney,G,0.0,0.0,0.0,0.0,0,0,0,0,0,0,0,0,0,0,0,0,0,0,0,0,0,0,0,0,0
242,20252026,Regular,NY,206,Elle Hartje,LW,13.483333333333333,0.0,0.0,0.0,0,0,0,0,0,0,0,0,0,0,0,0,1,0,0,0,0,0,0,1,1
242,20252026,Regular,NY,147,Savannah Norcross,RW,6.633333333333333,0.254238,0.0,0.0,1,0,0,0,0,0,0,0,0,0,1,2,1,2,0,0,0,0,0,0,0
242,20252026,Regular,NY,229,Maja Nylen Persson,RD,21.65,0.19633,0.0,0.0,0,0,0,0,0,0,0,0,0,0,0,2,0,3,0,0,0,0,0,0,0
242,20252026,Regular,NY,131,Olivia Knowles,RD,0.0,0.0,0.0,0.0,0,0,0,0,0,0,0,0,0,0,0,0,0,0,0,0,0,0,0,0,0
242,20252026,Regular,NY,87,Jaime Bourbonnais,RD,19.583333333333332,0.102068,0.0,0.0,0,0,0,0,0,0,0,0,0,0,0,0,4,2,0,0,0,0,0,0,0
242,20252026,Regular,NY,207,Lauren Bernard,LD,12.35,0.0,0.0,0.0,0,0,0,0,0,0,0,0,0,0,0,0,0,0,0,0,0,0,0,0,0
242,20252026,Regular,NY,9,Taylor Girard,RW,16.15,0.377048,0.0,0.0,0,0,0,0,0,0,0,0,0,0,0,0,0,4,0,0,0,0,0,0,0
242,20252026,Regular,NY,285,Maddi Wheeler,LW,17.566666666666666,0.102068,0.0,0.0,0,0,0,0,0,0,0,0,0,0,0,0,1,2,0,0,0,0,0,1,0
242,20252026,Regular,NY,40,Paetyn Levis,RW,17.766666666666666,0.094262,0.0,0.0,0,0,0,0,0,0,0,0,0,0,0,0,0,1,0,0,0,0,0,0,0
242,20252026,Regular,NY,230,Allyson Simpson,RD,17.866666666666667,0.051034,0.0,0.0,0,0,0,0,0,0,0,0,0,0,2,0,0,1,0,0,0,0,0,0,0
242,20252026,Regular,NY,277,Anna Bargman,LW,9.783333333333333,0.094262,0.0,0.0,0,0,0,0,1,0,0,0,0,0,1,4,0,1,0,0,0,0,0,2,2
242,20252026,Regular,NY,249,Anne Cherkowski,RW,18.35,0.15310200000000002,0.0,0.0,0,0,0,0,0,0,0,0,0,0,1,0,0,3,0,0,0,0,0,0,0
242,20252026,Regular,NY,280,Casey O'Brien,C,19.416666666666668,0.0,0.0,0.0,0,0,0,0,0,0,0,0,0,0,0,0,0,0,0,0,0,0,0,15,12
242,20252026,Regular,NY,47,Micah Zandee-Hart,LD,20.666666666666668,0.145296,0.0,0.0,0,0,0,0,0,0,0,0,0,0,0,0,0,2,0,0,0,0,0,0,0
242,20252026,Regular,NY,204,Emmy Fecteau,LW,5.933333333333334,0.0,0.0,0.0,0,0,0,0,1,0,0,0,0,0,1,0,0,0,0,0,0,0,0,0,0
242,20252026,Regular,NY,30,Kristin O'Neill,C,18.05,0.0,0.0,0.0,0,0,0,0,0,0,0,0,0,0,0,0,2,0,0,0,0,0,0,15,8
242,20252026,Regular,NY,60,Jincy Roese,LD,15.85,0.094262,0.0,0.0,0,0,0,0,0,0,0,0,0,0,2,0,1,1,0,0,0,0,0,0,0
242,20252026,Regular,NY,45,Kayla Vespa,C,6.033333333333333,0.0,0.0,0.0,0,0,0,0,0,1,0,0,0,0,1,0,0,0,0,0,0,0,0,6,3
242,20252026,Regular,NY,245,Kristýna Kaltounková,C,19.766666666666666,0.35630600000000007,0.0,0.0,1,0,0,0,0,0,0,0,0,0,1,0,0,4,0,0,0,0,0,11,6
242,20252026,Regular,NY,282,Callie Shanahan,G,0.0,0.0,0.0,0.0,0,0,0,0,0,0,0,0,0,0,0,0,0,0,0,0,0,0,0,0,0
242,20252026,Regular,NY,228,Kayle Osborne,G,60.0,0.0,0.0,0.0,0,0,0,0,0,0,0,0,0,0,0,0,0,0,0,0,0,0,0,0,0
242,20252026,Regular,VAN,310,Madison Samoskevich,LD,12.516666666666667,0.0,0.0,0.0,0,0,0,0,0,0,0,0,0,0,0,0,2,0,0,0,0,0,0,0,0
242,20252026,Regular,VAN,209,Izzy Daniel,RW,11.85,0.0,0.0,0.0,0,0,0,0,0,0,0,0,0,0,-1,0,0,0,0,0,0,0,0,0,0
242,20252026,Regular,VAN,301,Katie Chan,RW,5.733333333333333,0.051034,0.0,0.0,0,0,0,0,0,0,0,0,0,0,0,2,0,1,0,0,0,0,0,0,0
242,20252026,Regular,VAN,180,Sydney Bard,RD,13.616666666666667,0.0,0.0,0.0,0,0,0,0,0,0,0,0,0,0,-2,0,0,0,0,0,0,0,0,0,0
242,20252026,Regular,VAN,198,Jenn Gardiner,LW,20.366666666666667,0.290592,0.0,0.0,0,0,0,0,0,0,0,0,0,0,0,0,1,4,0,0,0,0,0,1,0
242,20252026,Regular,VAN,161,Tereza Vanišová,LW,13.166666666666666,0.094262,0.0,0.0,0,0,0,0,0,0,0,0,0,0,-1,0,1,1,0,0,0,0,0,1,0
242,20252026,Regular,VAN,227,Gabby Rosenthal,C,17.466666666666665,0.19633,0.0,0.0,0,0,0,0,0,0,0,0,0,0,0,4,1,3,0,0,0,0,0,13,8
242,20252026,Regular,VAN,11,Sophie Jaques,RD,26.866666666666667,0.247364,0.0,0.0,0,0,0,0,0,0,0,0,0,0,-1,0,0,4,0,0,0,0,0,0,0
242,20252026,Regular,VAN,50,Ashton Bell,RD,21.016666666666666,0.051034,0.0,0.0,0,0,0,0,0,0,0,0,0,0,0,0,1,1,0,0,0,0,0,0,0
242,20252026,Regular,VAN,114,Abby Boreen,RW,17.333333333333332,0.239558,0.0,0.0,0,0,0,0,0,0,0,0,0,0,0,2,0,3,0,0,0,0,0,5,0
242,20252026,Regular,VAN,129,Mellissa Channell-Watkins,LD,23.25,0.094262,0.0,0.0,0,0,0,0,0,0,0,0,0,0,0,0,1,1,0,0,0,0,0,0,0
242,20252026,Regular,VAN,118,Emma Greco,LD,12.583333333333334,0.0,0.0,0.0,0,0,0,0,0,0,0,0,0,0,-1,2,2,0,0,0,0,0,0,0,0
242,20252026,Regular,VAN,192,Brooke McQuigge,LW,8.983333333333333,0.094262,0.0,0.0,0,0,0,0,0,0,0,0,0,0,-1,0,1,1,0,0,0,0,0,1,0
242,20252026,Regular,VAN,252,Michelle Karvinen,LW,17.833333333333332,0.188524,0.0,0.0,0,0,0,0,0,0,0,0,0,0,0,0,0,2,0,0,0,0,0,3,1
242,20252026,Regular,VAN,89,Hannah Miller,C,17.65,0.102068,0.0,0.0,0,0,0,0,0,0,0,0,0,0,0,0,0,2,0,0,0,0,0,11,4
242,20252026,Regular,VAN,248,Anna Segedi,C,10.016666666666667,0.188524,0.0,0.0,0,0,0,0,0,0,0,0,0,0,-2,0,0,2,0,0,0,0,0,8,3
242,20252026,Regular,VAN,306,Darcie Lappan,C,7.616666666666667,0.0,0.0,0.0,0,0,0,0,0,0,0,0,0,0,0,0,0,0,0,0,0,0,0,6,2
242,20252026,Regular,VAN,115,Michela Cava,RW,16.483333333333334,0.102068,0.0,0.0,0,0,0,0,0,0,0,0,0,0,-1,0,1,2,0,0,0,0,0,2,1
242,20252026,Regular,VAN,59,Emerance Maschmeyer,G,56.55,0.0,0.0,0.0,0,0,0,0,0,0,0,0,0,0,0,0,0,0,0,0,0,0,0,0,0
242,20252026,Regular,VAN,64,Kristen Campbell,G,0.0,0.0,0.0,0.0,0,0,0,0,0,0,0,0,0,0,0,0,0,0,0,0,0,0,0,0,0
243,20252026,Regular,NY,206,Elle Hartje,LW,14.95,0.0,0.0,0.0,0,0,0,0,0,0,0,0,0,0,1,0,2,0,0,0,0,0,0,0,0
243,20252026,Regular,NY,147,Savannah Norcross,RW,2.6,0.051034,0.0,0.0,0,0,0,0,0,0,0,0,0,0,0,0,0,1,0,0,0,0,0,0,0
243,20252026,Regular,NY,229,Maja Nylen Persson,RD,22.05,0.0,0.0,0.0,0,0,0,0,0,0,0,0,0,0,-1,0,0,0,0,0,0,0,0,0,0
243,20252026,Regular,NY,205,Sarah Fillier,LW,19.9,0.145296,0.0,0.0,0,0,0,0,1,0,0,0,0,0,1,0,2,2,0,0,0,0,0,12,7
243,20252026,Regular,NY,87,Jaime Bourbonnais,RD,21.966666666666665,0.145296,0.0,0.0,0,0,0,0,0,1,0,0,0,0,2,0,2,2,0,0,0,0,0,0,0
243,20252026,Regular,NY,207,Lauren Bernard,LD,17.483333333333334,0.0,0.0,0.0,0,0,0,0,0,0,0,0,0,0,1,0,2,0,0,0,0,0,0,0,0
243,20252026,Regular,NY,9,Taylor Girard,RW,19.266666666666666,0.145296,0.0,0.0,0,0,0,0,0,0,0,0,0,0,0,0,2,2,0,0,0,0,0,0,0
243,20252026,Regular,NY,285,Maddi Wheeler,LW,17.416666666666668,0.051034,0.0,0.0,0,0,0,0,1,0,0,0,0,0,-1,0,3,1,0,0,0,0,0,2,1
243,20252026,Regular,NY,40,Paetyn Levis,RW,17.233333333333334,0.21101,0.0,0.0,1,0,0,0,0,0,0,0,0,0,1,0,0,2,0,0,0,0,0,0,0
243,20252026,Regular,NY,230,Allyson Simpson,RD,15.95,0.0,0.0,0.0,0,0,0,0,0,0,0,0,0,0,1,0,0,0,0,0,0,0,0,0,0
243,20252026,Regular,NY,277,Anna Bargman,RW,1.6666666666666665,0.159976,0.0,0.0,1,0,0,0,0,0,0,0,0,0,1,0,0,1,0,0,0,0,0,0,0
243,20252026,Regular,NY,249,Anne Cherkowski,RW,15.266666666666667,0.102068,0.0,0.0,0,0,0,0,1,0,0,0,0,0,0,0,0,2,0,0,0,0,0,0,0
243,20252026,Regular,NY,280,Casey O'Brien,C,21.483333333333334,0.094262,0.0,0.0,0,0,0,0,1,0,0,0,0,0,2,0,0,1,0,0,0,0,0,16,7
243,20252026,Regular,NY,47,Micah Zandee-Hart,LD,18.25,0.0,0.0,0.0,0,0,0,0,0,0,0,0,0,0,0,0,4,0,0,0,0,0,0,1,0
243,20252026,Regular,NY,204,Emmy Fecteau,LW,2.066666666666667,0.0,0.0,0.0,0,0,0,0,0,0,0,0,0,0,0,2,1,0,0,0,0,0,0,0,0
243,20252026,Regular,NY,30,Kristin O'Neill,C,17.25,0.159976,0.0,0.0,1,0,0,0,0,0,0,0,0,0,-1,0,1,1,0,0,0,0,0,21,12
243,20252026,Regular,NY,60,Jincy Roese,LD,14.55,0.051034,0.0,0.0,0,0,0,0,0,1,0,0,0,0,2,0,0,1,0,0,0,0,0,0,0
243,20252026,Regular,NY,45,Kayla Vespa,C,3.3,0.0,0.0,0.0,0,0,0,0,0,0,0,0,0,0,0,0,0,0,0,0,0,0,0,5,0
243,20252026,Regular,NY,245,Kristýna Kaltounková,C,24.35,0.493796,0.0,0.0,1,0,0,0,0,0,0,0,0,0,1,0,6,5,0,0,0,0,0,10,1
243,20252026,Regular,NY,282,Callie Shanahan,G,0.0,0.0,0.0,0.0,0,0,0,0,0,0,0,0,0,0,0,0,0,0,0,0,0,0,0,0,0
243,20252026,Regular,NY,228,Kayle Osborne,G,59.916666666666664,0.0,0.0,0.0,0,0,0,0,0,0,0,0,0,0,0,0,0,0,0,0,0,0,0,0,0
243,20252026,Regular,MTL,32,Laura Stacey,RW,21.1,0.6901260000000001,0.0,0.0,1,0,0,0,0,0,0,0,0,0,1,2,0,8,0,0,0,0,0,0,0
243,20252026,Regular,MTL,84,Kati Tabin,RD,20.983333333333334,0.0,0.0,0.0,0,0,0,0,1,0,0,0,0,0,0,0,5,0,0,0,0,0,0,0,0
243,20252026,Regular,MTL,42,Abby Roque,LW,21.616666666666667,0.29839800000000005,0.0,0.0,0,0,0,0,1,0,0,1,0,0,-1,4,4,5,0,0,0,0,0,17,10
243,20252026,Regular,MTL,39,Alexandra Labelle,C,8.333333333333334,0.0,0.0,0.0,0,0,0,0,0,0,0,0,0,0,-2,0,0,0,0,0,0,0,0,4,3
243,20252026,Regular,MTL,61,Hayley Scamurra,C,16.083333333333332,0.38485400000000003,0.0,0.0,0,0,0,0,0,0,0,0,0,0,0,0,2,5,0,0,0,0,0,16,10
243,20252026,Regular,MTL,199,Dara Greig,LW,18.666666666666668,0.0,0.0,0.0,0,0,0,0,0,0,0,0,0,0,0,0,4,0,0,0,0,0,0,0,0
243,20252026,Regular,MTL,128,Kaitlin Willoughby,RW,7.366666666666666,0.145296,0.0,0.0,0,0,0,0,0,0,0,0,0,0,-2,0,0,2,0,0,0,0,0,0,0
243,20252026,Regular,MTL,98,Maureen Murphy,RW,13.1,0.051034,0.0,0.0,0,0,0,0,0,0,0,0,0,0,-1,0,0,1,0,0,0,0,0,0,0
243,20252026,Regular,MTL,5,Jessica DiGirolamo,LD,16.216666666666665,0.145296,0.0,0.0,0,0,0,0,0,0,0,0,0,0,-2,0,0,2,0,0,0,0,0,0,0
243,20252026,Regular,MTL,83,Erin Ambrose,RD,22.383333333333333,0.145296,0.0,0.0,0,0,0,0,0,0,1,0,0,0,1,0,1,2,0,0,0,0,0,0,0
243,20252026,Regular,MTL,4,Shiann Darkangelo,C,11.266666666666667,0.33382,0.0,0.0,0,0,0,0,0,0,0,0,0,0,-1,0,0,4,0,0,0,0,0,9,5
243,20252026,Regular,MTL,157,Catherine Dubois,LW,8.766666666666667,0.0,0.0,0.0,0,0,0,0,0,0,0,0,0,0,-1,0,0,0,0,0,0,0,0,0,0
243,20252026,Regular,MTL,31,Marie-Philip Poulin,C,20.583333333333332,0.337194,0.0,0.0,0,1,0,0,0,1,0,0,0,0,1,0,3,3,0,0,0,0,0,21,11
243,20252026,Regular,MTL,51,Amanda Boulier,RD,14.333333333333334,0.051034,0.0,0.0,0,0,0,0,0,0,0,0,0,0,-3,0,1,1,0,0,0,0,0,0,0
243,20252026,Regular,MTL,253,Nicole Gosling,LD,22.033333333333335,0.204136,0.0,0.0,0,0,0,0,0,1,0,0,0,0,0,0,1,4,0,0,0,0,0,0,0
243,20252026,Regular,MTL,35,Jade Downie-Landry,LW,8.733333333333333,0.051034,0.0,0.0,0,0,0,0,0,0,0,0,0,0,0,0,2,1,0,0,0,0,0,0,0
243,20252026,Regular,MTL,272,Skylar Irving,RW,5.8,0.094262,0.0,0.0,0,0,0,0,0,0,0,0,0,0,0,0,0,1,0,0,0,0,0,0,0
243,20252026,Regular,MTL,79,Maggie Flaherty,LD,20.183333333333334,0.25517,0.0,0.0,0,0,0,0,0,0,0,0,0,0,0,0,1,5,0,0,0,0,0,0,0
243,20252026,Regular,MTL,274,Natálie Mlýnková,LW,12.716666666666667,0.159976,0.0,0.0,1,0,0,0,0,0,0,0,0,0,1,0,0,1,0,0,0,0,0,0,0
243,20252026,Regular,MTL,270,Megan Warrener,G,0.0,0.0,0.0,0.0,0,0,0,0,0,0,0,0,0,0,0,0,0,0,0,0,0,0,0,0,0
243,20252026,Regular,MTL,48,Sandra Abstreiter,G,56.46666666666667,0.0,0.0,0.0,0,0,0,0,0,0,0,0,0,0,0,0,0,0,0,0,0,0,0,0,0
244,20252026,Regular,OTT,71,Jocelyne Larocque,LD,23.566666666666666,0.0,0.0,0.0,0,0,0,0,0,1,0,1,0,0,3,0,1,0,0,0,0,0,0,0,0
244,20252026,Regular,OTT,242,Rory Guilday,RD,23.183333333333334,0.145296,0.0,0.0,0,0,0,0,1,0,0,0,0,0,2,2,2,2,0,0,0,0,0,0,0
244,20252026,Regular,OTT,219,Stephanie Markowski,LD,17.8,0.0,0.0,0.0,0,0,0,0,0,0,0,0,0,0,1,0,0,0,0,0,0,0,0,0,0
244,20252026,Regular,OTT,101,Alexa Vasko,C,11.55,0.0,0.0,0.0,0,0,0,0,0,0,0,0,0,0,0,0,4,0,0,0,0,0,0,6,3
244,20252026,Regular,OTT,38,Brooke Hobson,LD,13.033333333333333,0.051034,0.0,0.0,0,0,0,0,0,0,0,0,0,0,-1,0,0,1,0,0,0,0,0,0,0
244,20252026,Regular,OTT,88,Kateřina Mrázová,C,17.816666666666666,0.21101,0.0,0.0,0,1,0,0,0,0,0,0,0,0,1,0,0,2,0,0,0,0,0,10,4
244,20252026,Regular,OTT,57,Gabbie Hughes,C,15.316666666666666,0.051034,0.0,0.0,0,0,0,0,0,0,0,0,0,0,0,0,0,1,0,0,0,0,0,13,5
244,20252026,Regular,OTT,220,Mannon McMahon,RW,11.383333333333333,0.051034,0.0,0.0,0,0,0,0,0,0,0,0,0,0,1,0,1,1,0,0,0,0,0,0,0
244,20252026,Regular,OTT,58,Brianne Jenner,C,19.283333333333335,0.319952,0.0,0.0,1,0,0,1,0,0,0,0,0,0,2,0,3,2,0,0,0,0,0,17,9
244,20252026,Regular,OTT,217,Taylor House,C,6.833333333333333,0.0,0.0,0.0,0,0,0,0,0,0,0,0,0,0,-1,0,2,0,0,0,0,0,0,2,0
244,20252026,Regular,OTT,241,Sarah Wozniewicz,LW,16.0,0.254238,0.0,0.0,1,0,0,0,1,1,0,0,0,0,3,0,1,2,0,0,0,0,0,0,0
244,20252026,Regular,OTT,53,Emily Clark,LW,18.283333333333335,0.159976,0.0,0.0,1,0,0,0,0,0,0,0,0,0,1,0,2,1,0,0,0,0,0,0,0
244,20252026,Regular,OTT,286,Peyton Hemp,RW,16.1,0.0,0.0,0.0,0,0,0,0,0,0,0,0,0,0,1,0,3,0,0,0,0,0,0,0,0
244,20252026,Regular,OTT,72,Rebecca Leslie,RW,16.7,0.290592,0.0,0.0,0,0,0,0,0,1,0,0,0,0,1,0,0,4,0,0,0,0,0,0,0
244,20252026,Regular,OTT,108,Samantha Isbell,RD,13.466666666666667,0.0,0.0,0.0,0,0,0,0,0,0,0,0,0,0,-1,0,2,0,0,0,0,0,0,0,0
244,20252026,Regular,OTT,240,Fanuza Kadirova,RW,9.266666666666667,0.0,0.0,0.0,0,0,0,0,0,0,0,0,0,0,0,0,1,0,0,0,0,0,0,0,0
244,20252026,Regular,OTT,223,Ronja Savolainen,RD,23.133333333333333,0.290592,0.0,0.0,0,0,0,0,1,0,0,0,0,0,2,0,1,4,0,0,0,0,0,0,0
244,20252026,Regular,OTT,221,Anna Meixner,LW,10.1,0.094262,0.0,0.0,0,0,0,0,0,0,0,0,0,0,0,0,1,1,0,0,0,0,0,0,0
244,20252026,Regular,OTT,239,Anna Shokhina,LW,9.666666666666666,0.051034,0.0,0.0,0,0,0,0,0,0,1,0,0,0,0,0,0,1,0,0,0,0,0,0,0
244,20252026,Regular,OTT,222,Gwyneth Philips,G,60.0,0.0,0.0,0.0,0,0,0,0,0,0,0,0,0,0,0,0,0,0,0,0,0,0,0,0,0
244,20252026,Regular,OTT,290,Kendra Woodland,G,0.0,0.0,0.0,0.0,0,0,0,0,0,0,0,0,0,0,0,0,0,0,0,0,0,0,0,0,0
244,20252026,Regular,MIN,24,Lee Stecklein,LD,24.25,0.145296,0.0,0.0,0,0,0,0,0,0,0,0,0,0,0,0,0,2,0,0,0,0,0,0,0
244,20252026,Regular,MIN,236,Kendall Cooper,RD,22.8,0.19633,0.0,0.0,0,0,0,0,0,0,0,1,0,0,-2,0,0,3,0,0,0,0,0,0,0
244,20252026,Regular,MIN,167,Sidney Morin,LD,19.183333333333334,0.0,0.0,0.0,0,0,0,0,0,0,0,0,0,0,-1,0,0,0,0,0,0,0,0,0,0
244,20252026,Regular,MIN,191,Katy Knoll,RW,16.7,0.094262,0.0,0.0,0,0,0,0,0,0,0,0,0,0,-1,2,2,1,0,0,0,0,0,0,0
244,20252026,Regular,MIN,102,Claire Butorac,RW,9.883333333333333,0.145296,0.0,0.0,0,0,0,0,0,0,0,0,0,0,-1,0,1,2,0,0,0,0,0,0,0
244,20252026,Regular,MIN,23,Kelly Pannek,C,18.216666666666665,0.159976,0.0,0.0,0,1,0,0,1,0,0,0,0,0,-1,0,0,1,0,0,0,0,0,16,9
244,20252026,Regular,MIN,25,Grace Zumwinkle,RW,14.616666666666667,0.051034,0.0,0.0,0,0,0,0,0,0,0,0,0,0,-1,0,0,1,0,0,0,0,0,1,0
244,20252026,Regular,MIN,195,Dominique Petrie,C,14.3,0.377048,0.0,0.0,0,0,0,0,0,0,0,0,0,0,0,0,3,4,0,0,0,0,0,11,8
244,20252026,Regular,MIN,264,Brooke Becker,RD,15.55,0.0,0.0,0.0,0,0,0,0,0,0,0,0,0,0,-1,2,0,0,0,0,0,0,0,0,0
244,20252026,Regular,MIN,188,Mae Batherson,LD,18.75,0.15310200000000002,0.0,0.0,0,0,0,0,0,0,1,0,0,0,-2,0,0,3,0,0,0,0,0,0,0
244,20252026,Regular,MIN,90,Natalie Buchbinder,RD,17.5,0.0,0.0,0.0,0,0,0,0,0,0,0,0,0,0,0,0,0,0,0,0,0,0,0,0,0
244,20252026,Regular,MIN,269,Vanessa Upson,LW,2.716666666666667,0.0,0.0,0.0,0,0,0,0,0,0,0,0,0,0,0,0,0,0,0,0,0,0,0,1,1
244,20252026,Regular,MIN,20,Kendall Coyne Schofield,LW,14.933333333333334,0.145296,0.0,0.0,0,0,0,0,0,0,0,0,0,0,-1,0,0,2,0,0,0,0,0,1,1
244,20252026,Regular,MIN,21,Taylor Heise,C,14.75,0.247364,0.0,0.0,0,0,0,0,0,0,0,0,0,0,-1,0,2,4,0,0,0,0,0,10,5
244,20252026,Regular,MIN,104,Denisa Křížová,LW,14.466666666666667,0.0,0.0,0.0,0,0,0,0,0,0,0,0,0,0,0,0,0,0,0,0,0,0,0,0,0
244,20252026,Regular,MIN,190,Klára Hymlárová,C,11.2,0.145296,0.0,0.0,0,0,0,0,0,0,0,0,0,0,-1,0,1,2,0,0,0,0,0,8,3
244,20252026,Regular,MIN,247,Abby Hustler,RW,14.45,0.0,0.0,0.0,0,0,0,0,0,0,0,0,0,0,-1,0,0,0,0,0,0,0,0,0,0
244,20252026,Regular,MIN,189,Britta Curl-Salemme,LW,15.25,0.191898,0.0,0.0,1,0,0,0,0,0,0,0,0,0,-1,2,0,1,0,0,0,0,0,0,0
244,20252026,Regular,MIN,263,Peyton Anderson,LW,9.483333333333333,0.0,0.0,0.0,0,0,0,0,0,0,0,0,0,0,-1,2,1,0,0,0,0,0,0,0,0
244,20252026,Regular,MIN,22,Nicole Hensley,G,0.0,0.0,0.0,0.0,0,0,0,0,0,0,0,0,0,0,0,0,0,0,0,0,0,0,0,0,0
244,20252026,Regular,MIN,123,Maddie Rooney,G,60.0,0.0,0.0,0.0,0,0,0,0,0,0,0,0,0,0,0,0,0,0,0,0,0,0,0,0,0
245,20252026,Regular,TOR,132,Jessica Kondas,LD,3.2666666666666666,0.0,0.0,0.0,0,0,0,0,0,0,0,0,0,0,-1,2,0,0,0,0,0,0,0,0,0
245,20252026,Regular,TOR,68,Kali Flanagan,RD,27.016666666666666,0.051034,0.0,0.0,0,0,0,0,0,0,0,0,0,0,0,0,0,1,0,0,0,0,0,0,0
245,20252026,Regular,TOR,63,Daryl Watts,LW,23.066666666666666,0.40734000000000004,0.0,0.0,1,0,0,0,0,1,0,0,0,0,0,0,0,5,0,0,0,0,0,0,0
245,20252026,Regular,TOR,311,Hanna Baskin,LD,5.233333333333333,0.0,0.0,0.0,0,0,0,0,0,0,0,0,0,0,0,2,0,0,0,0,0,0,0,0,0
245,20252026,Regular,TOR,317,Kiara Zanon,LW,19.933333333333334,0.282786,0.0,0.0,0,0,0,0,0,0,0,0,0,0,1,0,0,3,0,0,0,0,0,0,0
245,20252026,Regular,TOR,67,Renata Fast,RD,23.666666666666668,0.051034,0.0,0.0,0,0,0,0,0,1,0,0,0,0,1,0,2,1,0,0,0,0,0,0,0
245,20252026,Regular,TOR,56,Savannah Harmon,LD,28.633333333333333,0.102068,0.0,0.0,0,0,0,0,0,0,0,0,0,0,-1,0,1,2,0,0,0,0,0,0,0
245,20252026,Regular,TOR,44,Ella Shelton,LD,23.833333333333332,0.15310200000000002,0.0,0.0,0,0,0,0,0,0,0,0,0,0,1,0,0,3,0,0,0,0,0,0,0
245,20252026,Regular,TOR,65,Jesse Compher,RW,21.116666666666667,0.239558,0.0,0.0,0,0,0,0,0,0,0,0,0,0,-1,0,0,3,0,0,0,0,0,1,1
245,20252026,Regular,TOR,313,Sara Hjalmarsson,LW,12.3,0.051034,0.0,0.0,0,0,0,0,0,0,0,0,0,0,-1,0,1,1,0,0,0,0,0,4,2
245,20252026,Regular,TOR,244,Emma Gentry,C,13.583333333333334,0.0,0.0,0.0,0,0,0,0,0,0,0,0,0,0,-1,0,0,0,0,0,0,0,0,2,1
245,20252026,Regular,TOR,66,Maggie Connors,LW,8.283333333333333,0.239558,0.0,0.0,0,0,0,0,0,0,0,0,0,0,-1,0,0,3,0,0,0,0,0,0,0
245,20252026,Regular,TOR,100,Natalie Spooner,RW,18.216666666666665,0.34850000000000003,0.0,0.0,1,0,0,0,0,0,0,0,0,0,1,0,2,3,0,0,0,0,0,0,0
245,20252026,Regular,TOR,316,Clara Van Wieren,C,7.066666666666666,0.0,0.0,0.0,0,0,0,0,0,0,0,0,0,0,0,0,0,0,0,0,0,0,0,6,1
245,20252026,Regular,TOR,73,Emma Maltais,C,21.066666666666666,0.094262,0.0,0.0,0,0,0,0,1,0,0,0,0,0,1,0,3,1,0,0,0,0,0,14,6
245,20252026,Regular,TOR,76,Blayre Turnbull,C,20.983333333333334,0.102068,0.0,0.0,0,0,0,0,1,0,0,0,0,0,1,0,2,2,0,0,0,0,0,14,7
245,20252026,Regular,TOR,26,Claire Dalton,RW,13.816666666666666,0.0,0.0,0.0,0,0,0,0,0,0,0,0,0,0,0,0,1,0,0,0,0,0,0,0,0
245,20252026,Regular,TOR,86,Emma Woods,RW,6.8,0.0,0.0,0.0,0,0,0,0,0,0,0,0,0,0,0,0,0,0,0,0,0,0,0,0,0
245,20252026,Regular,TOR,200,Anna Kjellbin,RD,9.733333333333333,0.0,0.0,0.0,0,0,0,0,0,0,0,0,0,0,0,0,0,0,0,0,0,0,0,0,0
245,20252026,Regular,TOR,211,Raygan Kirk,G,65.0,0.0,0.0,0.0,0,0,0,0,0,0,0,0,0,0,0,0,0,0,0,0,0,0,0,0,0
245,20252026,Regular,TOR,85,Elaine Chuli,G,0.0,0.0,0.0,0.0,0,0,0,0,0,0,0,0,0,0,0,0,0,0,0,0,0,0,0,0,0
245,20252026,Regular,SEA,196,Cayla Barnes,RD,23.55,0.25517,0.0,0.0,0,0,0,0,0,0,0,0,0,0,-1,0,0,5,0,0,0,0,0,0,0
245,20252026,Regular,SEA,203,Anna Wilgren,LD,24.283333333333335,0.102068,0.0,0.0,0,0,0,0,0,1,0,0,0,0,0,0,1,2,0,0,0,0,0,0,0
245,20252026,Regular,SEA,291,Lily Delianedis,C,5.666666666666667,0.0,0.0,0.0,0,0,0,0,0,0,0,0,0,0,0,2,2,0,0,0,0,0,0,3,1
245,20252026,Regular,SEA,142,Natalie Snodgrass,LW,17.533333333333335,0.15310200000000002,0.0,0.0,0,0,0,0,0,0,0,0,0,0,1,0,0,3,0,0,0,0,0,0,0
245,20252026,Regular,SEA,36,Jessie Eldridge,RW,16.433333333333334,0.145296,0.0,0.0,0,0,0,0,0,0,0,0,0,0,0,0,0,2,0,0,0,0,0,0,0
245,20252026,Regular,SEA,2,Emily Brown,RD,21.466666666666665,0.0,0.0,0.0,0,0,0,0,0,0,0,0,0,0,1,0,2,0,0,0,0,0,0,0,0
245,20252026,Regular,SEA,138,Mikyla Grant-Mentis,C,18.416666666666668,0.39266,0.0,0.0,0,0,0,0,1,0,0,0,0,0,1,0,0,6,0,0,0,0,0,10,5
245,20252026,Regular,SEA,91,Brooke Bryant,RW,6.7,0.0,0.0,0.0,0,0,0,0,0,0,0,0,0,0,0,0,0,0,0,0,0,0,0,1,0
245,20252026,Regular,SEA,181,Hannah Bilka,LW,17.85,0.33382,0.0,0.0,0,0,0,0,0,0,0,0,0,0,0,0,0,4,0,0,0,0,0,0,0
245,20252026,Regular,SEA,99,Mariah Keopple,LD,18.616666666666667,0.094262,0.0,0.0,0,0,0,0,0,1,0,0,0,0,0,0,0,1,0,0,0,0,0,0,0
245,20252026,Regular,SEA,13,Hilary Knight,RW,21.616666666666667,0.428082,0.0,0.0,0,0,0,0,0,0,0,0,0,0,0,0,1,5,0,0,0,0,0,0,0
245,20252026,Regular,SEA,294,Lyndie Lobdell,RD,16.233333333333334,0.051034,0.0,0.0,0,0,0,0,0,0,0,0,0,0,-1,0,2,1,0,0,0,0,0,0,0
245,20252026,Regular,SEA,34,Alex Carpenter,C,20.816666666666666,0.254238,0.0,0.0,1,0,0,0,0,0,0,0,0,0,-1,0,0,2,0,0,0,0,0,16,12
245,20252026,Regular,SEA,208,Megan Carter,LD,16.816666666666666,0.094262,0.0,0.0,0,0,0,0,0,0,0,0,0,0,0,0,1,1,0,0,0,0,0,0,0
245,20252026,Regular,SEA,295,Marah Wagner,LW,9.033333333333333,0.0,0.0,0.0,0,0,0,0,0,0,0,0,0,0,-1,0,0,0,0,0,0,0,0,0,0
245,20252026,Regular,SEA,49,Lexie Adzija,RW,16.05,0.305272,0.0,0.0,1,0,0,0,0,0,0,0,0,0,1,0,0,3,0,0,0,0,0,0,0
245,20252026,Regular,SEA,210,Julia Gosling,LW,18.483333333333334,0.15310200000000002,0.0,0.0,0,0,0,0,1,0,0,0,0,0,0,0,0,3,0,0,0,0,0,0,0
245,20252026,Regular,SEA,224,Danielle Serdachny,C,16.933333333333334,0.094262,0.0,0.0,0,0,0,0,0,0,0,0,0,0,0,0,1,1,0,0,0,0,0,11,5
245,20252026,Regular,SEA,155,Corinne Schroeder,G,65.0,0.0,0.0,0.0,0,0,0,0,0,0,0,0,0,0,0,0,0,0,0,0,0,0,0,0,0
245,20252026,Regular,SEA,250,Hannah Murphy,G,0.0,0.0,0.0,0.0,0,0,0,0,0,0,0,0,0,0,0,0,0,0,0,0,0,0,0,0,0
246,20252026,Regular,BOS,52,Zoe Boyd,LD,23.5,0.051034,0.0,0.0,0,0,0,0,0,0,0,0,0,0,1,0,0,1,0,0,0,0,0,0,0
246,20252026,Regular,BOS,12,Megan Keller,LD,24.066666666666666,0.145296,0.0,0.0,0,0,0,0,0,0,0,0,0,0,-2,0,0,2,0,0,0,0,0,0,0
246,20252026,Regular,BOS,254,Mia Biotti,RD,9.75,0.0,0.0,0.0,0,0,0,0,0,0,0,0,0,0,1,0,1,0,0,0,0,0,0,0,0
246,20252026,Regular,BOS,246,Haley Winn,RD,24.466666666666665,0.0,0.0,0.0,0,0,0,0,0,0,0,0,0,0,-2,0,1,0,0,0,0,0,0,0,0
246,20252026,Regular,BOS,18,Sophie Shirley,RW,5.016666666666667,0.0,0.0,0.0,0,0,0,0,1,0,0,0,0,0,1,0,0,0,0,0,0,0,0,0,0
246,20252026,Regular,BOS,15,Alina Müller,C,16.466666666666665,0.38485400000000003,0.0,0.0,0,0,0,0,0,0,0,0,0,0,-1,0,0,5,0,0,0,0,0,10,8
246,20252026,Regular,BOS,97,Liz Schepers,C,15.433333333333334,0.0,0.0,0.0,0,0,0,0,0,0,0,0,0,0,0,0,1,0,0,0,0,0,0,16,6
246,20252026,Regular,BOS,256,Olivia Mobley,RW,11.733333333333333,0.5880580000000001,0.0,0.0,1,0,0,0,0,0,0,0,0,0,0,2,0,6,0,0,0,0,0,1,1
246,20252026,Regular,BOS,255,Riley Brengman,RD,25.2,0.0,0.0,0.0,0,0,0,0,0,0,0,0,0,0,1,0,0,0,0,0,0,0,0,0,0
246,20252026,Regular,BOS,17,Theresa Schafzahl,LW,25.4,0.188524,0.0,0.0,0,0,0,0,1,0,0,0,0,0,0,0,0,2,0,0,0,0,0,0,0
246,20252026,Regular,BOS,259,Abby Newhook,RW,10.983333333333333,0.0,0.0,0.0,0,0,0,0,0,0,0,0,0,0,0,0,0,0,0,0,0,0,0,0,0
246,20252026,Regular,BOS,1,Hannah Brandt,C,14.2,0.0,0.0,0.0,0,0,0,0,0,0,0,0,0,0,0,0,0,0,0,0,0,0,0,8,5
246,20252026,Regular,BOS,212,Laura Kluge,LW,9.25,0.0,0.0,0.0,0,0,0,0,0,0,0,0,0,0,0,2,0,0,0,0,0,0,0,0,0
246,20252026,Regular,BOS,243,Ella Huber,LW,11.183333333333334,0.239558,0.0,0.0,0,0,0,0,1,0,0,0,0,0,0,0,0,3,0,0,0,0,0,0,0
246,20252026,Regular,BOS,183,Shay Maloney,RW,16.933333333333334,0.094262,0.0,0.0,0,0,0,0,0,0,0,0,0,0,0,2,0,1,0,0,0,0,0,1,0
246,20252026,Regular,BOS,149,Jill Saulnier,LW,13.9,0.0,0.0,0.0,0,0,0,0,0,0,0,0,0,0,0,0,0,0,0,0,0,0,0,0,0
246,20252026,Regular,BOS,16,Jamie Lee Rattray,RW,21.7,0.262044,0.0,0.0,1,0,0,0,0,0,0,0,0,0,-1,0,2,3,0,0,0,0,0,0,0
246,20252026,Regular,BOS,232,Rylind MacKinnon,LD,8.9,0.0,0.0,0.0,0,0,0,0,0,1,0,0,0,0,1,0,0,0,0,0,0,0,0,0,0
246,20252026,Regular,BOS,78,Susanna Tapani,C,17.2,0.39953400000000006,0.0,0.0,1,0,0,0,0,0,0,0,0,0,1,2,0,4,0,0,0,0,0,20,8
246,20252026,Regular,BOS,262,Amanda Thiele,G,0.0,0.0,0.0,0.0,0,0,0,0,0,0,0,0,0,0,0,0,0,0,0,0,0,0,0,0,0
246,20252026,Regular,BOS,6,Aerin Frankel,G,60.0,0.0,0.0,0.0,0,0,0,0,0,0,0,0,0,0,0,0,0,0,0,0,0,0,0,0,0
246,20252026,Regular,VAN,310,Madison Samoskevich,LD,6.933333333333334,0.0,0.0,0.0,0,0,0,0,0,0,0,0,0,0,0,0,0,0,0,0,0,0,0,0,0
246,20252026,Regular,VAN,209,Izzy Daniel,RW,16.183333333333334,0.34850000000000003,0.0,0.0,1,0,0,0,0,0,1,0,0,0,2,0,0,3,0,0,0,0,0,1,1
246,20252026,Regular,VAN,301,Katie Chan,RW,8.766666666666667,0.0,0.0,0.0,0,0,0,0,0,0,0,0,0,0,0,0,0,0,0,0,0,0,0,0,0
246,20252026,Regular,VAN,180,Sydney Bard,RD,12.316666666666666,0.094262,0.0,0.0,0,0,0,0,0,0,0,0,0,0,-1,0,0,1,0,0,0,0,0,0,0
246,20252026,Regular,VAN,198,Jenn Gardiner,LW,16.55,0.145296,0.0,0.0,0,0,0,0,1,0,0,0,0,0,2,0,1,2,0,0,0,0,0,0,0
246,20252026,Regular,VAN,161,Tereza Vanišová,LW,11.6,0.094262,0.0,0.0,0,0,0,0,0,1,0,0,0,0,0,0,0,1,0,0,0,0,0,1,1
246,20252026,Regular,VAN,227,Gabby Rosenthal,C,15.4,0.145296,0.0,0.0,0,0,0,0,0,0,0,0,0,0,-1,2,1,2,0,0,0,0,0,11,3
246,20252026,Regular,VAN,11,Sophie Jaques,RD,22.866666666666667,0.293966,0.0,0.0,0,1,0,0,0,0,0,0,0,0,1,0,1,3,0,0,0,0,0,0,0
246,20252026,Regular,VAN,50,Ashton Bell,RD,19.266666666666666,0.051034,0.0,0.0,0,0,0,0,0,0,0,0,0,0,-1,0,1,1,0,0,0,0,0,0,0
246,20252026,Regular,VAN,114,Abby Boreen,RW,17.4,0.094262,0.0,0.0,0,0,0,0,0,0,0,0,0,0,-1,0,1,1,0,0,0,0,0,0,0
246,20252026,Regular,VAN,129,Mellissa Channell-Watkins,LD,15.983333333333333,0.0,0.0,0.0,0,0,0,0,0,0,0,0,0,0,0,2,0,0,0,0,0,0,0,0,0
246,20252026,Regular,VAN,118,Emma Greco,D,4.566666666666666,0.0,0.0,0.0,0,0,0,0,0,0,0,0,0,0,-1,0,0,0,0,0,0,0,0,0,0
246,20252026,Regular,VAN,192,Brooke McQuigge,LW,9.233333333333333,0.0,0.0,0.0,0,0,0,0,0,0,0,0,0,0,-1,0,0,0,0,0,0,0,0,0,0
246,20252026,Regular,VAN,252,Michelle Karvinen,LW,15.716666666666667,0.19633,0.0,0.0,0,0,0,0,0,0,0,0,0,0,-1,0,0,3,0,0,0,0,0,0,0
246,20252026,Regular,VAN,89,Hannah Miller,C,17.483333333333334,0.254238,0.0,0.0,1,0,0,0,0,1,0,1,0,0,2,0,3,2,0,0,0,0,0,26,18
246,20252026,Regular,VAN,169,Claire Thompson,LD,22.816666666666666,0.159976,0.0,0.0,1,0,0,0,0,0,0,0,0,0,1,0,1,1,0,0,0,0,0,0,0
246,20252026,Regular,VAN,248,Anna Segedi,C,8.75,0.0,0.0,0.0,0,0,0,0,0,0,0,0,0,0,0,0,1,0,0,0,0,0,0,8,3
246,20252026,Regular,VAN,306,Darcie Lappan,C,9.916666666666666,0.0,0.0,0.0,0,0,0,0,0,0,0,0,0,0,0,0,1,0,0,0,0,0,0,9,2
246,20252026,Regular,VAN,115,Michela Cava,RW,9.966666666666667,0.051034,0.0,0.0,0,0,0,0,1,0,0,0,0,0,-1,2,0,1,0,0,0,0,0,0,0
246,20252026,Regular,VAN,59,Emerance Maschmeyer,G,60.0,0.0,0.0,0.0,0,0,0,0,0,0,0,0,0,0,0,0,0,0,0,0,0,0,0,0,0
246,20252026,Regular,VAN,64,Kristen Campbell,G,0.0,0.0,0.0,0.0,0,0,0,0,0,0,0,0,0,0,0,0,0,0,0,0,0,0,0,0,0
247,20252026,Regular,MTL,32,Laura Stacey,RW,22.383333333333333,0.486922,0.0,0.0,0,0,0,0,1,1,0,0,0,0,2,0,1,7,0,0,0,0,0,0,0
247,20252026,Regular,MTL,84,Kati Tabin,RD,28.183333333333334,0.094262,0.0,0.0,0,0,0,0,0,0,0,0,0,0,2,2,2,1,0,0,0,0,0,0,0
247,20252026,Regular,MTL,42,Abby Roque,LW,22.833333333333332,0.43926200000000004,0.0,0.0,1,0,0,0,1,0,0,0,0,0,1,2,0,5,0,0,0,0,0,12,8
247,20252026,Regular,MTL,271,Tamara Giaquinto,RD,6.533333333333333,0.0,0.0,0.0,0,0,0,0,0,0,0,0,0,0,0,0,0,0,0,0,0,0,0,0,0
247,20252026,Regular,MTL,39,Alexandra Labelle,C,13.916666666666666,0.102068,0.0,0.0,0,0,0,0,0,0,0,0,0,0,0,0,2,2,0,0,0,0,0,3,1
247,20252026,Regular,MTL,61,Hayley Scamurra,C,15.883333333333333,0.094262,0.0,0.0,0,0,0,0,0,0,0,0,0,0,-1,0,1,1,0,0,0,0,0,14,6
247,20252026,Regular,MTL,199,Dara Greig,LW,14.933333333333334,0.0,0.0,0.0,0,0,0,0,0,0,0,0,0,0,-1,0,0,0,0,0,0,0,0,0,0
247,20252026,Regular,MTL,128,Kaitlin Willoughby,RW,11.266666666666667,0.051034,0.0,0.0,0,0,0,0,0,0,0,0,0,0,0,0,0,1,0,0,0,0,0,0,0
247,20252026,Regular,MTL,98,Maureen Murphy,RW,13.666666666666666,0.145296,0.0,0.0,0,0,0,0,0,0,0,0,0,0,-1,0,0,2,0,0,0,0,0,0,0
247,20252026,Regular,MTL,5,Jessica DiGirolamo,LD,22.45,0.0,0.0,0.0,0,0,0,0,0,0,0,0,0,0,-1,0,1,0,0,0,0,0,0,0,0
247,20252026,Regular,MTL,201,Lina Ljungblom,LW,5.4,0.0,0.0,0.0,0,0,0,0,0,0,0,0,0,0,0,0,0,0,0,0,0,0,0,1,1
247,20252026,Regular,MTL,4,Shiann Darkangelo,C,12.0,0.19633,0.0,0.0,0,0,0,0,0,0,0,0,0,0,0,2,0,3,0,0,0,0,0,6,4
247,20252026,Regular,MTL,157,Catherine Dubois,LW,8.75,0.239558,0.0,0.0,0,0,0,0,0,0,0,0,0,0,0,0,1,3,0,0,0,0,0,0,0
247,20252026,Regular,MTL,31,Marie-Philip Poulin,C,20.283333333333335,0.40290800000000004,0.0,0.0,2,0,0,0,1,0,0,0,0,0,2,0,1,3,0,0,0,0,0,16,9
247,20252026,Regular,MTL,51,Amanda Boulier,RD,19.616666666666667,0.051034,0.0,0.0,0,0,0,0,0,0,0,0,0,0,-1,0,1,1,0,0,0,0,0,0,0
247,20252026,Regular,MTL,253,Nicole Gosling,LD,22.1,0.145296,0.0,0.0,0,0,0,0,0,1,0,0,0,0,0,0,2,2,0,0,0,0,0,0,0
247,20252026,Regular,MTL,35,Jade Downie-Landry,RW,10.25,0.051034,0.0,0.0,0,0,0,0,0,0,0,0,0,0,0,0,2,1,0,0,0,0,0,1,0
247,20252026,Regular,MTL,79,Maggie Flaherty,LD,21.75,0.15310200000000002,0.0,0.0,0,0,0,0,0,0,0,0,0,0,1,0,0,3,0,0,0,0,0,0,0
247,20252026,Regular,MTL,274,Natálie Mlýnková,LW,10.3,0.15310200000000002,0.0,0.0,0,0,0,0,0,1,0,0,0,0,2,0,1,3,0,0,0,0,0,0,0
247,20252026,Regular,MTL,48,Sandra Abstreiter,G,0.0,0.0,0.0,0.0,0,0,0,0,0,0,0,0,0,0,0,0,0,0,0,0,0,0,0,0,0
247,20252026,Regular,MTL,28,Ann-Renée Desbiens,G,62.53333333333333,0.0,0.0,0.0,0,0,0,0,0,0,0,0,0,0,0,0,0,0,0,0,0,0,0,0,0
247,20252026,Regular,MIN,24,Lee Stecklein,LD,30.6,0.0,0.0,0.0,0,0,0,0,0,1,0,0,0,0,-1,0,1,0,0,0,0,0,0,0,0
247,20252026,Regular,MIN,236,Kendall Cooper,RD,19.85,0.145296,0.0,0.0,0,0,0,0,0,1,0,0,0,0,1,0,1,2,0,0,0,0,0,0,0
247,20252026,Regular,MIN,167,Sidney Morin,RD,24.566666666666666,0.102068,0.0,0.0,0,0,0,0,0,0,0,0,0,0,-1,0,1,2,0,0,0,0,0,0,0
247,20252026,Regular,MIN,191,Katy Knoll,RW,16.283333333333335,0.051034,0.0,0.0,0,0,0,0,0,0,0,0,0,0,0,0,1,1,0,0,0,0,0,1,0
247,20252026,Regular,MIN,102,Claire Butorac,RW,7.216666666666667,0.0,0.0,0.0,0,0,0,0,0,0,0,0,0,0,0,0,0,0,0,0,0,0,0,0,0
247,20252026,Regular,MIN,162,Madison Bizal,LD,7.216666666666667,0.0,0.0,0.0,0,0,0,0,0,0,0,0,0,0,0,0,0,0,0,0,0,0,0,0,0
247,20252026,Regular,MIN,23,Kelly Pannek,C,20.466666666666665,0.0,0.0,0.0,0,0,0,0,0,0,0,0,0,0,0,0,1,0,0,0,0,0,0,22,14
247,20252026,Regular,MIN,25,Grace Zumwinkle,RW,16.6,0.094262,0.0,0.0,0,0,0,0,0,0,0,0,0,0,-1,0,0,1,0,0,0,0,0,1,0
247,20252026,Regular,MIN,195,Dominique Petrie,C,9.466666666666667,0.094262,0.0,0.0,0,0,0,0,0,0,0,0,0,0,0,0,1,1,0,0,0,0,0,1,0
247,20252026,Regular,MIN,264,Brooke Becker,LD,6.366666666666666,0.0,0.0,0.0,0,0,0,0,0,0,0,0,0,0,0,0,1,0,0,0,0,0,0,0,0
247,20252026,Regular,MIN,188,Mae Batherson,LD,17.633333333333333,0.242932,0.0,0.0,1,0,0,0,0,0,0,0,0,0,1,0,0,2,0,0,0,0,0,0,0
247,20252026,Regular,MIN,90,Natalie Buchbinder,RD,14.0,0.0,0.0,0.0,0,0,0,0,0,0,0,0,0,0,-1,0,0,0,0,0,0,0,0,0,0
247,20252026,Regular,MIN,20,Kendall Coyne Schofield,LW,19.366666666666667,0.356306,0.0,0.0,1,0,0,0,1,0,0,0,0,0,1,0,0,4,0,0,0,0,0,0,0
247,20252026,Regular,MIN,21,Taylor Heise,C,20.933333333333334,0.051034,0.0,0.0,0,0,0,0,1,0,0,0,0,0,1,2,1,1,0,0,0,0,0,23,8
247,20252026,Regular,MIN,104,Denisa Křížová,LW,14.316666666666666,0.188524,0.0,0.0,0,0,0,0,0,0,0,0,0,0,-1,0,1,2,0,0,0,0,0,0,0
247,20252026,Regular,MIN,190,Klára Hymlárová,C,12.066666666666666,0.0,0.0,0.0,0,0,0,0,0,0,0,0,0,0,-1,0,1,0,0,0,0,0,0,1,1
247,20252026,Regular,MIN,247,Abby Hustler,RW,19.333333333333332,0.239558,0.0,0.0,0,0,0,0,0,0,0,0,0,0,1,2,0,3,0,0,0,0,0,0,0
247,20252026,Regular,MIN,189,Britta Curl-Salemme,LW,20.616666666666667,0.094262,0.0,0.0,0,0,0,0,0,0,0,0,0,0,-2,0,3,1,0,0,0,0,0,4,1
247,20252026,Regular,MIN,263,Peyton Anderson,LW,7.3,0.051034,0.0,0.0,0,0,0,0,0,0,0,0,0,0,0,0,0,1,0,0,0,0,0,0,0
247,20252026,Regular,MIN,166,Marlène Boissonnault,G,0.0,0.0,0.0,0.0,0,0,0,0,0,0,0,0,0,0,0,0,0,0,0,0,0,0,0,0,0
247,20252026,Regular,MIN,123,Maddie Rooney,G,63.36666666666667,0.0,0.0,0.0,0,0,0,0,0,0,0,0,0,0,0,0,0,0,0,0,0,0,0,0,0
248,20252026,Regular,TOR,68,Kali Flanagan,RD,25.55,0.15310200000000002,0.0,0.0,0,0,0,0,0,0,0,0,0,0,-1,0,0,3,0,0,0,0,0,0,0
248,20252026,Regular,TOR,116,Clair DeGeorge,C,0.7166666666666667,0.0,0.0,0.0,0,0,0,0,0,0,0,0,0,0,0,0,0,0,0,0,0,0,0,0,0
248,20252026,Regular,TOR,63,Daryl Watts,LW,16.85,0.15310200000000002,0.0,0.0,0,0,0,0,0,0,0,0,0,0,-1,0,0,3,0,0,0,0,0,0,0
248,20252026,Regular,TOR,311,Hanna Baskin,LD,6.416666666666667,0.051034,0.0,0.0,0,0,0,0,0,0,0,0,0,0,0,0,0,1,0,0,0,0,0,0,0
248,20252026,Regular,TOR,317,Kiara Zanon,LW,17.183333333333334,0.0,0.0,0.0,0,0,0,0,0,0,0,0,0,0,0,0,0,0,0,0,0,0,0,0,0
248,20252026,Regular,TOR,67,Renata Fast,RD,24.416666666666668,0.15310200000000002,0.0,0.0,0,0,0,0,0,0,0,0,0,0,-1,0,2,3,0,0,0,0,0,0,0
248,20252026,Regular,TOR,56,Savannah Harmon,LD,25.85,0.051034,0.0,0.0,0,0,0,0,0,0,0,0,0,0,-1,0,2,1,0,0,0,0,0,0,0
248,20252026,Regular,TOR,44,Ella Shelton,LD,28.116666666666667,0.15310200000000002,0.0,0.0,0,0,0,0,0,0,0,0,0,0,-1,0,3,3,0,0,0,0,0,0,0
248,20252026,Regular,TOR,65,Jesse Compher,RW,14.833333333333334,0.094262,0.0,0.0,0,0,0,0,0,0,0,0,0,0,0,0,0,1,0,0,0,0,0,5,0
248,20252026,Regular,TOR,313,Sara Hjalmarsson,LW,11.05,0.051034,0.0,0.0,0,0,0,0,0,0,0,0,0,0,-1,0,0,1,0,0,0,0,0,2,1
248,20252026,Regular,TOR,244,Emma Gentry,C,11.683333333333334,0.094262,0.0,0.0,0,0,0,0,0,0,0,0,0,0,0,0,2,1,0,0,0,0,0,10,4
248,20252026,Regular,TOR,66,Maggie Connors,LW,11.5,0.0,0.0,0.0,0,0,0,0,0,0,0,0,0,0,0,0,0,0,0,0,0,0,0,0,0
248,20252026,Regular,TOR,100,Natalie Spooner,RW,20.9,0.33382,0.0,0.0,0,0,0,0,0,0,0,0,0,0,-1,0,1,4,0,0,0,0,0,0,0
248,20252026,Regular,TOR,316,Clara Van Wieren,C,15.016666666666667,0.145296,0.0,0.0,0,0,0,0,0,0,0,0,0,0,-1,2,1,2,0,0,0,0,0,6,4
248,20252026,Regular,TOR,73,Emma Maltais,C,17.516666666666666,0.051034,0.0,0.0,0,0,0,0,0,0,0,0,0,0,-1,0,4,1,0,0,0,0,0,12,7
248,20252026,Regular,TOR,76,Blayre Turnbull,C,16.333333333333332,0.188524,0.0,0.0,0,0,0,0,0,0,0,0,0,0,-1,0,5,2,0,0,0,0,0,16,5
248,20252026,Regular,TOR,26,Claire Dalton,RW,12.7,0.0,0.0,0.0,0,0,0,0,0,0,0,0,0,0,0,0,2,0,0,0,0,0,0,0,0
248,20252026,Regular,TOR,86,Emma Woods,RW,10.066666666666666,0.094262,0.0,0.0,0,0,0,0,0,0,0,0,0,0,-1,0,1,1,0,0,0,0,0,0,0
248,20252026,Regular,TOR,200,Anna Kjellbin,RD,7.45,0.204136,0.0,0.0,0,0,0,0,0,0,0,0,0,0,0,0,0,4,0,0,0,0,0,0,0
248,20252026,Regular,TOR,211,Raygan Kirk,G,0.0,0.0,0.0,0.0,0,0,0,0,0,0,0,0,0,0,0,0,0,0,0,0,0,0,0,0,0
248,20252026,Regular,TOR,85,Elaine Chuli,G,58.43333333333333,0.0,0.0,0.0,0,0,0,0,0,0,0,0,0,0,0,0,0,0,0,0,0,0,0,0,0
248,20252026,Regular,NY,251,Dayle Ross,RD,6.783333333333333,0.0,0.0,0.0,0,0,0,0,0,0,0,0,0,0,0,0,2,0,0,0,0,0,0,0,0
248,20252026,Regular,NY,206,Elle Hartje,RW,11.716666666666667,0.051034,0.0,0.0,0,0,0,0,0,0,0,0,0,0,1,0,0,1,0,0,0,0,0,0,0
248,20252026,Regular,NY,147,Savannah Norcross,RW,8.583333333333334,0.0,0.0,0.0,0,0,0,0,0,0,0,0,0,0,0,0,2,0,0,0,0,0,0,0,0
248,20252026,Regular,NY,229,Maja Nylen Persson,RD,18.566666666666666,0.102068,0.0,0.0,0,0,0,0,0,0,0,0,0,0,1,0,0,2,0,0,0,0,0,0,0
248,20252026,Regular,NY,205,Sarah Fillier,C,21.25,0.33382,0.0,0.0,0,0,0,0,0,0,0,0,0,0,1,0,3,4,0,0,0,0,0,20,11
248,20252026,Regular,NY,87,Jaime Bourbonnais,RD,21.4,0.051034,0.0,0.0,0,0,0,0,0,0,0,0,0,0,0,2,4,1,0,0,0,0,0,0,0
248,20252026,Regular,NY,207,Lauren Bernard,LD,17.016666666666666,0.102068,0.0,0.0,0,0,0,0,0,0,0,0,0,0,0,0,0,2,0,0,0,0,0,0,0
248,20252026,Regular,NY,9,Taylor Girard,RW,14.466666666666667,0.0,0.0,0.0,0,0,0,0,0,0,0,0,0,0,0,0,1,0,0,0,0,0,0,0,0
248,20252026,Regular,NY,285,Maddi Wheeler,LW,14.433333333333334,0.094262,0.0,0.0,0,0,0,0,0,0,0,0,0,0,0,0,1,1,0,0,0,0,0,1,0
248,20252026,Regular,NY,40,Paetyn Levis,LW,19.383333333333333,0.094262,0.0,0.0,0,0,0,0,0,0,0,0,0,0,1,2,0,1,0,0,0,0,0,3,0
248,20252026,Regular,NY,230,Allyson Simpson,RD,16.733333333333334,0.0,0.0,0.0,0,0,0,0,0,0,0,0,0,0,1,0,0,0,0,0,0,0,0,0,0
248,20252026,Regular,NY,249,Anne Cherkowski,RW,21.433333333333334,0.051034,0.0,0.0,0,0,0,0,0,0,0,0,0,0,0,0,1,1,0,0,0,0,0,0,0
248,20252026,Regular,NY,280,Casey O'Brien,C,14.016666666666667,0.145296,0.0,0.0,0,0,0,0,0,1,0,0,0,0,1,0,1,2,0,0,0,0,0,12,10
248,20252026,Regular,NY,47,Micah Zandee-Hart,LD,21.816666666666666,0.0,0.0,0.0,0,0,0,0,0,0,0,0,0,0,1,0,2,0,0,0,0,0,0,0,0
248,20252026,Regular,NY,204,Emmy Fecteau,LW,9.15,0.094262,0.0,0.0,0,0,0,0,0,0,0,0,0,0,0,0,2,1,0,0,0,0,0,0,0
248,20252026,Regular,NY,30,Kristin O'Neill,C,14.633333333333333,0.051034,0.0,0.0,0,0,0,0,0,0,0,0,0,0,0,0,4,1,0,0,0,0,0,12,7
248,20252026,Regular,NY,60,Jincy Roese,LD,16.716666666666665,0.0,0.0,0.0,0,0,0,0,1,0,0,0,0,0,1,0,0,0,0,0,0,0,0,0,0
248,20252026,Regular,NY,45,Kayla Vespa,C,10.2,0.051034,0.0,0.0,0,0,0,0,0,0,0,0,0,0,0,0,0,1,0,0,0,0,0,3,2
248,20252026,Regular,NY,245,Kristýna Kaltounková,LW,16.516666666666666,0.40290800000000004,0.0,0.0,1,0,0,1,0,0,0,0,0,0,2,0,2,4,0,0,0,0,0,0,0
248,20252026,Regular,NY,282,Callie Shanahan,G,0.0,0.0,0.0,0.0,0,0,0,0,0,0,0,0,0,0,0,0,0,0,0,0,0,0,0,0,0
248,20252026,Regular,NY,228,Kayle Osborne,G,60.0,0.0,0.0,0.0,0,0,0,0,0,0,0,0,0,0,0,0,0,0,0,0,0,0,0,0,0
249,20252026,Regular,OTT,71,Jocelyne Larocque,LD,19.266666666666666,0.094262,0.0,0.0,0,0,0,0,0,1,0,0,0,0,2,0,1,1,0,0,0,0,0,0,0
249,20252026,Regular,OTT,242,Rory Guilday,RD,20.783333333333335,0.102068,0.0,0.0,0,0,0,0,0,0,0,0,0,0,1,0,2,2,0,0,0,0,0,0,0
249,20252026,Regular,OTT,219,Stephanie Markowski,LD,22.1,0.0,0.0,0.0,0,0,0,0,0,0,0,0,0,0,1,0,1,0,0,0,0,0,0,0,0
249,20252026,Regular,OTT,289,Kathryn Reilly,RD,15.866666666666667,0.0,0.0,0.0,0,0,0,0,0,0,0,0,0,0,-1,0,0,0,0,0,0,0,0,0,0
249,20252026,Regular,OTT,101,Alexa Vasko,C,8.4,0.0,0.0,0.0,0,0,0,0,0,0,0,0,0,0,1,0,3,0,0,0,0,0,0,4,3
249,20252026,Regular,OTT,38,Brooke Hobson,LD,17.433333333333334,0.145296,0.0,0.0,0,0,0,0,0,1,0,0,0,0,0,0,0,2,0,0,0,0,0,0,0
249,20252026,Regular,OTT,88,Kateřina Mrázová,C,16.883333333333333,0.0,0.0,0.0,0,0,0,0,0,0,0,0,0,0,-1,0,0,0,0,0,0,0,0,14,3
249,20252026,Regular,OTT,57,Gabbie Hughes,C,15.416666666666666,0.19633,0.0,0.0,0,0,0,0,0,0,0,0,0,0,0,0,2,3,0,0,0,0,0,16,5
249,20252026,Regular,OTT,220,Mannon McMahon,RW,15.283333333333333,0.094262,0.0,0.0,0,0,0,0,0,0,0,0,0,0,0,0,2,1,0,0,0,0,0,0,0
249,20252026,Regular,OTT,58,Brianne Jenner,C,17.033333333333335,0.48249000000000003,0.0,0.0,0,0,0,1,0,0,0,0,0,0,2,0,1,5,0,0,0,0,0,18,10
249,20252026,Regular,OTT,217,Taylor House,C,0.0,0.0,0.0,0.0,0,0,0,0,0,0,0,0,0,0,0,0,0,0,0,0,0,0,0,0,0
249,20252026,Regular,OTT,241,Sarah Wozniewicz,LW,18.716666666666665,0.0,0.0,0.0,0,0,0,0,0,0,0,0,0,0,1,0,2,0,0,0,0,0,0,0,0
249,20252026,Regular,OTT,53,Emily Clark,LW,14.8,0.051034,0.0,0.0,0,0,0,0,0,0,0,0,0,0,0,0,0,1,0,0,0,0,0,0,0
249,20252026,Regular,OTT,286,Peyton Hemp,RW,13.716666666666667,0.377048,0.0,0.0,0,0,0,0,2,0,0,0,0,0,0,2,0,4,0,0,0,0,0,1,1
249,20252026,Regular,OTT,72,Rebecca Leslie,RW,18.033333333333335,0.159976,0.0,0.0,0,0,0,1,0,0,0,0,0,0,1,0,0,1,0,0,0,0,0,0,0
249,20252026,Regular,OTT,240,Fanuza Kadirova,LW,15.533333333333333,0.094262,0.0,0.0,0,0,0,0,0,0,0,0,0,0,0,0,2,1,0,0,0,0,0,0,0
249,20252026,Regular,OTT,223,Ronja Savolainen,RD,20.316666666666666,0.3882280000000001,0.0,0.0,1,0,0,0,0,0,0,0,0,0,1,0,2,4,0,0,0,0,0,0,0
249,20252026,Regular,OTT,221,Anna Meixner,RW,8.85,0.191898,0.0,0.0,1,0,0,0,0,0,0,0,0,0,1,0,0,1,0,0,0,0,0,0,0
249,20252026,Regular,OTT,239,Anna Shokhina,LW,8.65,0.094262,0.0,0.0,0,0,0,0,1,0,0,0,0,0,1,2,0,1,0,0,0,0,0,0,0
249,20252026,Regular,OTT,222,Gwyneth Philips,G,60.0,0.0,0.0,0.0,0,0,0,0,0,0,0,0,0,0,0,0,0,0,0,0,0,0,0,0,0
249,20252026,Regular,OTT,290,Kendra Woodland,G,0.0,0.0,0.0,0.0,0,0,0,0,0,0,0,0,0,0,0,0,0,0,0,0,0,0,0,0,0
249,20252026,Regular,VAN,209,Izzy Daniel,RW,20.6,0.094262,0.0,0.0,0,0,0,0,0,0,0,0,0,0,-1,0,0,1,0,0,0,0,0,1,1
249,20252026,Regular,VAN,301,Katie Chan,RW,6.516666666666667,0.0,0.0,0.0,0,0,0,0,0,0,0,0,0,0,-1,0,0,0,0,0,0,0,0,0,0
249,20252026,Regular,VAN,180,Sydney Bard,RD,9.433333333333334,0.0,0.0,0.0,0,0,0,0,0,0,0,0,0,0,-1,0,0,0,0,0,0,0,0,0,0
249,20252026,Regular,VAN,198,Jenn Gardiner,LW,22.25,0.145296,0.0,0.0,0,0,0,0,0,0,0,0,0,0,-1,0,1,2,0,0,0,0,0,0,0
249,20252026,Regular,VAN,161,Tereza Vanišová,LW,18.2,0.051034,0.0,0.0,0,0,0,0,0,0,0,0,0,0,1,0,0,1,0,0,0,0,0,0,0
249,20252026,Regular,VAN,227,Gabby Rosenthal,C,14.883333333333333,0.0,0.0,0.0,0,0,0,0,0,0,0,0,0,0,-1,0,0,0,0,0,0,0,0,15,10
249,20252026,Regular,VAN,11,Sophie Jaques,RD,24.0,0.45837400000000006,0.0,0.0,1,0,0,0,0,0,0,0,0,0,-1,0,1,6,0,0,0,0,0,0,0
249,20252026,Regular,VAN,50,Ashton Bell,RD,21.266666666666666,0.145296,0.0,0.0,0,0,0,0,0,0,0,0,0,0,0,0,0,2,0,0,0,0,0,0,0
249,20252026,Regular,VAN,114,Abby Boreen,RW,14.666666666666666,0.102068,0.0,0.0,0,0,0,0,0,0,0,0,0,0,-2,0,0,2,0,0,0,0,0,1,1
249,20252026,Regular,VAN,129,Mellissa Channell-Watkins,LD,19.283333333333335,0.102068,0.0,0.0,0,0,0,0,0,0,0,0,0,0,0,0,2,2,0,0,0,0,0,0,0
249,20252026,Regular,VAN,118,Emma Greco,LD,8.833333333333334,0.0,0.0,0.0,0,0,0,0,0,0,0,0,0,0,-1,0,0,0,0,0,0,0,0,0,0
249,20252026,Regular,VAN,192,Brooke McQuigge,LW,5.35,0.0,0.0,0.0,0,0,0,0,0,0,0,0,0,0,-1,0,1,0,0,0,0,0,0,0,0
249,20252026,Regular,VAN,305,Nina Jobst-Smith,D,8.95,0.051034,0.0,0.0,0,0,0,0,0,0,0,0,0,0,0,0,0,1,0,0,0,0,0,0,0
249,20252026,Regular,VAN,252,Michelle Karvinen,LW,12.866666666666667,0.305272,0.0,0.0,1,0,0,0,0,0,0,0,0,0,0,0,1,3,0,0,0,0,0,0,0
249,20252026,Regular,VAN,89,Hannah Miller,C,22.55,0.19633,0.0,0.0,0,0,0,0,0,0,0,0,0,0,-1,0,1,3,0,0,0,0,0,22,11
249,20252026,Regular,VAN,169,Claire Thompson,LD,25.833333333333332,0.051034,0.0,0.0,0,0,0,0,1,0,0,0,0,0,-1,0,0,1,0,0,0,0,0,0,0
249,20252026,Regular,VAN,248,Anna Segedi,C,15.75,0.0,0.0,0.0,0,0,0,0,0,0,0,0,0,0,0,0,1,0,0,0,0,0,0,10,7
249,20252026,Regular,VAN,306,Darcie Lappan,C,6.75,0.0,0.0,0.0,0,0,0,0,0,0,0,0,0,0,-1,0,2,0,0,0,0,0,0,3,0
249,20252026,Regular,VAN,115,Michela Cava,RW,19.116666666666667,0.094262,0.0,0.0,0,0,0,0,0,1,0,0,0,0,1,2,1,1,0,0,0,0,0,1,1
249,20252026,Regular,VAN,59,Emerance Maschmeyer,G,0.0,0.0,0.0,0.0,0,0,0,0,0,0,0,0,0,0,0,0,0,0,0,0,0,0,0,0,0
249,20252026,Regular,VAN,64,Kristen Campbell,G,58.833333333333336,0.0,0.0,0.0,0,0,0,0,0,0,0,0,0,0,0,0,0,0,0,0,0,0,0,0,0
250,20252026,Regular,BOS,52,Zoe Boyd,LD,17.2,0.051034,0.0,0.0,0,0,0,0,0,0,0,0,0,0,-1,0,0,1,0,0,0,0,0,0,0
250,20252026,Regular,BOS,12,Megan Keller,LD,24.133333333333333,0.388228,0.0,0.0,0,1,0,0,0,0,0,0,0,0,1,0,1,4,0,0,0,0,0,0,0
250,20252026,Regular,BOS,254,Mia Biotti,RD,6.966666666666667,0.0,0.0,0.0,0,0,0,0,0,0,0,0,0,0,0,0,1,0,0,0,0,0,0,0,0
250,20252026,Regular,BOS,246,Haley Winn,RD,25.683333333333334,0.39266,0.0,0.0,0,0,0,0,0,0,1,0,0,0,1,0,0,6,0,0,0,0,0,0,0
250,20252026,Regular,BOS,15,Alina Müller,LW,21.283333333333335,0.094262,0.0,0.0,0,0,0,0,0,0,0,0,0,0,0,0,1,1,0,0,0,0,0,1,0
250,20252026,Regular,BOS,97,Liz Schepers,C,12.9,0.051034,0.0,0.0,0,0,0,0,0,0,0,0,0,0,0,0,1,1,0,0,0,0,0,10,6
250,20252026,Regular,BOS,256,Olivia Mobley,RW,15.45,0.0,0.0,0.0,0,0,0,0,0,0,0,0,0,0,-1,0,0,0,0,0,0,0,0,0,0
250,20252026,Regular,BOS,255,Riley Brengman,RD,19.433333333333334,0.051034,0.0,0.0,0,0,0,0,0,0,0,0,0,0,-1,0,1,1,0,0,0,0,0,0,0
250,20252026,Regular,BOS,17,Theresa Schafzahl,RW,15.9,0.0,0.0,0.0,0,0,0,0,0,0,0,0,0,0,0,0,1,0,0,0,0,0,0,0,0
250,20252026,Regular,BOS,259,Abby Newhook,RW,15.65,0.094262,0.0,0.0,0,0,0,0,0,0,0,0,0,0,0,0,0,1,0,0,0,0,0,1,1
250,20252026,Regular,BOS,1,Hannah Brandt,C,11.716666666666667,0.094262,0.0,0.0,0,0,0,0,0,0,0,0,0,0,1,0,0,1,0,0,0,0,0,6,4
250,20252026,Regular,BOS,212,Laura Kluge,LW,7.733333333333333,0.0,0.0,0.0,0,0,0,0,1,0,0,0,0,0,1,0,0,0,0,0,0,0,0,0,0
250,20252026,Regular,BOS,243,Ella Huber,LW,13.6,0.051034,0.0,0.0,0,0,0,0,0,0,0,0,0,0,0,0,0,1,0,0,0,0,0,2,0
250,20252026,Regular,BOS,183,Shay Maloney,C,15.533333333333333,0.094262,0.0,0.0,0,0,0,0,0,0,0,0,0,0,-1,0,1,1,0,0,0,0,0,7,4
250,20252026,Regular,BOS,149,Jill Saulnier,LW,11.133333333333333,0.0,0.0,0.0,0,0,0,0,0,0,0,0,0,0,0,0,0,0,0,0,0,0,0,1,1
250,20252026,Regular,BOS,16,Jamie Lee Rattray,RW,12.883333333333333,0.293966,0.0,0.0,1,0,0,0,0,0,0,0,0,0,0,0,0,3,0,0,0,0,0,1,0
250,20252026,Regular,BOS,232,Rylind MacKinnon,LD,10.883333333333333,0.0,0.0,0.0,0,0,0,0,0,0,0,0,0,0,0,0,1,0,0,0,0,0,0,0,0
250,20252026,Regular,BOS,185,Daniela Pejšová,LD,11.316666666666666,0.0,0.0,0.0,0,0,0,0,0,0,0,0,0,0,0,0,1,0,0,0,0,0,0,0,0
250,20252026,Regular,BOS,78,Susanna Tapani,C,22.133333333333333,0.145296,0.0,0.0,0,0,0,0,0,0,0,1,0,0,0,0,0,2,0,0,0,0,0,14,9
250,20252026,Regular,BOS,6,Aerin Frankel,G,60.0,0.0,0.0,0.0,0,0,0,0,0,0,0,0,0,0,0,0,0,0,0,0,0,0,0,0,0
250,20252026,Regular,BOS,41,Abbey Levy,G,0.0,0.0,0.0,0.0,0,0,0,0,0,0,0,0,0,0,0,0,0,0,0,0,0,0,0,0,0
250,20252026,Regular,SEA,196,Cayla Barnes,RD,25.5,0.0,0.0,0.0,0,0,0,0,0,0,0,0,0,0,0,0,2,0,0,0,0,0,0,0,0
250,20252026,Regular,SEA,203,Anna Wilgren,LD,25.95,0.051034,0.0,0.0,0,0,0,0,0,0,0,0,0,0,0,0,1,1,0,0,0,0,0,0,0
250,20252026,Regular,SEA,291,Lily Delianedis,C,5.3,0.0,0.0,0.0,0,0,0,0,0,0,0,0,0,0,0,0,0,0,0,0,0,0,0,3,2
250,20252026,Regular,SEA,142,Natalie Snodgrass,LW,14.066666666666666,0.188524,0.0,0.0,0,0,0,0,0,0,0,0,0,0,0,0,0,2,0,0,0,0,0,0,0
250,20252026,Regular,SEA,36,Jessie Eldridge,RW,13.983333333333333,0.094262,0.0,0.0,0,0,0,0,0,0,0,0,0,0,0,0,0,1,0,0,0,0,0,0,0
250,20252026,Regular,SEA,237,Jenna Buglioni,C,0.0,0.0,0.0,0.0,0,0,0,0,0,0,0,0,0,0,0,0,0,0,0,0,0,0,0,0,0
250,20252026,Regular,SEA,2,Emily Brown,RD,18.233333333333334,0.102068,0.0,0.0,0,0,0,0,0,0,0,0,0,0,0,0,0,2,0,0,0,0,0,0,0
250,20252026,Regular,SEA,138,Mikyla Grant-Mentis,C,16.583333333333332,0.051034,0.0,0.0,0,0,0,0,0,0,0,0,0,0,0,0,0,1,0,0,0,0,0,12,5
250,20252026,Regular,SEA,91,Brooke Bryant,RW,7.216666666666667,0.0,0.0,0.0,0,0,0,0,0,0,0,0,0,0,0,0,0,0,0,0,0,0,0,0,0
250,20252026,Regular,SEA,181,Hannah Bilka,LW,15.6,0.254238,0.0,0.0,1,0,0,0,0,0,0,0,0,0,1,0,1,2,0,0,0,0,0,0,0
250,20252026,Regular,SEA,99,Mariah Keopple,LD,13.683333333333334,0.0,0.0,0.0,0,0,0,0,0,0,0,0,0,0,0,0,1,0,0,0,0,0,0,0,0
250,20252026,Regular,SEA,13,Hilary Knight,RW,20.45,0.094262,0.0,0.0,0,0,0,0,1,0,0,0,0,0,0,0,1,1,0,0,0,0,0,0,0
250,20252026,Regular,SEA,294,Lyndie Lobdell,RD,16.2,0.145296,0.0,0.0,0,0,0,0,0,0,0,0,0,0,0,0,0,2,0,0,0,0,0,0,0
250,20252026,Regular,SEA,34,Alex Carpenter,C,20.9,0.094262,0.0,0.0,0,0,0,0,0,0,0,0,0,0,-1,0,0,1,0,0,0,0,0,19,8
250,20252026,Regular,SEA,208,Megan Carter,LD,15.383333333333333,0.051034,0.0,0.0,0,0,0,0,0,1,0,0,0,0,0,0,1,1,0,0,0,0,0,1,0
250,20252026,Regular,SEA,295,Marah Wagner,LW,7.233333333333333,0.0,0.0,0.0,0,0,0,0,0,0,0,0,0,0,0,0,0,0,0,0,0,0,0,0,0
250,20252026,Regular,SEA,49,Lexie Adzija,RW,15.15,0.0,0.0,0.0,0,0,0,0,0,0,0,0,0,0,0,0,0,0,0,0,0,0,0,0,0
250,20252026,Regular,SEA,210,Julia Gosling,LW,19.483333333333334,0.051034,0.0,0.0,0,0,0,0,0,0,0,0,0,0,-1,0,1,1,0,0,0,0,0,0,0
250,20252026,Regular,SEA,224,Danielle Serdachny,C,14.35,0.0,0.0,0.0,0,0,0,0,0,0,0,0,0,0,1,0,0,0,0,0,0,0,0,8,3
250,20252026,Regular,SEA,155,Corinne Schroeder,G,58.78333333333333,0.0,0.0,0.0,0,0,0,0,0,0,0,0,0,0,0,0,0,0,0,0,0,0,0,0,0
250,20252026,Regular,SEA,134,Carly Jackson,G,0.0,0.0,0.0,0.0,0,0,0,0,0,0,0,0,0,0,0,0,0,0,0,0,0,0,0,0,0
251,20252026,Regular,BOS,12,Megan Keller,LD,27.6,0.15310200000000002,0.0,0.0,0,0,0,0,0,0,0,0,0,0,-1,0,2,3,0,0,0,0,0,0,0
251,20252026,Regular,BOS,182,Hadley Hartmetz,RD,12.833333333333334,0.051034,0.0,0.0,0,0,0,0,1,0,0,0,0,0,1,0,0,1,0,0,0,0,0,0,0
251,20252026,Regular,BOS,254,Mia Biotti,LD,3.5,0.051034,0.0,0.0,0,0,0,0,0,0,0,0,0,0,0,0,0,1,0,0,0,0,0,0,0
251,20252026,Regular,BOS,246,Haley Winn,RD,30.533333333333335,0.051034,0.0,0.0,0,0,0,0,0,0,0,0,0,0,-1,2,0,1,0,0,0,0,0,0,0
251,20252026,Regular,BOS,18,Sophie Shirley,RW,10.533333333333333,0.0,0.0,0.0,0,0,0,0,0,0,0,0,0,0,-1,0,1,0,0,0,0,0,0,1,0
251,20252026,Regular,BOS,15,Alina Müller,LW,22.066666666666666,0.47131,0.0,0.0,0,0,0,0,0,0,0,0,0,0,1,0,1,5,0,0,0,0,0,0,0
251,20252026,Regular,BOS,97,Liz Schepers,C,15.866666666666667,0.094262,0.0,0.0,0,0,0,0,0,0,0,0,0,0,0,0,0,1,0,0,0,0,0,14,6
251,20252026,Regular,BOS,256,Olivia Mobley,RW,11.0,0.102068,0.0,0.0,0,0,0,0,0,0,0,0,0,0,0,0,0,2,0,0,0,0,0,0,0
251,20252026,Regular,BOS,255,Riley Brengman,RD,19.366666666666667,0.102068,0.0,0.0,0,0,0,0,0,0,0,0,0,0,0,0,0,2,0,0,0,0,0,0,0
251,20252026,Regular,BOS,17,Theresa Schafzahl,RW,17.233333333333334,0.102068,0.0,0.0,0,0,0,0,0,1,0,0,0,0,1,0,0,2,0,0,0,0,0,0,0
251,20252026,Regular,BOS,259,Abby Newhook,RW,15.783333333333333,0.239558,0.0,0.0,0,0,0,0,0,0,0,0,0,0,0,2,0,3,0,0,0,0,0,0,0
251,20252026,Regular,BOS,1,Hannah Brandt,C,9.316666666666666,0.051034,0.0,0.0,0,0,0,0,0,0,0,0,0,0,0,2,1,1,0,0,0,0,0,8,2
251,20252026,Regular,BOS,243,Ella Huber,LW,13.616666666666667,0.290592,0.0,0.0,0,0,0,0,0,0,0,0,0,0,0,0,0,4,0,0,0,0,0,0,0
251,20252026,Regular,BOS,183,Shay Maloney,C,17.216666666666665,0.0,0.0,0.0,0,0,0,0,0,0,0,0,0,0,-1,0,0,0,0,0,0,0,0,11,6
251,20252026,Regular,BOS,149,Jill Saulnier,LW,12.616666666666667,0.0,0.0,0.0,0,0,0,0,0,0,0,0,0,0,0,2,0,0,0,0,0,0,0,0,0
251,20252026,Regular,BOS,16,Jamie Lee Rattray,LW,13.9,0.051034,0.0,0.0,0,0,0,0,0,0,0,0,0,0,-1,0,2,1,0,0,0,0,0,1,1
251,20252026,Regular,BOS,232,Rylind MacKinnon,LD,10.85,0.102068,0.0,0.0,0,0,0,0,0,0,0,0,0,0,1,0,1,2,0,0,0,0,0,0,0
251,20252026,Regular,BOS,185,Daniela Pejšová,LD,16.683333333333334,0.0,0.0,0.0,0,0,0,0,0,0,0,0,0,0,0,0,1,0,0,0,0,0,0,0,0
251,20252026,Regular,BOS,78,Susanna Tapani,C,20.683333333333334,0.34850000000000003,0.0,0.0,1,0,0,0,0,0,0,0,0,0,1,2,1,3,0,0,0,0,0,21,8
251,20252026,Regular,BOS,6,Aerin Frankel,G,65.0,0.0,0.0,0.0,0,0,0,0,0,0,0,0,0,0,0,0,0,0,0,0,0,0,0,0,0
251,20252026,Regular,BOS,41,Abbey Levy,G,0.0,0.0,0.0,0.0,0,0,0,0,0,0,0,0,0,0,0,0,0,0,0,0,0,0,0,0,0
251,20252026,Regular,OTT,71,Jocelyne Larocque,LD,25.3,0.145296,0.0,0.0,0,0,0,0,0,0,0,0,0,0,0,0,0,2,0,0,0,0,0,0,0
251,20252026,Regular,OTT,242,Rory Guilday,RD,22.383333333333333,0.0,0.0,0.0,0,0,0,0,0,0,0,0,0,0,0,0,1,0,0,0,0,0,0,0,0
251,20252026,Regular,OTT,219,Stephanie Markowski,LD,17.966666666666665,0.0,0.0,0.0,0,0,0,0,0,0,0,0,0,0,-1,2,2,0,0,0,0,0,0,0,0
251,20252026,Regular,OTT,289,Kathryn Reilly,RD,14.183333333333334,0.0,0.0,0.0,0,0,0,0,0,0,0,0,0,0,1,2,0,0,0,0,0,0,0,0,0
251,20252026,Regular,OTT,101,Alexa Vasko,C,11.183333333333334,0.051034,0.0,0.0,0,0,0,0,0,0,0,0,0,0,0,0,4,1,0,0,0,0,0,7,1
251,20252026,Regular,OTT,38,Brooke Hobson,LD,15.033333333333333,0.0,0.0,0.0,0,0,0,0,0,1,0,0,0,0,1,0,1,0,0,0,0,0,0,0,0
251,20252026,Regular,OTT,88,Kateřina Mrázová,C,17.983333333333334,0.0,0.0,0.0,0,0,0,0,0,0,0,0,0,0,0,0,1,0,0,0,0,0,0,15,9
251,20252026,Regular,OTT,57,Gabbie Hughes,C,15.333333333333334,0.051034,0.0,0.0,0,0,0,0,0,0,0,0,0,0,0,0,0,1,0,0,0,0,0,12,7
251,20252026,Regular,OTT,220,Mannon McMahon,RW,12.616666666666667,0.145296,0.0,0.0,0,0,0,0,0,0,0,0,0,0,0,2,1,2,0,0,0,0,0,1,1
251,20252026,Regular,OTT,58,Brianne Jenner,C,21.383333333333333,0.159976,0.0,0.0,1,0,0,0,0,0,0,0,0,0,0,0,0,1,0,0,0,0,0,20,15
251,20252026,Regular,OTT,217,Taylor House,C,0.0,0.0,0.0,0.0,0,0,0,0,0,0,0,0,0,0,0,0,0,0,0,0,0,0,0,0,0
251,20252026,Regular,OTT,241,Sarah Wozniewicz,RW,19.3,0.145296,0.0,0.0,0,0,0,0,1,0,0,0,0,0,0,0,0,2,0,0,0,0,0,0,0
251,20252026,Regular,OTT,53,Emily Clark,LW,17.4,0.094262,0.0,0.0,0,0,0,0,0,0,0,0,0,0,0,0,1,1,0,0,0,0,0,0,0
251,20252026,Regular,OTT,286,Peyton Hemp,RW,14.25,0.094262,0.0,0.0,0,0,0,0,0,0,0,0,0,0,0,0,0,1,0,0,0,0,0,0,0
251,20252026,Regular,OTT,72,Rebecca Leslie,LW,19.583333333333332,0.051034,0.0,0.0,0,0,0,0,0,0,0,0,0,0,1,0,0,1,0,0,0,0,0,0,0
251,20252026,Regular,OTT,240,Fanuza Kadirova,LW,15.466666666666667,0.094262,0.0,0.0,0,0,0,0,0,0,0,0,0,0,0,0,0,1,0,0,0,0,0,1,0
251,20252026,Regular,OTT,223,Ronja Savolainen,RD,23.416666666666668,0.24736400000000003,0.0,0.0,0,0,0,0,0,0,0,0,0,0,-1,0,1,4,0,0,0,0,0,0,0
251,20252026,Regular,OTT,221,Anna Meixner,RW,11.766666666666667,0.0,0.0,0.0,0,0,0,0,0,0,0,0,0,0,0,2,0,0,0,0,0,0,0,0,0
251,20252026,Regular,OTT,239,Anna Shokhina,LW,9.0,0.051034,0.0,0.0,0,0,0,0,0,0,0,0,0,0,-1,0,1,1,0,0,0,0,0,0,0
251,20252026,Regular,OTT,238,Sanni Ahola,G,64.61666666666666,0.0,0.0,0.0,0,0,0,0,0,0,0,0,0,0,0,0,0,0,0,0,0,0,0,0,0
251,20252026,Regular,OTT,290,Kendra Woodland,G,0.0,0.0,0.0,0.0,0,0,0,0,0,0,0,0,0,0,0,0,0,0,0,0,0,0,0,0,0
252,20252026,Regular,MIN,236,Kendall Cooper,RD,25.3,0.051034,0.0,0.0,0,0,0,0,0,0,0,0,0,0,1,0,0,1,0,0,0,0,0,0,0
252,20252026,Regular,MIN,167,Sidney Morin,LD,20.883333333333333,0.145296,0.0,0.0,0,0,0,0,2,1,0,0,0,0,2,0,0,2,0,0,0,0,0,0,0
252,20252026,Regular,MIN,191,Katy Knoll,RW,15.033333333333333,0.351874,0.0,0.0,1,1,0,0,0,0,0,0,0,0,1,0,1,2,0,0,0,0,0,4,1
252,20252026,Regular,MIN,102,Claire Butorac,RW,12.116666666666667,0.094262,0.0,0.0,0,0,0,0,0,0,0,0,0,0,0,0,0,1,0,0,0,0,0,0,0
252,20252026,Regular,MIN,162,Madison Bizal,LD,13.3,0.0,0.0,0.0,0,0,0,0,0,0,0,0,0,0,0,0,0,0,0,0,0,0,0,0,0
252,20252026,Regular,MIN,23,Kelly Pannek,C,17.466666666666665,0.239558,0.0,0.0,0,0,0,0,0,1,0,0,0,0,1,0,0,3,0,0,0,0,0,22,13
252,20252026,Regular,MIN,25,Grace Zumwinkle,RW,17.9,0.957174,0.0,0.0,2,0,0,0,0,0,0,0,0,0,2,0,0,9,0,0,0,0,0,1,0
252,20252026,Regular,MIN,264,Brooke Becker,RD,14.366666666666667,0.094262,0.0,0.0,0,0,0,0,0,0,0,0,0,0,1,0,0,1,0,0,0,0,0,0,0
252,20252026,Regular,MIN,194,Kaitlyn O'Donohoe,RW,0.0,0.0,0.0,0.0,0,0,0,0,0,0,0,0,0,0,0,0,0,0,0,0,0,0,0,0,0
252,20252026,Regular,MIN,188,Mae Batherson,LD,23.616666666666667,0.145296,0.0,0.0,0,0,0,0,0,0,0,0,0,0,1,0,0,2,0,0,0,0,0,0,0
252,20252026,Regular,MIN,90,Natalie Buchbinder,RD,18.583333333333332,0.051034,0.0,0.0,0,0,0,0,0,0,0,0,0,0,1,0,0,1,0,0,0,0,0,0,0
252,20252026,Regular,MIN,269,Vanessa Upson,C,10.283333333333333,0.188524,0.0,0.0,0,0,0,0,0,0,0,0,0,0,0,0,0,2,0,0,0,0,0,5,3
252,20252026,Regular,MIN,20,Kendall Coyne Schofield,LW,17.333333333333332,0.145296,0.0,0.0,0,0,0,0,1,0,0,0,0,0,1,0,1,2,0,0,0,0,0,0,0
252,20252026,Regular,MIN,21,Taylor Heise,C,16.916666666666668,0.6312859999999999,0.0,0.0,1,0,0,0,1,0,0,1,0,0,2,0,0,6,0,0,0,0,0,17,11
252,20252026,Regular,MIN,104,Denisa Křížová,LW,14.316666666666666,0.145296,0.0,0.0,0,0,0,0,0,0,0,0,0,0,0,0,0,2,0,0,0,0,0,1,0
252,20252026,Regular,MIN,190,Klára Hymlárová,C,13.816666666666666,0.094262,0.0,0.0,0,0,0,0,0,1,0,0,0,0,0,2,2,1,0,0,0,0,0,14,5
252,20252026,Regular,MIN,247,Abby Hustler,LW,16.3,0.525718,0.0,0.0,1,0,0,0,0,1,0,0,0,0,2,0,0,5,0,0,0,0,0,0,0
252,20252026,Regular,MIN,189,Britta Curl-Salemme,RW,16.25,0.094262,0.0,0.0,0,0,0,0,1,0,1,0,0,0,0,0,1,1,0,0,0,0,0,0,0
252,20252026,Regular,MIN,263,Peyton Anderson,LW,10.85,0.290592,0.0,0.0,0,0,0,0,0,0,0,0,0,0,0,0,0,4,0,0,0,0,0,0,0
252,20252026,Regular,MIN,22,Nicole Hensley,G,0.0,0.0,0.0,0.0,0,0,0,0,0,0,0,0,0,0,0,0,0,0,0,0,0,0,0,0,0
252,20252026,Regular,MIN,123,Maddie Rooney,G,60.0,0.0,0.0,0.0,0,0,0,0,0,0,0,0,0,0,0,0,0,0,0,0,0,0,0,0,0
252,20252026,Regular,SEA,62,Aneta Tejralová,RD,19.0,0.094262,0.0,0.0,0,0,0,0,0,0,0,0,0,0,0,0,0,1,0,0,0,0,0,0,0
252,20252026,Regular,SEA,196,Cayla Barnes,RD,21.116666666666667,0.094262,0.0,0.0,0,0,0,0,0,0,0,0,0,0,-1,0,0,1,0,0,0,0,0,0,0
252,20252026,Regular,SEA,203,Anna Wilgren,LD,15.65,0.102068,0.0,0.0,0,0,0,0,0,0,0,0,0,0,-2,0,1,2,0,0,0,0,0,0,0
252,20252026,Regular,SEA,142,Natalie Snodgrass,LW,12.516666666666667,0.0,0.0,0.0,0,0,0,0,0,0,0,0,0,0,0,0,0,0,0,0,0,0,0,0,0
252,20252026,Regular,SEA,36,Jessie Eldridge,RW,11.533333333333333,0.34850000000000003,0.0,0.0,1,0,0,0,0,1,0,0,0,0,-1,0,0,3,0,0,0,0,0,2,1
252,20252026,Regular,SEA,237,Jenna Buglioni,C,12.316666666666666,0.0,0.0,0.0,0,0,0,0,0,0,0,0,0,0,0,0,0,0,0,0,0,0,0,6,2
252,20252026,Regular,SEA,2,Emily Brown,RD,19.566666666666666,0.0,0.0,0.0,0,0,0,0,0,0,0,0,0,0,-2,0,0,0,0,0,0,0,0,0,0
252,20252026,Regular,SEA,138,Mikyla Grant-Mentis,C,16.583333333333332,0.102068,0.0,0.0,0,0,0,0,0,0,0,0,0,0,0,2,0,2,0,0,0,0,0,16,7
252,20252026,Regular,SEA,91,Brooke Bryant,RW,10.666666666666666,0.0,0.0,0.0,0,0,0,0,0,0,0,0,0,0,0,0,0,0,0,0,0,0,0,2,1
252,20252026,Regular,SEA,181,Hannah Bilka,LW,14.416666666666666,0.094262,0.0,0.0,0,0,0,0,0,0,0,0,0,0,-1,0,0,1,0,0,0,0,0,0,0
252,20252026,Regular,SEA,99,Mariah Keopple,LD,11.5,0.051034,0.0,0.0,0,0,0,0,0,0,0,0,0,0,1,0,0,1,0,0,0,0,0,0,0
252,20252026,Regular,SEA,13,Hilary Knight,RW,16.316666666666666,0.239558,0.0,0.0,0,0,0,0,0,0,0,0,0,0,-2,0,0,3,0,0,0,0,0,0,0
252,20252026,Regular,SEA,294,Lyndie Lobdell,RD,7.816666666666666,0.0,0.0,0.0,0,0,0,0,0,0,0,0,0,0,1,0,0,0,0,0,0,0,0,1,1
252,20252026,Regular,SEA,34,Alex Carpenter,C,15.733333333333333,0.051034,0.0,0.0,0,0,0,0,0,0,0,0,0,0,-2,0,0,1,0,0,0,0,0,19,11
252,20252026,Regular,SEA,208,Megan Carter,LD,18.266666666666666,0.102068,0.0,0.0,0,0,0,0,0,0,0,0,0,0,-3,2,0,2,0,0,0,0,0,0,0
252,20252026,Regular,SEA,295,Marah Wagner,LW,11.8,0.051034,0.0,0.0,0,0,0,0,0,0,0,0,0,0,0,2,0,1,0,0,0,0,0,0,0
252,20252026,Regular,SEA,49,Lexie Adzija,RW,17.333333333333332,0.188524,0.0,0.0,0,0,0,0,0,0,0,0,0,0,0,0,0,2,0,0,0,0,0,3,1
252,20252026,Regular,SEA,210,Julia Gosling,LW,13.966666666666667,0.145296,0.0,0.0,0,0,0,0,1,0,0,0,0,0,-2,2,0,2,0,0,0,0,0,0,0
252,20252026,Regular,SEA,224,Danielle Serdachny,C,13.633333333333333,0.356306,0.0,0.0,1,0,0,0,0,0,0,0,0,0,-1,0,0,4,0,0,0,0,0,15,7
252,20252026,Regular,SEA,134,Carly Jackson,G,0.0,0.0,0.0,0.0,0,0,0,0,0,0,0,0,0,0,0,0,0,0,0,0,0,0,0,0,0
252,20252026,Regular,SEA,250,Hannah Murphy,G,60.0,0.0,0.0,0.0,0,0,0,0,0,0,0,0,0,0,0,0,0,0,0,0,0,0,0,0,0
253,20252026,Regular,MTL,32,Laura Stacey,RW,20.9,0.051034,0.0,0.0,0,0,0,0,0,0,0,0,0,0,1,0,1,1,0,0,0,0,0,0,0
253,20252026,Regular,MTL,84,Kati Tabin,RD,21.15,0.051034,0.0,0.0,0,0,0,0,0,0,0,0,0,0,1,0,2,1,0,0,0,0,0,0,0
253,20252026,Regular,MTL,42,Abby Roque,LW,13.1,0.0,0.0,0.0,0,0,0,0,0,0,0,0,0,0,1,5,2,0,0,0,0,0,0,5,1
253,20252026,Regular,MTL,39,Alexandra Labelle,C,12.616666666666667,0.051034,0.0,0.0,0,0,0,0,0,0,0,0,0,0,0,0,1,1,0,0,0,0,0,4,1
253,20252026,Regular,MTL,61,Hayley Scamurra,LW,14.383333333333333,0.094262,0.0,0.0,0,0,0,0,0,0,0,0,0,0,0,0,0,1,0,0,0,0,0,1,1
253,20252026,Regular,MTL,199,Dara Greig,LW,11.4,0.188524,0.0,0.0,0,0,0,0,0,0,0,0,0,0,0,2,0,2,0,0,0,0,0,0,0
253,20252026,Regular,MTL,128,Kaitlin Willoughby,RW,8.95,0.0,0.0,0.0,0,0,0,0,0,0,0,0,0,0,0,0,0,0,0,0,0,0,0,0,0
253,20252026,Regular,MTL,98,Maureen Murphy,RW,13.083333333333334,0.239558,0.0,0.0,0,0,0,0,0,0,0,0,0,0,0,0,0,3,0,0,0,0,0,0,0
253,20252026,Regular,MTL,5,Jessica DiGirolamo,LD,16.216666666666665,0.102068,0.0,0.0,0,0,0,0,0,0,0,0,0,0,0,2,0,2,0,0,0,0,0,0,0
253,20252026,Regular,MTL,83,Erin Ambrose,RD,20.666666666666668,0.0,0.0,0.0,0,0,0,0,0,0,0,0,0,0,0,0,0,0,0,0,0,0,0,0,0
253,20252026,Regular,MTL,201,Lina Ljungblom,LW,9.816666666666666,0.094262,0.0,0.0,0,0,0,0,0,0,0,0,0,0,0,0,0,1,0,0,0,0,0,5,2
253,20252026,Regular,MTL,4,Shiann Darkangelo,C,13.333333333333334,0.239558,0.0,0.0,0,0,0,0,0,0,0,0,0,0,0,0,0,3,0,0,0,0,0,14,10
253,20252026,Regular,MTL,157,Catherine Dubois,LW,9.25,0.188524,0.0,0.0,0,0,0,0,0,0,0,0,0,0,0,0,0,2,0,0,0,0,0,0,0
253,20252026,Regular,MTL,31,Marie-Philip Poulin,C,18.95,0.19633,0.0,0.0,0,0,0,0,1,0,0,0,0,0,1,0,2,3,0,0,0,0,0,16,13
253,20252026,Regular,MTL,51,Amanda Boulier,RD,16.716666666666665,0.0,0.0,0.0,0,0,0,0,0,0,0,0,0,0,0,0,1,0,0,0,0,0,0,0,0
253,20252026,Regular,MTL,253,Nicole Gosling,LD,22.8,0.191898,0.0,0.0,1,0,0,0,0,0,0,0,0,0,1,0,2,1,0,0,0,0,0,0,0
253,20252026,Regular,MTL,35,Jade Downie-Landry,C,11.65,0.051034,0.0,0.0,0,0,0,0,0,0,0,0,0,0,0,0,1,1,0,0,0,0,0,4,4
253,20252026,Regular,MTL,79,Maggie Flaherty,LD,21.0,0.102068,0.0,0.0,0,0,0,0,0,0,0,0,0,0,0,0,1,2,0,0,0,0,0,0,0
253,20252026,Regular,MTL,274,Natálie Mlýnková,RW,12.633333333333333,0.188524,0.0,0.0,0,0,0,0,0,0,0,0,0,0,0,0,0,2,0,0,0,0,0,0,0
253,20252026,Regular,MTL,48,Sandra Abstreiter,G,0.0,0.0,0.0,0.0,0,0,0,0,0,0,0,0,0,0,0,0,0,0,0,0,0,0,0,0,0
253,20252026,Regular,MTL,28,Ann-Renée Desbiens,G,60.0,0.0,0.0,0.0,0,0,0,0,0,0,0,0,0,0,0,0,0,0,0,0,0,0,0,0,0
253,20252026,Regular,VAN,209,Izzy Daniel,RW,18.516666666666666,0.0,0.0,0.0,0,0,0,0,0,0,0,0,0,0,0,0,0,0,0,0,0,0,0,2,0
253,20252026,Regular,VAN,301,Katie Chan,RW,7.483333333333333,0.0,0.0,0.0,0,0,0,0,0,0,0,0,0,0,0,0,0,0,0,0,0,0,0,0,0
253,20252026,Regular,VAN,180,Sydney Bard,RD,9.4,0.0,0.0,0.0,0,0,0,0,0,0,0,0,0,0,-1,0,2,0,0,0,0,0,0,0,0
253,20252026,Regular,VAN,198,Jenn Gardiner,LW,18.5,0.19633,0.0,0.0,0,0,0,0,0,0,0,0,0,0,0,0,0,3,0,0,0,0,0,0,0
253,20252026,Regular,VAN,161,Tereza Vanišová,LW,18.433333333333334,0.102068,0.0,0.0,0,0,0,0,0,0,0,0,0,0,0,0,0,2,0,0,0,0,0,0,0
253,20252026,Regular,VAN,227,Gabby Rosenthal,C,16.15,0.094262,0.0,0.0,0,0,0,0,0,0,0,0,0,0,0,0,1,1,0,0,0,0,0,12,5
253,20252026,Regular,VAN,11,Sophie Jaques,RD,25.866666666666667,0.40046600000000004,0.0,0.0,0,0,0,0,0,0,0,0,0,0,0,0,0,7,0,0,0,0,0,0,0
253,20252026,Regular,VAN,50,Ashton Bell,RD,21.883333333333333,0.051034,0.0,0.0,0,0,0,0,0,0,0,0,0,0,0,0,0,1,0,0,0,0,0,0,0
253,20252026,Regular,VAN,114,Abby Boreen,RW,18.516666666666666,0.0,0.0,0.0,0,0,0,0,0,0,0,0,0,0,-1,4,0,0,0,0,0,0,0,4,3
253,20252026,Regular,VAN,129,Mellissa Channell-Watkins,LD,16.0,0.0,0.0,0.0,0,0,0,0,0,0,0,0,0,0,0,0,1,0,0,0,0,0,0,0,0
253,20252026,Regular,VAN,118,Emma Greco,LD,4.083333333333333,0.0,0.0,0.0,0,0,0,0,0,0,0,0,0,0,0,0,0,0,0,0,0,0,0,0,0
253,20252026,Regular,VAN,192,Brooke McQuigge,LW,8.333333333333334,0.145296,0.0,0.0,0,0,0,0,0,0,0,0,0,0,0,0,2,2,0,0,0,0,0,0,0
253,20252026,Regular,VAN,305,Nina Jobst-Smith,D,12.8,0.102068,0.0,0.0,0,0,0,0,0,0,0,0,0,0,-1,0,0,2,0,0,0,0,0,0,0
253,20252026,Regular,VAN,252,Michelle Karvinen,LW,13.75,0.051034,0.0,0.0,0,0,0,0,0,0,0,0,0,0,-1,0,0,1,0,0,0,0,0,0,0
253,20252026,Regular,VAN,89,Hannah Miller,C,19.55,0.19633,0.0,0.0,0,0,0,0,0,0,0,0,0,0,-1,0,1,3,0,0,0,0,0,17,3
253,20252026,Regular,VAN,169,Claire Thompson,LD,23.733333333333334,0.102068,0.0,0.0,0,0,0,0,0,0,0,0,0,0,0,0,0,2,0,0,0,0,0,0,0
253,20252026,Regular,VAN,248,Anna Segedi,C,14.216666666666667,0.051034,0.0,0.0,0,0,0,0,0,0,0,0,0,0,0,0,1,1,0,0,0,0,0,7,4
253,20252026,Regular,VAN,306,Darcie Lappan,C,8.283333333333333,0.0,0.0,0.0,0,0,0,0,0,0,0,0,0,0,0,0,0,0,0,0,0,0,0,6,2
253,20252026,Regular,VAN,115,Michela Cava,RW,17.683333333333334,0.051034,0.0,0.0,0,0,0,0,0,0,0,0,0,0,0,0,1,1,0,0,0,0,0,1,0
253,20252026,Regular,VAN,59,Emerance Maschmeyer,G,58.21666666666667,0.0,0.0,0.0,0,0,0,0,0,0,0,0,0,0,0,0,0,0,0,0,0,0,0,0,0
253,20252026,Regular,VAN,64,Kristen Campbell,G,0.0,0.0,0.0,0.0,0,0,0,0,0,0,0,0,0,0,0,0,0,0,0,0,0,0,0,0,0
254,20252026,Regular,MTL,32,Laura Stacey,RW,21.916666666666668,0.428082,0.0,0.0,0,0,0,0,0,0,0,0,0,0,0,2,0,5,0,0,0,0,0,1,0
254,20252026,Regular,MTL,84,Kati Tabin,RD,20.9,0.102068,0.0,0.0,0,0,0,0,0,0,0,0,0,0,0,0,0,2,0,0,0,0,0,0,0
254,20252026,Regular,MTL,39,Alexandra Labelle,C,7.833333333333333,0.0,0.0,0.0,0,0,0,0,0,0,0,0,0,0,0,0,0,0,0,0,0,0,0,7,3
254,20252026,Regular,MTL,61,Hayley Scamurra,LW,17.35,0.051034,0.0,0.0,0,0,0,0,0,0,1,0,0,0,0,0,1,1,0,0,0,0,0,2,1
254,20252026,Regular,MTL,199,Dara Greig,LW,9.083333333333334,0.0,0.0,0.0,0,0,0,0,0,0,0,0,0,0,0,0,1,0,0,0,0,0,0,1,1
254,20252026,Regular,MTL,128,Kaitlin Willoughby,RW,8.6,0.094262,0.0,0.0,0,0,0,0,0,0,0,0,0,0,0,0,0,1,0,0,0,0,0,0,0
254,20252026,Regular,MTL,98,Maureen Murphy,RW,18.25,0.15310200000000002,0.0,0.0,0,0,0,0,0,1,0,0,0,0,1,0,1,3,0,0,0,0,0,0,0
254,20252026,Regular,MTL,5,Jessica DiGirolamo,LD,17.866666666666667,0.262044,0.0,0.0,1,0,0,0,0,0,0,0,0,0,1,0,2,3,0,0,0,0,0,0,0
254,20252026,Regular,MTL,83,Erin Ambrose,RD,21.85,0.239558,0.0,0.0,0,0,0,0,0,0,0,0,0,0,0,2,0,3,0,0,0,0,0,0,0
254,20252026,Regular,MTL,201,Lina Ljungblom,LW,14.283333333333333,0.0,0.0,0.0,0,0,0,0,0,0,0,0,0,0,1,0,0,0,0,0,0,0,0,0,0
254,20252026,Regular,MTL,4,Shiann Darkangelo,C,18.0,0.30527200000000004,0.0,0.0,0,1,0,0,1,0,0,0,0,0,1,0,0,3,0,0,0,0,0,20,12
254,20252026,Regular,MTL,157,Catherine Dubois,LW,5.883333333333333,0.0,0.0,0.0,0,0,0,0,0,0,0,0,0,0,0,2,0,0,0,0,0,0,0,0,0
254,20252026,Regular,MTL,31,Marie-Philip Poulin,C,21.366666666666667,0.051034,0.0,0.0,0,0,0,0,0,0,0,0,0,0,0,0,1,1,0,0,0,0,0,22,12
254,20252026,Regular,MTL,51,Amanda Boulier,RD,15.266666666666667,0.0,0.0,0.0,0,0,0,0,0,0,0,0,0,0,1,0,0,0,0,0,0,0,0,0,0
254,20252026,Regular,MTL,253,Nicole Gosling,LD,22.15,0.145296,0.0,0.0,0,0,0,0,0,0,0,0,0,0,0,0,0,2,0,0,0,0,0,0,0
254,20252026,Regular,MTL,35,Jade Downie-Landry,C,11.1,0.239558,0.0,0.0,0,0,0,0,0,0,0,0,0,0,0,0,1,3,0,0,0,0,0,1,0
254,20252026,Regular,MTL,272,Skylar Irving,RW,7.283333333333333,0.239558,0.0,0.0,0,0,0,0,0,0,0,0,0,0,0,2,0,3,0,0,0,0,0,0,0
254,20252026,Regular,MTL,79,Maggie Flaherty,LD,21.416666666666668,0.0,0.0,0.0,0,0,0,0,0,0,0,1,0,0,0,0,0,0,0,0,0,0,0,0,0
254,20252026,Regular,MTL,274,Natálie Mlýnková,RW,11.533333333333333,0.051034,0.0,0.0,0,0,0,0,0,0,0,0,0,0,0,0,0,1,0,0,0,0,0,2,1
254,20252026,Regular,MTL,48,Sandra Abstreiter,G,0.0,0.0,0.0,0.0,0,0,0,0,0,0,0,0,0,0,0,0,0,0,0,0,0,0,0,0,0
254,20252026,Regular,MTL,28,Ann-Renée Desbiens,G,59.96666666666667,0.0,0.0,0.0,0,0,0,0,0,0,0,0,0,0,0,0,0,0,0,0,0,0,0,0,0
254,20252026,Regular,OTT,71,Jocelyne Larocque,LD,24.816666666666666,0.051034,0.0,0.0,0,0,0,0,0,0,0,0,0,0,0,0,0,1,0,0,0,0,0,0,0
254,20252026,Regular,OTT,242,Rory Guilday,RD,21.016666666666666,0.0,0.0,0.0,0,0,0,0,0,0,0,0,0,0,0,2,1,0,0,0,0,0,0,0,0
254,20252026,Regular,OTT,219,Stephanie Markowski,LD,15.25,0.051034,0.0,0.0,0,0,0,0,0,0,0,0,0,0,0,0,0,1,0,0,0,0,0,0,0
254,20252026,Regular,OTT,289,Kathryn Reilly,RD,16.733333333333334,0.0,0.0,0.0,0,0,0,0,0,0,0,0,0,0,-1,0,0,0,0,0,0,0,0,0,0
254,20252026,Regular,OTT,101,Alexa Vasko,C,8.716666666666667,0.0,0.0,0.0,0,0,0,0,0,0,0,0,0,0,-1,0,1,0,0,0,0,0,0,7,4
254,20252026,Regular,OTT,38,Brooke Hobson,LD,15.45,0.051034,0.0,0.0,0,0,0,0,0,0,0,0,0,0,-1,0,0,1,0,0,0,0,0,0,0
254,20252026,Regular,OTT,88,Kateřina Mrázová,C,17.95,0.094262,0.0,0.0,0,0,0,0,0,0,0,1,0,0,0,0,1,1,0,0,0,0,0,11,5
254,20252026,Regular,OTT,57,Gabbie Hughes,C,15.083333333333334,0.0,0.0,0.0,0,0,0,0,0,0,0,0,0,0,0,2,0,0,0,0,0,0,0,13,9
254,20252026,Regular,OTT,220,Mannon McMahon,RW,15.816666666666666,0.094262,0.0,0.0,0,0,0,0,0,0,0,0,0,0,0,0,1,1,0,0,0,0,0,1,0
254,20252026,Regular,OTT,58,Brianne Jenner,C,19.0,0.239558,0.0,0.0,0,0,0,0,0,0,0,0,0,0,0,2,0,3,0,0,0,0,0,20,7
254,20252026,Regular,OTT,217,Taylor House,C,0.0,0.0,0.0,0.0,0,0,0,0,0,0,0,0,0,0,0,0,0,0,0,0,0,0,0,0,0
254,20252026,Regular,OTT,241,Sarah Wozniewicz,RW,19.783333333333335,0.188524,0.0,0.0,0,0,0,0,0,0,0,0,0,0,0,0,0,2,0,0,0,0,0,2,1
254,20252026,Regular,OTT,53,Emily Clark,LW,15.866666666666667,0.051034,0.0,0.0,0,0,0,0,0,0,0,0,0,0,0,0,1,1,0,0,0,0,0,0,0
254,20252026,Regular,OTT,286,Peyton Hemp,RW,16.616666666666667,0.051034,0.0,0.0,0,0,0,0,0,0,0,0,0,0,0,0,0,1,0,0,0,0,0,1,0
254,20252026,Regular,OTT,72,Rebecca Leslie,LW,20.066666666666666,0.0,0.0,0.0,0,0,0,0,0,0,0,0,0,0,0,0,0,0,0,0,0,0,0,1,0
254,20252026,Regular,OTT,240,Fanuza Kadirova,LW,13.45,0.377048,0.0,0.0,0,0,0,0,0,0,1,0,0,0,0,2,1,4,0,0,0,0,0,0,0
254,20252026,Regular,OTT,223,Ronja Savolainen,RD,23.233333333333334,0.159976,0.0,0.0,0,1,0,0,0,0,0,0,0,0,0,0,0,1,0,0,0,0,0,0,0
254,20252026,Regular,OTT,221,Anna Meixner,LW,8.8,0.0,0.0,0.0,0,0,0,0,0,0,0,0,0,0,-1,0,0,0,0,0,0,0,0,0,0
254,20252026,Regular,OTT,239,Anna Shokhina,RW,5.416666666666667,0.094262,0.0,0.0,0,0,0,0,0,0,0,0,0,0,-1,0,0,1,0,0,0,0,0,0,0
254,20252026,Regular,OTT,238,Sanni Ahola,G,0.0,0.0,0.0,0.0,0,0,0,0,0,0,0,0,0,0,0,0,0,0,0,0,0,0,0,0,0
254,20252026,Regular,OTT,222,Gwyneth Philips,G,59.06666666666667,0.0,0.0,0.0,0,0,0,0,0,0,0,0,0,0,0,0,0,0,0,0,0,0,0,0,0
255,20252026,Regular,BOS,52,Zoe Boyd,LD,17.55,0.051034,0.0,0.0,0,0,0,0,0,0,0,0,0,0,0,0,3,1,0,0,0,0,0,0,0
255,20252026,Regular,BOS,12,Megan Keller,LD,28.716666666666665,0.19633,0.0,0.0,0,0,0,0,0,1,0,0,0,0,1,0,2,3,0,0,0,0,0,0,0
255,20252026,Regular,BOS,246,Haley Winn,RD,29.666666666666668,0.051034,0.0,0.0,0,0,0,0,1,0,0,0,0,0,1,0,1,1,0,0,0,0,0,0,0
255,20252026,Regular,BOS,18,Sophie Shirley,RW,6.766666666666667,0.094262,0.0,0.0,0,0,0,0,0,0,0,0,0,0,0,0,0,1,0,0,0,0,0,0,0
255,20252026,Regular,BOS,15,Alina Müller,C,20.666666666666668,0.159976,0.0,0.0,1,0,0,0,0,1,0,0,0,0,2,0,0,1,0,0,0,0,0,15,9
255,20252026,Regular,BOS,97,Liz Schepers,C,10.25,0.145296,0.0,0.0,0,0,0,0,0,0,0,0,0,0,0,0,1,2,0,0,0,0,0,6,4
255,20252026,Regular,BOS,256,Olivia Mobley,RW,13.05,0.145296,0.0,0.0,0,0,0,0,0,0,0,0,0,0,0,0,0,2,0,0,0,0,0,0,0
255,20252026,Regular,BOS,255,Riley Brengman,RD,18.583333333333332,0.051034,0.0,0.0,0,0,0,0,0,0,0,0,0,0,0,0,5,1,0,0,0,0,0,0,0
255,20252026,Regular,BOS,17,Theresa Schafzahl,LW,12.183333333333334,0.094262,0.0,0.0,0,0,0,0,0,0,0,0,0,0,0,0,0,1,0,0,0,0,0,0,0
255,20252026,Regular,BOS,259,Abby Newhook,RW,15.75,0.094262,0.0,0.0,0,0,0,0,0,0,0,0,0,0,1,0,0,1,0,0,0,0,0,1,0
255,20252026,Regular,BOS,1,Hannah Brandt,RW,7.083333333333333,0.094262,0.0,0.0,0,0,0,0,0,0,0,0,0,0,-1,0,1,1,0,0,0,0,0,4,3
255,20252026,Regular,BOS,212,Laura Kluge,LW,9.983333333333333,0.0,0.0,0.0,0,0,0,0,0,0,0,0,0,0,0,0,0,0,0,0,0,0,0,0,0
255,20252026,Regular,BOS,243,Ella Huber,RW,12.883333333333333,0.094262,0.0,0.0,0,0,0,0,0,0,0,0,0,0,0,0,1,1,0,0,0,0,0,0,0
255,20252026,Regular,BOS,183,Shay Maloney,C,14.666666666666666,0.34850000000000003,0.0,0.0,1,0,0,0,0,0,0,0,0,0,1,0,2,3,0,0,0,0,0,10,4
255,20252026,Regular,BOS,149,Jill Saulnier,LW,12.483333333333333,0.051034,0.0,0.0,0,0,0,0,1,0,0,0,0,0,1,0,0,1,0,0,0,0,0,0,0
255,20252026,Regular,BOS,16,Jamie Lee Rattray,LW,14.3,0.0,0.0,0.0,0,0,0,0,0,0,0,0,0,0,-1,0,3,0,0,0,0,0,0,1,0
255,20252026,Regular,BOS,232,Rylind MacKinnon,RD,9.8,0.051034,0.0,0.0,0,0,0,0,0,0,0,0,0,0,0,0,1,1,0,0,0,0,0,0,0
255,20252026,Regular,BOS,185,Daniela Pejšová,LD,12.65,0.0,0.0,0.0,0,0,0,0,0,0,0,0,0,0,0,0,1,0,0,0,0,0,0,0,0
255,20252026,Regular,BOS,78,Susanna Tapani,C,20.05,0.0,0.0,0.0,0,0,0,0,0,0,0,0,0,0,0,0,0,0,0,0,0,0,0,18,9
255,20252026,Regular,BOS,6,Aerin Frankel,G,60.0,0.0,0.0,0.0,0,0,0,0,0,0,0,0,0,0,0,0,0,0,0,0,0,0,0,0,0
255,20252026,Regular,BOS,41,Abbey Levy,G,0.0,0.0,0.0,0.0,0,0,0,0,0,0,0,0,0,0,0,0,0,0,0,0,0,0,0,0,0
255,20252026,Regular,TOR,68,Kali Flanagan,RD,19.883333333333333,0.188524,0.0,0.0,0,0,0,0,0,0,0,0,0,0,-2,0,0,2,0,0,0,0,0,0,0
255,20252026,Regular,TOR,116,Clair DeGeorge,C,2.216666666666667,0.0,0.0,0.0,0,0,0,0,0,0,0,0,0,0,0,0,0,0,0,0,0,0,0,0,0
255,20252026,Regular,TOR,63,Daryl Watts,LW,16.95,0.15310200000000002,0.0,0.0,0,0,0,0,0,0,0,0,0,0,1,0,0,3,0,0,0,0,0,2,1
255,20252026,Regular,TOR,311,Hanna Baskin,LD,9.1,0.0,0.0,0.0,0,0,0,0,0,0,0,0,0,0,0,0,2,0,0,0,0,0,0,0,0
255,20252026,Regular,TOR,317,Kiara Zanon,LW,10.25,0.0,0.0,0.0,0,0,0,0,0,0,0,0,0,0,0,0,1,0,0,0,0,0,0,0,0
255,20252026,Regular,TOR,67,Renata Fast,RD,26.75,0.0,0.0,0.0,0,0,0,0,0,0,0,0,0,0,1,0,4,0,0,0,0,0,0,0,0
255,20252026,Regular,TOR,56,Savannah Harmon,LD,22.0,0.145296,0.0,0.0,0,0,0,0,0,0,0,0,0,0,-2,0,0,2,0,0,0,0,0,0,0
255,20252026,Regular,TOR,44,Ella Shelton,LD,26.05,0.102068,0.0,0.0,0,0,0,0,0,1,0,0,0,0,1,0,2,2,0,0,0,0,0,0,0
255,20252026,Regular,TOR,65,Jesse Compher,C,13.583333333333334,0.051034,0.0,0.0,0,0,0,0,0,0,0,0,0,0,-1,0,1,1,0,0,0,0,0,10,5
255,20252026,Regular,TOR,313,Sara Hjalmarsson,LW,10.55,0.0,0.0,0.0,0,0,0,0,0,0,0,0,0,0,0,0,0,0,0,0,0,0,0,0,0
255,20252026,Regular,TOR,244,Emma Gentry,C,12.0,0.094262,0.0,0.0,0,0,0,0,0,0,0,0,0,0,0,0,1,1,0,0,0,0,0,10,4
255,20252026,Regular,TOR,66,Maggie Connors,RW,10.583333333333334,0.094262,0.0,0.0,0,0,0,0,0,0,0,0,0,0,0,0,0,1,0,0,0,0,0,0,0
255,20252026,Regular,TOR,100,Natalie Spooner,RW,15.783333333333333,0.188524,0.0,0.0,0,0,0,0,0,0,0,0,0,0,-1,0,0,2,0,0,0,0,0,0,0
255,20252026,Regular,TOR,316,Clara Van Wieren,C,11.55,0.145296,0.0,0.0,0,0,0,0,0,0,0,0,0,0,-1,0,2,2,0,0,0,0,0,4,2
255,20252026,Regular,TOR,73,Emma Maltais,LW,20.416666666666668,0.34850000000000003,0.0,0.0,1,0,0,0,0,0,0,0,0,0,0,0,1,3,0,0,0,0,0,10,6
255,20252026,Regular,TOR,76,Blayre Turnbull,C,18.433333333333334,0.051034,0.0,0.0,0,0,0,0,0,0,0,0,0,0,0,0,1,1,0,0,0,0,0,18,8
255,20252026,Regular,TOR,26,Claire Dalton,RW,15.116666666666667,0.094262,0.0,0.0,0,0,0,0,1,0,0,0,0,0,0,0,1,1,0,0,0,0,0,1,0
255,20252026,Regular,TOR,86,Emma Woods,RW,9.9,0.051034,0.0,0.0,0,0,0,0,0,0,0,0,0,0,0,0,0,1,0,0,0,0,0,0,0
255,20252026,Regular,TOR,200,Anna Kjellbin,RD,12.016666666666667,0.0,0.0,0.0,0,0,0,0,0,0,0,0,0,0,0,0,2,0,0,0,0,0,0,0,0
255,20252026,Regular,TOR,211,Raygan Kirk,G,57.75,0.0,0.0,0.0,0,0,0,0,0,0,0,0,0,0,0,0,0,0,0,0,0,0,0,0,0
255,20252026,Regular,TOR,314,Jessie McPherson,G,0.0,0.0,0.0,0.0,0,0,0,0,0,0,0,0,0,0,0,0,0,0,0,0,0,0,0,0,0
256,20252026,Regular,NY,251,Dayle Ross,RD,6.1,0.145296,0.0,0.0,0,0,0,0,0,0,0,0,0,0,0,0,0,2,0,0,0,0,0,0,0
256,20252026,Regular,NY,206,Elle Hartje,RW,13.9,0.0,0.0,0.0,0,0,0,0,0,0,0,0,0,0,-1,0,1,0,0,0,0,0,0,2,2
256,20252026,Regular,NY,147,Savannah Norcross,RW,6.266666666666667,0.0,0.0,0.0,0,0,0,0,0,0,0,0,0,0,1,0,1,0,0,0,0,0,0,0,0
256,20252026,Regular,NY,229,Maja Nylen Persson,RD,16.383333333333333,0.19633,0.0,0.0,0,0,0,0,0,0,0,0,0,0,1,0,0,3,0,0,0,0,0,0,0
256,20252026,Regular,NY,205,Sarah Fillier,C,18.883333333333333,0.0,0.0,0.0,0,0,0,0,0,0,0,0,1,0,0,0,2,0,0,0,0,0,0,9,6
256,20252026,Regular,NY,87,Jaime Bourbonnais,RD,22.483333333333334,0.0,0.0,0.0,0,0,0,0,0,0,0,0,0,0,-2,2,1,0,0,0,0,0,0,0,0
256,20252026,Regular,NY,207,Lauren Bernard,LD,13.616666666666667,0.0,0.0,0.0,0,0,0,0,0,0,0,0,0,0,-1,0,0,0,0,0,0,0,0,0,0
256,20252026,Regular,NY,9,Taylor Girard,LW,14.766666666666667,0.305272,0.0,0.0,1,0,0,0,0,0,0,0,0,0,0,0,1,3,0,0,0,0,0,0,0
256,20252026,Regular,NY,285,Maddi Wheeler,LW,9.366666666666667,0.0,0.0,0.0,0,0,0,0,0,0,0,0,0,0,0,2,2,0,0,0,0,0,0,0,0
256,20252026,Regular,NY,40,Paetyn Levis,RW,11.866666666666667,0.094262,0.0,0.0,0,0,0,0,0,0,0,0,0,0,0,0,0,1,0,0,0,0,0,0,0
256,20252026,Regular,NY,230,Allyson Simpson,RD,20.033333333333335,0.051034,0.0,0.0,0,0,0,0,0,0,0,0,0,0,0,0,0,1,0,0,0,0,0,0,0
256,20252026,Regular,NY,277,Anna Bargman,LW,4.883333333333333,0.145296,0.0,0.0,0,0,0,0,0,0,0,0,0,0,0,0,0,2,0,0,0,0,0,0,0
256,20252026,Regular,NY,249,Anne Cherkowski,RW,17.266666666666666,0.094262,0.0,0.0,0,0,0,0,0,0,0,0,0,0,-1,0,0,1,0,0,0,0,0,0,0
256,20252026,Regular,NY,280,Casey O'Brien,C,21.25,0.21101,0.0,0.0,0,0,1,0,0,0,0,0,0,0,-1,0,0,2,0,0,0,0,0,22,11
256,20252026,Regular,NY,47,Micah Zandee-Hart,LD,16.433333333333334,0.145296,0.0,0.0,0,0,0,0,1,0,0,0,0,0,1,0,1,2,0,0,0,0,0,0,0
256,20252026,Regular,NY,30,Kristin O'Neill,C,17.083333333333332,0.247364,0.0,0.0,0,0,0,0,0,0,0,0,0,0,-1,0,1,4,0,0,0,0,0,23,15
256,20252026,Regular,NY,60,Jincy Roese,LD,13.783333333333333,0.188524,0.0,0.0,0,0,0,0,0,0,0,0,0,0,0,0,0,2,0,0,0,0,0,0,0
256,20252026,Regular,NY,45,Kayla Vespa,C,5.7,0.0,0.0,0.0,0,0,0,0,0,0,0,0,0,0,1,0,0,0,0,0,0,0,0,5,3
256,20252026,Regular,NY,245,Kristýna Kaltounková,LW,25.016666666666666,0.19633,0.0,0.0,0,0,0,0,0,0,0,0,0,0,-1,0,1,3,0,0,0,0,0,0,0
256,20252026,Regular,NY,282,Callie Shanahan,G,0.0,0.0,0.0,0.0,0,0,0,0,0,0,0,0,0,0,0,0,0,0,0,0,0,0,0,0,0
256,20252026,Regular,NY,228,Kayle Osborne,G,60.86666666666667,0.0,0.0,0.0,0,0,0,0,0,0,0,0,0,0,0,0,0,0,0,0,0,0,0,0,0
256,20252026,Regular,MIN,236,Kendall Cooper,RD,24.833333333333332,0.145296,0.0,0.0,0,0,0,0,0,0,0,0,0,0,2,0,2,2,0,0,0,0,0,0,0
256,20252026,Regular,MIN,167,Sidney Morin,LD,22.316666666666666,0.15310200000000002,0.0,0.0,0,0,0,0,0,0,0,0,0,0,0,0,2,3,0,0,0,0,0,0,0
256,20252026,Regular,MIN,191,Katy Knoll,RW,13.083333333333334,0.0,0.0,0.0,0,0,0,0,0,0,0,0,0,0,-1,0,0,0,0,0,0,0,0,3,1
256,20252026,Regular,MIN,102,Claire Butorac,RW,10.133333333333333,0.0,0.0,0.0,0,0,0,0,0,0,0,0,0,0,-1,0,2,0,0,0,0,0,0,0,0
256,20252026,Regular,MIN,162,Madison Bizal,LD,6.216666666666667,0.0,0.0,0.0,0,0,0,0,0,0,0,0,0,0,-1,0,0,0,0,0,0,0,0,0,0
256,20252026,Regular,MIN,23,Kelly Pannek,C,17.3,0.305272,0.0,0.0,1,0,0,0,0,0,0,0,0,0,1,0,0,3,0,0,0,0,0,25,11
256,20252026,Regular,MIN,25,Grace Zumwinkle,RW,16.9,0.282786,0.0,0.0,0,0,0,0,1,0,0,0,0,0,1,0,0,3,0,0,0,0,0,0,0
256,20252026,Regular,MIN,264,Brooke Becker,RD,15.733333333333333,0.051034,0.0,0.0,0,0,0,0,0,0,0,0,0,0,-1,0,3,1,0,0,0,0,0,0,0
256,20252026,Regular,MIN,194,Kaitlyn O'Donohoe,LW,10.166666666666666,0.0,0.0,0.0,0,0,0,0,0,0,0,0,0,0,-1,0,0,0,0,0,0,0,0,0,0
256,20252026,Regular,MIN,188,Mae Batherson,LD,25.583333333333332,0.102068,0.0,0.0,0,0,0,0,0,0,0,0,0,0,2,2,1,2,0,0,0,0,0,0,0
256,20252026,Regular,MIN,90,Natalie Buchbinder,RD,20.966666666666665,0.0,0.0,0.0,0,0,0,0,0,0,0,0,0,0,0,0,0,0,0,0,0,0,0,0,0
256,20252026,Regular,MIN,269,Vanessa Upson,C,10.166666666666666,0.0,0.0,0.0,0,0,0,0,0,0,0,0,0,0,-1,0,0,0,0,0,0,0,0,5,2
256,20252026,Regular,MIN,20,Kendall Coyne Schofield,LW,16.233333333333334,0.399534,0.0,0.0,1,0,0,0,0,1,0,0,0,0,2,0,0,4,0,0,0,0,0,0,0
256,20252026,Regular,MIN,21,Taylor Heise,C,17.033333333333335,0.051034,0.0,0.0,0,0,0,0,2,0,0,0,0,0,1,0,1,1,0,0,0,0,0,12,3
256,20252026,Regular,MIN,104,Denisa Křížová,LW,12.8,0.38485400000000003,0.0,0.0,0,0,0,0,0,0,0,0,0,0,0,0,0,5,0,0,0,0,0,0,0
256,20252026,Regular,MIN,190,Klára Hymlárová,C,12.683333333333334,0.094262,0.0,0.0,0,0,0,0,0,0,0,0,0,0,0,0,0,1,0,0,0,0,0,8,3
256,20252026,Regular,MIN,247,Abby Hustler,LW,16.933333333333334,0.0,0.0,0.0,0,0,0,0,0,0,0,0,0,0,0,0,0,0,0,0,0,0,0,0,0
256,20252026,Regular,MIN,189,Britta Curl-Salemme,RW,18.0,0.159976,0.0,0.0,1,0,0,0,0,0,0,0,0,0,0,0,0,1,0,0,0,0,0,8,4
256,20252026,Regular,MIN,263,Peyton Anderson,LW,0.0,0.0,0.0,0.0,0,0,0,0,0,0,0,0,0,0,0,0,0,0,0,0,0,0,0,0,0
256,20252026,Regular,MIN,166,Marlène Boissonnault,G,0.0,0.0,0.0,0.0,0,0,0,0,0,0,0,0,0,0,0,0,0,0,0,0,0,0,0,0,0
256,20252026,Regular,MIN,22,Nicole Hensley,G,60.666666666666664,0.0,0.0,0.0,0,0,0,0,0,0,0,0,0,0,0,0,0,0,0,0,0,0,0,0,0
257,20252026,Regular,TOR,68,Kali Flanagan,RD,23.216666666666665,0.15310200000000002,0.0,0.0,0,0,0,0,0,0,0,0,0,0,0,0,0,3,0,0,0,0,0,0,0
257,20252026,Regular,TOR,116,Clair DeGeorge,C,0.0,0.0,0.0,0.0,0,0,0,0,0,0,0,0,0,0,0,0,0,0,0,0,0,0,0,0,0
257,20252026,Regular,TOR,63,Daryl Watts,RW,19.833333333333332,0.60367,0.0,0.0,1,0,0,0,0,0,0,0,0,0,1,0,0,8,0,0,0,0,0,0,0
257,20252026,Regular,TOR,311,Hanna Baskin,LD,12.083333333333334,0.0,0.0,0.0,0,0,0,0,0,0,0,0,0,0,0,0,0,0,0,0,0,0,0,1,1
257,20252026,Regular,TOR,317,Kiara Zanon,LW,4.966666666666667,0.0,0.0,0.0,0,0,0,0,0,0,0,0,0,0,0,0,0,0,0,0,0,0,0,0,0
257,20252026,Regular,TOR,67,Renata Fast,RD,22.766666666666666,0.38485400000000003,0.0,0.0,0,0,0,0,0,0,0,0,0,0,-1,0,4,5,0,0,0,0,0,0,0
257,20252026,Regular,TOR,56,Savannah Harmon,LD,25.033333333333335,0.43926200000000004,0.0,0.0,0,1,0,0,0,0,0,0,0,0,0,0,0,5,0,0,0,0,0,0,0
257,20252026,Regular,TOR,44,Ella Shelton,LD,28.583333333333332,0.39266,0.0,0.0,0,0,0,0,0,0,0,0,0,0,0,0,1,6,0,0,0,0,0,0,0
257,20252026,Regular,TOR,65,Jesse Compher,C,17.766666666666666,0.0,0.0,0.0,0,0,0,0,0,0,0,0,0,0,0,0,0,0,0,0,0,0,0,23,16
257,20252026,Regular,TOR,313,Sara Hjalmarsson,C,5.7,0.0,0.0,0.0,0,0,0,0,0,0,0,0,0,0,0,0,0,0,0,0,0,0,0,4,2
257,20252026,Regular,TOR,244,Emma Gentry,LW,12.433333333333334,0.051034,0.0,0.0,0,0,0,0,0,0,0,0,0,0,0,0,0,1,0,0,0,0,0,1,1
257,20252026,Regular,TOR,66,Maggie Connors,LW,17.283333333333335,0.239558,0.0,0.0,0,0,0,0,0,0,0,0,0,0,-1,0,0,3,0,0,0,0,0,0,0
257,20252026,Regular,TOR,100,Natalie Spooner,RW,16.166666666666668,0.33382,0.0,0.0,0,0,0,0,0,0,0,0,0,0,0,0,0,4,0,0,0,0,0,1,0
257,20252026,Regular,TOR,316,Clara Van Wieren,C,13.283333333333333,0.102068,0.0,0.0,0,0,0,0,0,0,0,0,0,0,0,2,1,2,0,0,0,0,0,8,2
257,20252026,Regular,TOR,73,Emma Maltais,LW,24.25,0.051034,0.0,0.0,0,0,0,0,0,0,0,1,0,0,1,2,2,1,0,0,0,0,0,2,1
257,20252026,Regular,TOR,76,Blayre Turnbull,C,18.7,0.239558,0.0,0.0,0,0,0,0,0,0,1,0,0,0,-1,0,1,3,0,0,0,0,0,18,11
257,20252026,Regular,TOR,26,Claire Dalton,RW,14.833333333333334,0.094262,0.0,0.0,0,0,0,0,0,0,0,0,0,0,-1,0,0,1,0,0,0,0,0,0,0
257,20252026,Regular,TOR,86,Emma Woods,RW,5.033333333333333,0.102068,0.0,0.0,0,0,0,0,0,0,0,0,0,0,0,0,0,2,0,0,0,0,0,0,0
257,20252026,Regular,TOR,200,Anna Kjellbin,RD,10.116666666666667,0.0,0.0,0.0,0,0,0,0,0,0,0,0,0,0,0,0,0,0,0,0,0,0,0,0,0
257,20252026,Regular,TOR,211,Raygan Kirk,G,64.86666666666666,0.0,0.0,0.0,0,0,0,0,0,0,0,0,0,0,0,0,0,0,0,0,0,0,0,0,0
257,20252026,Regular,TOR,85,Elaine Chuli,G,0.0,0.0,0.0,0.0,0,0,0,0,0,0,0,0,0,0,0,0,0,0,0,0,0,0,0,0,0
257,20252026,Regular,VAN,209,Izzy Daniel,RW,18.866666666666667,0.102068,0.0,0.0,0,0,0,0,0,0,0,0,0,0,0,2,0,2,0,0,0,0,0,0,0
257,20252026,Regular,VAN,301,Katie Chan,LW,2.1,0.0,0.0,0.0,0,0,0,0,0,0,0,0,0,0,0,0,0,0,0,0,0,0,0,0,0
257,20252026,Regular,VAN,180,Sydney Bard,LD,8.483333333333333,0.0,0.0,0.0,0,0,0,0,0,1,0,0,0,0,1,0,0,0,0,0,0,0,0,0,0
257,20252026,Regular,VAN,198,Jenn Gardiner,LW,19.366666666666667,0.102068,0.0,0.0,0,0,0,0,0,0,0,0,0,0,-1,0,0,2,0,0,0,0,0,1,0
257,20252026,Regular,VAN,161,Tereza Vanišová,RW,20.166666666666668,0.0,0.0,0.0,0,0,0,0,0,0,0,0,0,0,1,2,0,0,0,0,0,0,0,0,0
257,20252026,Regular,VAN,227,Gabby Rosenthal,C,16.116666666666667,0.0,0.0,0.0,0,0,0,0,0,0,0,0,0,0,0,0,2,0,0,0,0,0,0,8,3
257,20252026,Regular,VAN,11,Sophie Jaques,RD,24.85,0.298398,0.0,0.0,0,0,0,0,0,0,0,0,0,0,0,0,0,5,0,0,0,0,0,0,0
257,20252026,Regular,VAN,75,Sarah Nurse,C,22.166666666666668,0.34850000000000003,0.0,0.0,1,0,0,0,0,0,0,0,0,0,0,0,1,3,0,0,0,0,0,19,7
257,20252026,Regular,VAN,50,Ashton Bell,RD,25.616666666666667,0.0,0.0,0.0,0,0,0,0,0,0,0,0,0,0,-1,0,0,0,0,0,0,0,0,0,0
257,20252026,Regular,VAN,114,Abby Boreen,RW,15.883333333333333,0.188524,0.0,0.0,0,0,0,0,0,0,0,0,0,0,0,0,1,2,0,0,0,0,0,1,0
257,20252026,Regular,VAN,129,Mellissa Channell-Watkins,LD,23.466666666666665,0.051034,0.0,0.0,0,0,0,0,0,0,0,0,0,0,0,0,2,1,0,0,0,0,0,0,0
257,20252026,Regular,VAN,118,Emma Greco,D,1.3,0.0,0.0,0.0,0,0,0,0,0,0,0,0,0,0,0,0,0,0,0,0,0,0,0,0,0
257,20252026,Regular,VAN,192,Brooke McQuigge,LW,13.066666666666666,0.0,0.0,0.0,0,0,0,0,0,0,0,0,0,0,0,0,1,0,0,0,0,0,0,0,0
257,20252026,Regular,VAN,305,Nina Jobst-Smith,RD,10.6,0.051034,0.0,0.0,0,0,0,0,1,0,0,0,0,0,1,0,1,1,0,0,0,0,0,0,0
257,20252026,Regular,VAN,252,Michelle Karvinen,LW,18.3,0.094262,0.0,0.0,0,0,0,0,0,0,0,0,0,0,1,2,0,1,0,0,0,0,0,0,0
257,20252026,Regular,VAN,89,Hannah Miller,C,20.033333333333335,0.239558,0.0,0.0,0,0,0,0,0,0,0,0,0,0,0,2,1,3,0,0,0,0,0,29,14
257,20252026,Regular,VAN,169,Claire Thompson,LD,24.166666666666668,0.15310200000000002,0.0,0.0,0,0,0,0,0,0,0,0,0,0,0,0,2,3,0,0,0,0,0,0,0
257,20252026,Regular,VAN,248,Anna Segedi,C,0.75,0.0,0.0,0.0,0,0,0,0,0,0,0,0,0,0,0,0,0,0,0,0,0,0,0,0,0
257,20252026,Regular,VAN,115,Michela Cava,RW,1.25,0.051034,0.0,0.0,0,0,0,0,0,0,0,0,0,0,0,0,0,1,0,0,0,0,0,0,0
257,20252026,Regular,VAN,59,Emerance Maschmeyer,G,64.86666666666666,0.0,0.0,0.0,0,0,0,0,0,0,0,0,0,0,0,0,0,0,0,0,0,0,0,0,0
257,20252026,Regular,VAN,64,Kristen Campbell,G,0.0,0.0,0.0,0.0,0,0,0,0,0,0,0,0,0,0,0,0,0,0,0,0,0,0,0,0,0
258,20252026,Regular,NY,251,Dayle Ross,RD,4.983333333333333,0.102068,0.0,0.0,0,0,0,0,0,0,0,0,0,0,0,0,2,2,0,0,0,0,0,0,0
258,20252026,Regular,NY,147,Savannah Norcross,RW,6.3,0.094262,0.0,0.0,0,0,0,0,0,0,0,0,0,0,0,0,1,1,0,0,0,0,0,1,0
258,20252026,Regular,NY,229,Maja Nylen Persson,RD,20.866666666666667,0.102068,0.0,0.0,0,0,0,0,0,0,0,1,0,0,1,10,0,2,0,0,0,0,0,0,0
258,20252026,Regular,NY,205,Sarah Fillier,C,18.3,0.188524,0.0,0.0,0,0,0,0,0,1,1,0,0,0,1,0,1,2,0,0,0,0,0,16,10
258,20252026,Regular,NY,87,Jaime Bourbonnais,RD,19.716666666666665,0.051034,0.0,0.0,0,0,0,0,0,0,0,0,0,0,0,0,1,1,0,0,0,0,0,0,0
258,20252026,Regular,NY,207,Lauren Bernard,LD,11.683333333333334,0.051034,0.0,0.0,0,0,0,0,0,0,0,0,0,0,0,0,1,1,0,0,0,0,0,0,0
258,20252026,Regular,NY,9,Taylor Girard,LW,16.383333333333333,0.094262,0.0,0.0,0,0,0,0,0,0,0,0,0,0,0,30,2,1,0,0,0,0,0,0,0
258,20252026,Regular,NY,285,Maddi Wheeler,LW,16.966666666666665,0.19633,0.0,0.0,0,0,0,0,0,0,0,0,0,0,0,2,4,3,0,0,0,0,0,1,1
258,20252026,Regular,NY,40,Paetyn Levis,LW,17.95,0.094262,0.0,0.0,0,0,0,0,1,0,0,0,0,0,1,2,0,1,0,0,0,0,0,0,0
258,20252026,Regular,NY,230,Allyson Simpson,RD,17.983333333333334,0.145296,0.0,0.0,0,0,0,0,0,0,0,0,0,0,0,2,1,2,0,0,0,0,0,0,0
258,20252026,Regular,NY,277,Anna Bargman,LW,5.833333333333333,0.094262,0.0,0.0,0,0,0,0,0,0,0,0,0,0,0,0,1,1,0,0,0,0,0,0,0
258,20252026,Regular,NY,249,Anne Cherkowski,RW,18.65,0.159976,0.0,0.0,1,0,0,0,0,0,0,0,0,0,1,0,1,1,0,0,0,0,0,0,0
258,20252026,Regular,NY,280,Casey O'Brien,C,20.666666666666668,0.282786,0.0,0.0,0,0,0,0,0,0,0,0,0,0,0,0,0,3,0,0,0,0,0,23,13
258,20252026,Regular,NY,47,Micah Zandee-Hart,LD,17.2,0.051034,0.0,0.0,0,0,0,0,0,0,0,0,0,0,1,10,2,1,0,0,0,0,0,1,0
258,20252026,Regular,NY,204,Emmy Fecteau,RW,9.133333333333333,0.0,0.0,0.0,0,0,0,0,0,0,0,0,0,0,0,0,0,0,0,0,0,0,0,0,0
258,20252026,Regular,NY,30,Kristin O'Neill,C,15.483333333333333,0.188524,0.0,0.0,0,0,0,0,0,0,0,0,0,0,0,2,0,2,0,0,0,0,0,10,5
258,20252026,Regular,NY,60,Jincy Roese,LD,13.3,0.051034,0.0,0.0,0,0,0,0,0,0,0,0,0,0,0,0,0,1,0,0,0,0,0,0,0
258,20252026,Regular,NY,45,Kayla Vespa,C,6.75,0.0,0.0,0.0,0,0,0,0,0,0,0,0,0,0,0,0,0,0,0,0,0,0,0,5,2
258,20252026,Regular,NY,245,Kristýna Kaltounková,RW,18.55,0.21101,0.0,0.0,0,1,0,0,0,0,0,0,0,0,0,10,0,2,0,0,0,0,0,1,1
258,20252026,Regular,NY,282,Callie Shanahan,G,0.0,0.0,0.0,0.0,0,0,0,0,0,0,0,0,0,0,0,0,0,0,0,0,0,0,0,0,0
258,20252026,Regular,NY,228,Kayle Osborne,G,60.0,0.0,0.0,0.0,0,0,0,0,0,0,0,0,0,0,0,0,0,0,0,0,0,0,0,0,0
258,20252026,Regular,MTL,32,Laura Stacey,RW,19.783333333333335,0.38485400000000003,0.0,0.0,0,0,0,0,0,0,0,0,0,0,-1,0,3,5,0,0,0,0,0,0,0
258,20252026,Regular,MTL,84,Kati Tabin,RD,20.733333333333334,0.0,0.0,0.0,0,0,0,0,0,0,1,0,0,0,0,2,0,0,0,0,0,0,0,0,0
258,20252026,Regular,MTL,42,Abby Roque,LW,21.033333333333335,0.102068,0.0,0.0,0,0,0,0,0,0,0,0,0,0,-1,12,1,2,0,0,0,0,0,11,5
258,20252026,Regular,MTL,39,Alexandra Labelle,C,11.0,0.239558,0.0,0.0,0,0,0,0,0,0,0,0,0,0,0,0,1,3,0,0,0,0,0,7,5
258,20252026,Regular,MTL,61,Hayley Scamurra,LW,13.85,0.0,0.0,0.0,0,0,0,0,0,0,0,1,0,0,0,10,0,0,0,0,0,0,0,5,1
258,20252026,Regular,MTL,199,Dara Greig,LW,11.566666666666666,0.145296,0.0,0.0,0,0,0,0,0,0,0,0,0,0,0,0,2,2,0,0,0,0,0,0,0
258,20252026,Regular,MTL,128,Kaitlin Willoughby,RW,9.35,0.0,0.0,0.0,0,0,0,0,0,0,0,0,0,0,0,0,0,0,0,0,0,0,0,0,0
258,20252026,Regular,MTL,98,Maureen Murphy,RW,14.15,0.239558,0.0,0.0,0,0,0,0,0,0,0,0,0,0,0,0,0,3,0,0,0,0,0,1,1
258,20252026,Regular,MTL,5,Jessica DiGirolamo,LD,15.2,0.145296,0.0,0.0,0,0,0,0,0,0,0,0,0,0,0,0,0,2,0,0,0,0,0,0,0
258,20252026,Regular,MTL,83,Erin Ambrose,RD,19.533333333333335,0.102068,0.0,0.0,0,0,0,0,0,0,0,0,0,0,-1,0,3,2,0,0,0,0,0,0,0
258,20252026,Regular,MTL,201,Lina Ljungblom,LW,7.333333333333333,0.0,0.0,0.0,0,0,0,0,0,0,0,0,0,0,0,0,1,0,0,0,0,0,0,0,0
258,20252026,Regular,MTL,4,Shiann Darkangelo,C,11.016666666666667,0.239558,0.0,0.0,0,0,0,0,0,0,0,0,0,0,0,0,0,3,0,0,0,0,0,11,4
258,20252026,Regular,MTL,31,Marie-Philip Poulin,C,20.766666666666666,0.33382,0.0,0.0,0,0,0,0,0,0,0,0,0,0,-1,12,3,4,0,0,0,0,0,18,8
258,20252026,Regular,MTL,51,Amanda Boulier,RD,15.266666666666667,0.102068,0.0,0.0,0,0,0,0,0,0,0,0,0,0,0,0,1,2,0,0,0,0,0,0,0
258,20252026,Regular,MTL,253,Nicole Gosling,LD,21.75,0.0,0.0,0.0,0,0,0,0,0,0,0,0,0,0,-1,0,2,0,0,0,0,0,0,0,0
258,20252026,Regular,MTL,35,Jade Downie-Landry,C,7.816666666666666,0.051034,0.0,0.0,0,0,0,0,0,0,0,0,0,0,0,0,1,1,0,0,0,0,0,5,2
258,20252026,Regular,MTL,272,Skylar Irving,RW,5.483333333333333,0.094262,0.0,0.0,0,0,0,0,0,0,0,0,0,0,0,4,1,1,0,0,0,0,0,0,0
258,20252026,Regular,MTL,79,Maggie Flaherty,LD,15.766666666666667,0.242932,0.0,0.0,0,1,0,0,0,0,0,0,0,0,0,10,1,2,0,0,0,0,0,0,0
258,20252026,Regular,MTL,274,Natálie Mlýnková,RW,9.033333333333333,0.0,0.0,0.0,0,0,0,0,0,0,0,0,0,0,0,0,0,0,0,0,0,0,0,0,0
258,20252026,Regular,MTL,48,Sandra Abstreiter,G,0.0,0.0,0.0,0.0,0,0,0,0,0,0,0,0,0,0,0,0,0,0,0,0,0,0,0,0,0
258,20252026,Regular,MTL,28,Ann-Renée Desbiens,G,59.86666666666667,0.0,0.0,0.0,0,0,0,0,0,0,0,0,0,0,0,0,0,0,0,0,0,0,0,0,0
259,20252026,Regular,SEA,62,Aneta Tejralová,RD,15.95,0.051034,0.0,0.0,0,0,0,0,0,0,0,0,0,0,0,2,0,1,0,0,0,0,0,0,0
259,20252026,Regular,SEA,196,Cayla Barnes,RD,25.533333333333335,0.19633,0.0,0.0,0,0,0,0,0,1,0,0,0,0,1,0,0,3,0,0,0,0,0,0,0
259,20252026,Regular,SEA,203,Anna Wilgren,LD,21.666666666666668,0.102068,0.0,0.0,0,0,0,0,0,0,0,0,0,0,0,0,1,2,0,0,0,0,0,0,0
259,20252026,Regular,SEA,291,Lily Delianedis,LW,6.45,0.051034,0.0,0.0,0,0,0,0,0,0,0,0,0,0,0,0,0,1,0,0,0,0,0,1,1
259,20252026,Regular,SEA,142,Natalie Snodgrass,LW,17.816666666666666,0.19633,0.0,0.0,0,0,0,0,0,0,0,0,0,0,0,0,0,3,0,0,0,0,0,1,0
259,20252026,Regular,SEA,36,Jessie Eldridge,RW,17.983333333333334,0.094262,0.0,0.0,0,0,0,0,0,0,0,0,0,0,0,0,0,1,0,0,0,0,0,0,0
259,20252026,Regular,SEA,237,Jenna Buglioni,C,7.8,0.0,0.0,0.0,0,0,0,0,0,0,0,0,0,0,1,0,0,0,0,0,0,0,0,4,3
259,20252026,Regular,SEA,2,Emily Brown,RD,18.8,0.102068,0.0,0.0,0,0,0,0,0,0,0,0,0,0,0,0,1,2,0,0,0,0,0,0,0
259,20252026,Regular,SEA,138,Mikyla Grant-Mentis,C,18.783333333333335,0.102068,0.0,0.0,0,0,0,0,0,0,0,0,0,0,0,2,0,2,0,0,0,0,0,14,6
259,20252026,Regular,SEA,91,Brooke Bryant,RW,9.033333333333333,0.0,0.0,0.0,0,0,0,0,1,0,0,0,0,0,1,0,1,0,0,0,0,0,0,0,0
259,20252026,Regular,SEA,181,Hannah Bilka,LW,18.533333333333335,0.19633,0.0,0.0,0,0,0,0,0,0,0,0,0,0,0,0,0,3,0,0,0,0,0,0,0
259,20252026,Regular,SEA,99,Mariah Keopple,LD,16.833333333333332,0.0,0.0,0.0,0,0,0,0,0,0,0,0,0,0,0,0,0,0,0,0,0,0,0,0,0
259,20252026,Regular,SEA,13,Hilary Knight,RW,22.333333333333332,0.15310200000000002,0.0,0.0,0,0,0,0,0,0,0,0,0,0,0,0,1,3,0,0,0,0,0,0,0
259,20252026,Regular,SEA,34,Alex Carpenter,C,20.0,0.15310200000000002,0.0,0.0,0,0,0,0,0,0,0,0,0,0,0,0,0,3,0,0,0,0,0,28,19
259,20252026,Regular,SEA,208,Megan Carter,LD,18.7,0.19633,0.0,0.0,0,0,0,0,0,0,0,0,0,0,1,0,1,3,0,0,0,0,0,0,0
259,20252026,Regular,SEA,49,Lexie Adzija,RW,17.4,0.0,0.0,0.0,0,0,0,0,0,0,0,0,0,0,0,0,1,0,0,0,0,0,0,1,0
259,20252026,Regular,SEA,210,Julia Gosling,LW,14.783333333333333,0.533524,0.0,0.0,1,0,0,0,0,0,0,0,0,0,1,0,0,6,0,0,0,0,0,4,0
259,20252026,Regular,SEA,224,Danielle Serdachny,C,14.65,0.19633,0.0,0.0,0,0,0,0,0,0,0,0,0,0,0,0,0,3,0,0,0,0,0,8,6
259,20252026,Regular,SEA,155,Corinne Schroeder,G,65.0,0.0,0.0,0.0,0,0,0,0,0,0,0,0,0,0,0,0,0,0,0,0,0,0,0,0,0
259,20252026,Regular,SEA,250,Hannah Murphy,G,0.0,0.0,0.0,0.0,0,0,0,0,0,0,0,0,0,0,0,0,0,0,0,0,0,0,0,0,0
259,20252026,Regular,BOS,52,Zoe Boyd,LD,15.683333333333334,0.0,0.0,0.0,0,0,0,0,0,0,0,0,0,0,0,2,2,0,0,0,0,0,0,0,0
259,20252026,Regular,BOS,12,Megan Keller,LD,29.016666666666666,0.242932,0.0,0.0,0,1,0,0,0,0,0,0,0,0,0,0,1,2,0,0,0,0,0,0,0
259,20252026,Regular,BOS,182,Hadley Hartmetz,RD,10.0,0.0,0.0,0.0,0,0,0,0,0,0,0,0,0,0,-1,0,0,0,0,0,0,0,0,0,0
259,20252026,Regular,BOS,246,Haley Winn,RD,31.166666666666668,0.290592,0.0,0.0,0,0,0,0,0,0,0,0,0,0,0,0,2,4,0,0,0,0,0,0,0
259,20252026,Regular,BOS,18,Sophie Shirley,RW,11.3,0.0,0.0,0.0,0,0,0,0,0,0,0,0,0,0,0,0,0,0,0,0,0,0,0,0,0
259,20252026,Regular,BOS,15,Alina Müller,C,22.45,0.102068,0.0,0.0,0,0,0,0,0,0,0,1,0,0,0,0,3,2,0,0,0,0,0,18,12
259,20252026,Regular,BOS,97,Liz Schepers,LW,10.55,0.0,0.0,0.0,0,0,0,0,0,0,0,0,0,0,0,0,1,0,0,0,0,0,0,9,3
259,20252026,Regular,BOS,256,Olivia Mobley,RW,12.333333333333334,0.0,0.0,0.0,0,0,0,0,0,0,0,0,0,0,0,0,1,0,0,0,0,0,0,0,0
259,20252026,Regular,BOS,255,Riley Brengman,RD,17.533333333333335,0.051034,0.0,0.0,0,0,0,0,0,0,0,0,0,0,0,0,1,1,0,0,0,0,0,0,0
259,20252026,Regular,BOS,17,Theresa Schafzahl,LW,17.033333333333335,0.188524,0.0,0.0,0,0,0,0,0,0,0,0,0,0,0,0,1,2,0,0,0,0,0,1,0
259,20252026,Regular,BOS,259,Abby Newhook,RW,10.05,0.051034,0.0,0.0,0,0,0,0,0,0,1,0,0,0,0,0,0,1,0,0,0,0,0,1,0
259,20252026,Regular,BOS,1,Hannah Brandt,C,5.333333333333333,0.0,0.0,0.0,0,0,0,0,0,0,0,0,0,0,-1,0,0,0,0,0,0,0,0,4,2
259,20252026,Regular,BOS,212,Laura Kluge,LW,6.283333333333333,0.0,0.0,0.0,0,0,0,0,0,0,0,0,0,0,-1,0,1,0,0,0,0,0,0,1,0
259,20252026,Regular,BOS,243,Ella Huber,RW,14.233333333333333,0.145296,0.0,0.0,0,0,0,0,0,0,0,0,0,0,-1,0,0,2,0,0,0,0,0,1,0
259,20252026,Regular,BOS,183,Shay Maloney,C,17.983333333333334,0.051034,0.0,0.0,0,0,0,0,0,0,0,0,0,0,0,0,1,1,0,0,0,0,0,9,3
259,20252026,Regular,BOS,149,Jill Saulnier,RW,11.35,0.145296,0.0,0.0,0,0,0,0,0,0,0,0,0,0,0,0,0,2,0,0,0,0,0,0,0
259,20252026,Regular,BOS,16,Jamie Lee Rattray,LW,18.033333333333335,0.094262,0.0,0.0,0,0,0,0,0,0,0,0,0,0,0,0,0,1,0,0,0,0,0,0,0
259,20252026,Regular,BOS,185,Daniela Pejšová,LD,18.316666666666666,0.0,0.0,0.0,0,0,0,0,0,0,0,0,0,0,-1,2,1,0,0,0,0,0,0,0,0
259,20252026,Regular,BOS,78,Susanna Tapani,C,22.0,0.15310200000000002,0.0,0.0,0,0,0,0,0,0,0,0,0,0,0,2,1,3,0,0,0,0,0,17,6
259,20252026,Regular,BOS,6,Aerin Frankel,G,65.0,0.0,0.0,0.0,0,0,0,0,0,0,0,0,0,0,0,0,0,0,0,0,0,0,0,0,0
259,20252026,Regular,BOS,41,Abbey Levy,G,0.0,0.0,0.0,0.0,0,0,0,0,0,0,0,0,0,0,0,0,0,0,0,0,0,0,0,0,0
260,20252026,Regular,NY,251,Dayle Ross,RD,6.5,0.145296,0.0,0.0,0,0,0,0,0,0,0,0,0,0,1,0,0,2,0,0,0,0,0,0,0
260,20252026,Regular,NY,206,Elle Hartje,LW,13.45,0.282786,0.0,0.0,0,0,0,0,0,0,0,0,0,0,0,0,0,3,0,0,0,0,0,2,1
260,20252026,Regular,NY,147,Savannah Norcross,RW,6.316666666666666,0.0,0.0,0.0,0,0,0,0,0,0,0,0,0,0,-2,0,1,0,0,0,0,0,0,0,0
260,20252026,Regular,NY,229,Maja Nylen Persson,RD,21.0,0.239558,0.0,0.0,0,0,0,0,0,0,0,0,0,0,0,0,1,3,0,0,0,0,0,0,0
260,20252026,Regular,NY,205,Sarah Fillier,C,22.9,0.239558,0.0,0.0,0,0,0,0,0,1,0,1,0,0,1,0,0,3,0,0,0,0,0,6,2
260,20252026,Regular,NY,87,Jaime Bourbonnais,RD,22.15,0.159976,0.0,0.0,1,0,0,0,0,0,0,0,0,0,-1,0,1,1,0,0,0,0,0,0,0
260,20252026,Regular,NY,207,Lauren Bernard,LD,10.683333333333334,0.0,0.0,0.0,0,0,0,0,0,0,0,0,0,0,-2,0,0,0,0,0,0,0,0,0,0
260,20252026,Regular,NY,285,Maddi Wheeler,LW,14.166666666666666,0.0,0.0,0.0,0,0,0,0,0,0,0,0,0,0,0,2,2,0,0,0,0,0,0,2,0
260,20252026,Regular,NY,40,Paetyn Levis,LW,13.8,0.094262,0.0,0.0,0,0,0,0,0,0,0,0,0,0,1,0,1,1,0,0,0,0,0,3,1
260,20252026,Regular,NY,230,Allyson Simpson,RD,12.316666666666666,0.0,0.0,0.0,0,0,0,0,0,0,0,0,0,0,-1,2,0,0,0,0,0,0,0,0,0
260,20252026,Regular,NY,277,Anna Bargman,LW,5.966666666666667,0.051034,0.0,0.0,0,0,0,0,0,0,0,0,0,0,-2,0,0,1,0,0,0,0,0,0,0
260,20252026,Regular,NY,249,Anne Cherkowski,RW,16.4,0.305272,0.0,0.0,1,0,0,0,0,0,0,0,0,0,0,0,1,3,0,0,0,0,0,0,0
260,20252026,Regular,NY,280,Casey O'Brien,C,25.75,0.428082,0.0,0.0,0,0,0,0,0,0,1,0,0,0,1,0,0,5,0,0,0,0,0,24,13
260,20252026,Regular,NY,47,Micah Zandee-Hart,LD,20.816666666666666,0.051034,0.0,0.0,0,0,0,0,0,0,0,0,0,0,0,0,0,1,0,0,0,0,0,0,0
260,20252026,Regular,NY,204,Emmy Fecteau,RW,9.4,0.0,0.0,0.0,0,0,0,0,0,0,0,0,0,0,0,0,1,0,0,0,0,0,0,0,0
260,20252026,Regular,NY,30,Kristin O'Neill,C,18.25,0.442762,0.0,0.0,0,1,0,0,0,0,0,0,0,0,-1,2,0,4,0,0,0,0,0,10,4
260,20252026,Regular,NY,60,Jincy Roese,LD,13.333333333333334,0.15310200000000002,0.0,0.0,0,0,0,0,1,0,0,0,0,0,1,0,0,3,0,0,0,0,0,0,0
260,20252026,Regular,NY,45,Kayla Vespa,C,5.283333333333333,0.0,0.0,0.0,0,0,0,0,0,0,0,0,0,0,-1,0,0,0,0,0,0,0,0,1,0
260,20252026,Regular,NY,245,Kristýna Kaltounková,RW,23.283333333333335,0.377048,0.0,0.0,0,0,0,0,1,0,0,0,0,0,1,0,3,4,0,0,0,0,0,0,0
260,20252026,Regular,NY,282,Callie Shanahan,G,61.28333333333333,0.0,0.0,0.0,0,0,0,0,0,0,0,0,0,0,0,0,0,0,0,0,0,0,0,0,0
260,20252026,Regular,NY,228,Kayle Osborne,G,0.0,0.0,0.0,0.0,0,0,0,0,0,0,0,0,0,0,0,0,0,0,0,0,0,0,0,0,0
260,20252026,Regular,OTT,71,Jocelyne Larocque,LD,22.25,0.051034,0.0,0.0,0,0,0,0,0,0,0,0,0,0,0,2,0,1,0,0,0,0,0,0,0
260,20252026,Regular,OTT,242,Rory Guilday,RD,20.1,0.051034,0.0,0.0,0,0,0,0,0,0,0,0,0,0,0,0,2,1,0,0,0,0,0,0,0
260,20252026,Regular,OTT,219,Stephanie Markowski,LD,19.683333333333334,0.239558,0.0,0.0,0,0,0,0,1,0,0,0,0,0,1,0,0,3,0,0,0,0,0,0,0
260,20252026,Regular,OTT,289,Kathryn Reilly,RD,5.766666666666667,0.0,0.0,0.0,0,0,0,0,0,0,0,0,0,0,0,0,0,0,0,0,0,0,0,0,0
260,20252026,Regular,OTT,101,Alexa Vasko,C,12.7,0.0,0.0,0.0,0,0,0,0,0,0,0,0,0,0,0,2,1,0,0,0,0,0,0,8,5
260,20252026,Regular,OTT,38,Brooke Hobson,LD,13.533333333333333,0.051034,0.0,0.0,0,0,0,0,0,0,0,0,0,0,0,2,1,1,0,0,0,0,0,0,0
260,20252026,Regular,OTT,88,Kateřina Mrázová,C,16.183333333333334,0.145296,0.0,0.0,0,0,0,0,0,0,0,0,0,0,0,0,0,2,0,0,0,0,0,10,3
260,20252026,Regular,OTT,57,Gabbie Hughes,C,12.933333333333334,0.191898,0.0,0.0,1,0,0,0,0,0,0,1,0,0,-1,0,0,1,0,0,0,0,0,12,7
260,20252026,Regular,OTT,58,Brianne Jenner,C,17.7,0.159976,0.0,0.0,0,1,0,0,0,1,0,0,0,0,1,2,0,1,0,0,0,0,0,16,11
260,20252026,Regular,OTT,217,Taylor House,LW,8.633333333333333,0.0,0.0,0.0,0,0,0,0,0,0,0,0,0,0,0,0,2,0,0,0,0,0,0,0,0
260,20252026,Regular,OTT,241,Sarah Wozniewicz,RW,17.216666666666665,0.191898,0.0,0.0,1,0,0,0,0,0,0,0,0,0,2,0,0,1,0,0,0,0,0,1,1
260,20252026,Regular,OTT,118,Emma Greco,LD,12.716666666666667,0.051034,0.0,0.0,0,0,0,0,0,0,0,0,0,0,0,0,2,1,0,0,0,0,0,0,0
260,20252026,Regular,OTT,53,Emily Clark,RW,11.633333333333333,0.290592,0.0,0.0,0,0,0,0,1,0,0,0,0,0,-1,0,1,4,0,0,0,0,0,0,0
260,20252026,Regular,OTT,192,Brooke McQuigge,LW,10.416666666666666,0.0,0.0,0.0,0,0,0,0,0,0,0,0,0,0,-1,0,0,0,0,0,0,0,0,0,0
260,20252026,Regular,OTT,286,Peyton Hemp,RW,11.733333333333333,0.0,0.0,0.0,0,0,0,0,0,0,0,0,0,0,0,0,0,0,0,0,0,0,0,0,0
260,20252026,Regular,OTT,72,Rebecca Leslie,LW,17.883333333333333,0.44276200000000004,0.0,0.0,1,0,0,0,1,0,1,0,0,0,2,0,0,4,0,0,0,0,0,1,0
260,20252026,Regular,OTT,240,Fanuza Kadirova,LW,15.6,0.094262,0.0,0.0,0,0,0,0,0,0,0,0,0,0,0,6,0,1,0,0,0,0,0,0,0
260,20252026,Regular,OTT,115,Michela Cava,RW,11.666666666666666,0.0,0.0,0.0,0,0,0,0,0,0,0,0,0,0,0,0,1,0,0,0,0,0,0,0,0
260,20252026,Regular,OTT,223,Ronja Savolainen,RD,21.95,0.0,0.0,0.0,0,0,0,0,0,0,0,0,0,0,1,0,3,0,0,0,0,0,0,0,0
260,20252026,Regular,OTT,238,Sanni Ahola,G,0.0,0.0,0.0,0.0,0,0,0,0,0,0,0,0,0,0,0,0,0,0,0,0,0,0,0,0,0
260,20252026,Regular,OTT,222,Gwyneth Philips,G,61.483333333333334,0.0,0.0,0.0,0,0,0,0,0,0,0,0,0,0,0,0,0,0,0,0,0,0,0,0,0
261,20252026,Regular,SEA,196,Cayla Barnes,RD,24.9,0.051034,0.0,0.0,0,0,0,0,1,0,0,0,0,0,1,0,0,1,0,0,0,0,0,0,0
261,20252026,Regular,SEA,203,Anna Wilgren,LD,23.433333333333334,0.051034,0.0,0.0,0,0,0,0,0,0,0,0,0,0,1,0,2,1,0,0,0,0,0,0,0
261,20252026,Regular,SEA,291,Lily Delianedis,LW,3.8666666666666667,0.0,0.0,0.0,0,0,0,0,0,0,0,0,0,0,0,0,0,0,0,0,0,0,0,2,0
261,20252026,Regular,SEA,142,Natalie Snodgrass,LW,16.633333333333333,0.145296,0.0,0.0,0,0,0,0,0,0,0,0,0,0,-1,0,0,2,0,0,0,0,0,1,0
261,20252026,Regular,SEA,36,Jessie Eldridge,RW,17.266666666666666,0.262044,0.0,0.0,1,0,0,0,1,1,0,0,0,0,2,0,1,3,0,0,0,0,0,1,1
261,20252026,Regular,SEA,237,Jenna Buglioni,C,4.1,0.0,0.0,0.0,0,0,0,0,0,0,0,0,0,0,0,0,0,0,0,0,0,0,0,3,1
261,20252026,Regular,SEA,2,Emily Brown,RD,17.85,0.051034,0.0,0.0,0,0,0,0,0,1,0,0,0,0,2,0,1,1,0,0,0,0,0,0,0
261,20252026,Regular,SEA,138,Mikyla Grant-Mentis,C,14.583333333333334,0.094262,0.0,0.0,0,0,0,0,0,0,0,0,0,0,0,0,0,1,0,0,0,0,0,17,7
261,20252026,Regular,SEA,91,Brooke Bryant,RW,6.1,0.051034,0.0,0.0,0,0,0,0,0,0,0,0,0,0,0,0,0,1,0,0,0,0,0,0,0
261,20252026,Regular,SEA,181,Hannah Bilka,LW,20.116666666666667,0.43145600000000006,0.0,0.0,1,0,0,0,0,0,1,0,0,0,0,0,0,4,0,0,0,0,0,0,0
261,20252026,Regular,SEA,99,Mariah Keopple,LD,12.883333333333333,0.051034,0.0,0.0,0,0,0,0,0,1,0,0,0,0,0,0,0,1,0,0,0,0,0,0,0
261,20252026,Regular,SEA,13,Hilary Knight,RW,23.116666666666667,0.3882280000000001,0.0,0.0,0,1,0,0,0,0,0,0,0,0,0,0,2,4,0,0,0,0,0,1,0
261,20252026,Regular,SEA,294,Lyndie Lobdell,RD,15.916666666666666,0.102068,0.0,0.0,0,0,0,0,1,0,0,0,0,0,-1,2,0,2,0,0,0,0,0,0,0
261,20252026,Regular,SEA,34,Alex Carpenter,C,21.566666666666666,0.188524,0.0,0.0,0,0,0,0,1,0,0,1,0,0,0,0,0,2,0,0,0,0,0,27,16
261,20252026,Regular,SEA,208,Megan Carter,LD,19.616666666666667,0.254238,0.0,0.0,1,0,0,0,0,0,0,0,0,0,1,0,1,2,0,0,0,0,0,0,0
261,20252026,Regular,SEA,49,Lexie Adzija,RW,14.466666666666667,0.254238,0.0,0.0,0,0,1,0,0,0,0,0,0,0,0,2,0,2,0,0,0,0,0,0,0
261,20252026,Regular,SEA,210,Julia Gosling,LW,14.233333333333333,0.49379600000000007,0.0,0.0,1,0,0,0,0,0,0,0,0,0,1,2,0,5,0,0,0,0,0,0,0
261,20252026,Regular,SEA,224,Danielle Serdachny,C,17.883333333333333,0.051034,0.0,0.0,0,0,0,0,0,0,0,0,0,0,2,0,0,1,0,0,0,0,0,19,12
261,20252026,Regular,SEA,155,Corinne Schroeder,G,60.0,0.0,0.0,0.0,0,0,0,0,0,0,0,0,0,0,0,0,0,0,0,0,0,0,0,0,0
261,20252026,Regular,SEA,134,Carly Jackson,G,0.0,0.0,0.0,0.0,0,0,0,0,0,0,0,0,0,0,0,0,0,0,0,0,0,0,0,0,0
261,20252026,Regular,TOR,132,Jessica Kondas,RD,0.0,0.0,0.0,0.0,0,0,0,0,0,0,0,0,0,0,0,0,0,0,0,0,0,0,0,0,0
261,20252026,Regular,TOR,68,Kali Flanagan,RD,21.516666666666666,0.242932,0.0,0.0,0,1,0,0,0,1,0,0,0,0,0,0,0,2,0,0,0,0,0,0,0
261,20252026,Regular,TOR,63,Daryl Watts,RW,13.566666666666666,0.051034,0.0,0.0,0,0,0,0,1,1,0,0,0,0,-1,0,0,1,0,0,0,0,0,0,0
261,20252026,Regular,TOR,317,Kiara Zanon,LW,9.383333333333333,0.188524,0.0,0.0,0,0,0,0,0,0,0,0,0,0,-1,0,1,2,0,0,0,0,0,0,0
261,20252026,Regular,TOR,74,Allie Munroe,LD,10.75,0.051034,0.0,0.0,0,0,0,0,0,0,0,0,0,0,2,4,0,1,0,0,0,0,0,0,0
261,20252026,Regular,TOR,67,Renata Fast,RD,24.116666666666667,0.094262,0.0,0.0,0,0,0,0,0,0,0,0,0,0,-2,0,1,1,0,0,0,0,0,0,0
261,20252026,Regular,TOR,56,Savannah Harmon,LD,22.483333333333334,0.102068,0.0,0.0,0,0,0,0,0,1,1,0,0,0,-2,0,0,2,0,0,0,0,0,0,0
261,20252026,Regular,TOR,44,Ella Shelton,D,24.383333333333333,0.25517,0.0,0.0,0,0,0,0,0,0,0,0,0,0,-3,0,3,5,0,0,0,0,0,0,0
261,20252026,Regular,TOR,65,Jesse Compher,C,13.783333333333333,0.30527200000000004,0.0,0.0,1,0,0,0,0,0,0,0,0,0,-2,0,1,3,0,0,0,0,0,14,6
261,20252026,Regular,TOR,313,Sara Hjalmarsson,C,9.75,0.0,0.0,0.0,0,0,0,0,0,0,0,0,0,0,-1,0,0,0,0,0,0,0,0,15,6
261,20252026,Regular,TOR,244,Emma Gentry,LW,11.983333333333333,0.33382,0.0,0.0,0,0,0,0,0,0,0,0,0,0,1,0,0,4,0,0,0,0,0,3,1
261,20252026,Regular,TOR,66,Maggie Connors,LW,19.1,0.102068,0.0,0.0,0,0,0,0,0,0,0,0,0,0,-1,0,0,2,0,0,0,0,0,0,0
261,20252026,Regular,TOR,100,Natalie Spooner,RW,14.916666666666666,0.493796,0.0,0.0,1,0,0,0,0,0,0,0,0,0,-1,0,0,5,0,0,0,0,0,1,1
261,20252026,Regular,TOR,316,Clara Van Wieren,C,13.233333333333333,0.094262,0.0,0.0,0,0,0,0,1,0,0,0,0,0,1,2,0,1,0,0,0,0,0,12,6
261,20252026,Regular,TOR,73,Emma Maltais,LW,12.883333333333333,0.051034,0.0,0.0,0,0,0,0,0,0,0,1,0,0,0,0,2,1,0,0,0,0,0,1,1
261,20252026,Regular,TOR,76,Blayre Turnbull,C,18.5,0.254238,0.0,0.0,1,0,0,0,0,0,0,0,0,0,0,2,2,2,0,0,0,0,0,24,12
261,20252026,Regular,TOR,26,Claire Dalton,RW,18.6,0.188524,0.0,0.0,0,0,0,0,1,0,0,0,0,0,0,2,0,2,0,0,0,0,0,1,1
261,20252026,Regular,TOR,86,Emma Woods,RW,9.433333333333334,0.094262,0.0,0.0,0,0,0,0,0,0,0,0,0,0,-1,0,0,1,0,0,0,0,0,0,0
261,20252026,Regular,TOR,200,Anna Kjellbin,RD,9.583333333333334,0.0,0.0,0.0,0,0,0,0,0,0,0,0,0,0,2,0,0,0,0,0,0,0,0,0,0
261,20252026,Regular,TOR,211,Raygan Kirk,G,60.0,0.0,0.0,0.0,0,0,0,0,0,0,0,0,0,0,0,0,0,0,0,0,0,0,0,0,0
261,20252026,Regular,TOR,85,Elaine Chuli,G,0.0,0.0,0.0,0.0,0,0,0,0,0,0,0,0,0,0,0,0,0,0,0,0,0,0,0,0,0
262,20252026,Regular,MIN,24,Lee Stecklein,LD,23.266666666666666,0.0,0.0,0.0,0,0,0,0,0,0,0,0,0,0,0,0,1,0,0,0,0,0,0,0,0
262,20252026,Regular,MIN,236,Kendall Cooper,RD,21.483333333333334,0.282786,0.0,0.0,0,0,0,0,0,0,0,0,0,0,0,0,0,3,0,0,0,0,0,0,0
262,20252026,Regular,MIN,167,Sidney Morin,RD,23.75,0.051034,0.0,0.0,0,0,0,0,0,0,0,0,0,0,-1,0,0,1,0,0,0,0,0,0,0
262,20252026,Regular,MIN,191,Katy Knoll,RW,14.233333333333333,0.0,0.0,0.0,0,0,0,0,0,0,0,0,0,0,0,2,1,0,0,0,0,0,0,2,2
262,20252026,Regular,MIN,102,Claire Butorac,RW,8.95,0.094262,0.0,0.0,0,0,0,0,0,0,0,0,0,0,-1,0,0,1,0,0,0,0,0,0,0
262,20252026,Regular,MIN,162,Madison Bizal,LD,1.3333333333333333,0.0,0.0,0.0,0,0,0,0,0,0,0,0,0,0,0,0,0,0,0,0,0,0,0,0,0
262,20252026,Regular,MIN,23,Kelly Pannek,C,16.883333333333333,0.254238,0.0,0.0,1,0,0,0,0,0,0,0,0,0,0,0,0,2,0,0,0,0,0,25,11
262,20252026,Regular,MIN,25,Grace Zumwinkle,RW,17.016666666666666,0.145296,0.0,0.0,0,0,0,0,0,0,0,0,0,0,-1,0,0,2,0,0,0,0,0,0,0
262,20252026,Regular,MIN,264,Brooke Becker,LD,12.133333333333333,0.094262,0.0,0.0,0,0,0,0,0,0,0,0,0,0,0,0,0,1,0,0,0,0,0,0,0
262,20252026,Regular,MIN,188,Mae Batherson,LD,19.516666666666666,0.051034,0.0,0.0,0,0,0,0,0,0,0,0,0,0,0,0,0,1,0,0,0,0,0,0,0
262,20252026,Regular,MIN,90,Natalie Buchbinder,RD,16.133333333333333,0.0,0.0,0.0,0,0,0,0,0,0,0,0,0,0,0,0,0,0,0,0,0,0,0,0,0
262,20252026,Regular,MIN,269,Vanessa Upson,C,7.45,0.0,0.0,0.0,0,0,0,0,0,0,0,0,0,0,-1,0,0,0,0,0,0,0,0,3,3
262,20252026,Regular,MIN,20,Kendall Coyne Schofield,LW,16.8,0.19633,0.0,0.0,0,0,0,0,1,0,0,0,0,0,1,0,0,3,0,0,0,0,0,0,0
262,20252026,Regular,MIN,21,Taylor Heise,C,19.483333333333334,0.247364,0.0,0.0,0,0,0,0,0,1,0,0,0,0,1,0,0,4,0,0,0,0,0,17,5
262,20252026,Regular,MIN,104,Denisa Křížová,LW,15.316666666666666,0.188524,0.0,0.0,0,0,0,0,0,0,0,0,0,0,0,0,0,2,0,0,0,0,0,0,0
262,20252026,Regular,MIN,190,Klára Hymlárová,C,14.783333333333333,0.0,0.0,0.0,0,0,0,0,0,0,0,0,0,0,0,0,1,0,0,0,0,0,0,6,2
262,20252026,Regular,MIN,247,Abby Hustler,LW,17.783333333333335,0.051034,0.0,0.0,0,0,0,0,0,0,0,0,0,0,0,0,2,1,0,0,0,0,0,0,0
262,20252026,Regular,MIN,189,Britta Curl-Salemme,RW,20.683333333333334,0.094262,0.0,0.0,0,0,0,0,0,0,0,0,0,0,1,0,1,1,0,0,0,0,0,3,1
262,20252026,Regular,MIN,263,Peyton Anderson,LW,7.483333333333333,0.102068,0.0,0.0,0,0,0,0,0,0,0,0,0,0,-1,0,1,2,0,0,0,0,0,0,0
262,20252026,Regular,MIN,22,Nicole Hensley,G,62.21666666666667,0.0,0.0,0.0,0,0,0,0,0,0,0,0,0,0,0,0,0,0,0,0,0,0,0,0,0
262,20252026,Regular,MIN,123,Maddie Rooney,G,0.0,0.0,0.0,0.0,0,0,0,0,0,0,0,0,0,0,0,0,0,0,0,0,0,0,0,0,0
262,20252026,Regular,MTL,32,Laura Stacey,RW,16.283333333333335,0.15310200000000002,0.0,0.0,0,0,0,0,0,0,0,0,0,0,-1,0,1,3,0,0,0,0,0,0,0
262,20252026,Regular,MTL,84,Kati Tabin,LD,22.983333333333334,0.25517,0.0,0.0,0,0,0,0,0,0,0,0,0,0,0,0,0,5,0,0,0,0,0,0,0
262,20252026,Regular,MTL,42,Abby Roque,LW,19.3,0.145296,0.0,0.0,0,0,0,0,1,0,0,0,0,0,0,0,0,2,0,0,0,0,0,6,2
262,20252026,Regular,MTL,39,Alexandra Labelle,C,9.483333333333333,0.0,0.0,0.0,0,0,0,0,0,0,0,0,0,0,0,0,0,0,0,0,0,0,0,4,2
262,20252026,Regular,MTL,61,Hayley Scamurra,C,16.216666666666665,0.188524,0.0,0.0,0,0,0,0,0,0,0,0,0,0,0,0,0,2,0,0,0,0,0,13,5
262,20252026,Regular,MTL,199,Dara Greig,LW,14.816666666666666,0.094262,0.0,0.0,0,0,0,0,0,0,0,0,0,0,0,0,0,1,0,0,0,0,0,0,0
262,20252026,Regular,MTL,128,Kaitlin Willoughby,RW,9.65,0.094262,0.0,0.0,0,0,0,0,0,0,0,0,0,0,0,0,0,1,0,0,0,0,0,0,0
262,20252026,Regular,MTL,98,Maureen Murphy,RW,16.466666666666665,0.293966,0.0,0.0,1,0,0,0,0,0,0,0,0,0,1,0,0,3,0,0,0,0,0,0,0
262,20252026,Regular,MTL,5,Jessica DiGirolamo,LD,16.3,0.0,0.0,0.0,0,0,0,0,0,0,0,0,0,0,0,0,0,0,0,0,0,0,0,0,0
262,20252026,Regular,MTL,83,Erin Ambrose,RD,17.766666666666666,0.0,0.0,0.0,0,0,0,0,0,0,0,0,0,0,0,0,0,0,0,0,0,0,0,0,0
262,20252026,Regular,MTL,4,Shiann Darkangelo,C,15.433333333333334,0.102068,0.0,0.0,0,0,0,0,0,0,0,0,0,0,1,0,0,2,0,0,0,0,0,13,9
262,20252026,Regular,MTL,157,Catherine Dubois,LW,7.116666666666666,0.0,0.0,0.0,0,0,0,0,0,0,0,0,0,0,0,0,0,0,0,0,0,0,0,0,0
262,20252026,Regular,MTL,31,Marie-Philip Poulin,C,16.883333333333333,0.21101,0.0,0.0,1,0,0,0,0,0,0,0,0,0,0,0,2,2,0,0,0,0,0,18,13
262,20252026,Regular,MTL,51,Amanda Boulier,RD,16.083333333333332,0.051034,0.0,0.0,0,0,0,0,0,0,0,0,0,0,0,0,0,1,0,0,0,0,0,0,0
262,20252026,Regular,MTL,253,Nicole Gosling,LD,19.6,0.102068,0.0,0.0,0,0,0,0,1,0,0,0,0,0,1,0,1,2,0,0,0,0,0,0,0
262,20252026,Regular,MTL,35,Jade Downie-Landry,LW,12.15,0.094262,0.0,0.0,0,0,0,0,0,0,0,0,0,0,0,0,0,1,0,0,0,0,0,2,1
262,20252026,Regular,MTL,272,Skylar Irving,RW,7.433333333333334,0.051034,0.0,0.0,0,0,0,0,0,1,0,0,0,0,1,0,0,1,0,0,0,0,0,0,0
262,20252026,Regular,MTL,79,Maggie Flaherty,RD,23.833333333333332,0.0,0.0,0.0,0,0,0,0,0,0,0,0,0,0,0,0,2,0,0,0,0,0,0,0,0
262,20252026,Regular,MTL,274,Natálie Mlýnková,LW,11.066666666666666,0.0,0.0,0.0,0,0,0,0,0,0,0,0,0,0,0,0,0,0,0,0,0,0,0,0,0
262,20252026,Regular,MTL,48,Sandra Abstreiter,G,0.0,0.0,0.0,0.0,0,0,0,0,0,0,0,0,0,0,0,0,0,0,0,0,0,0,0,0,0
262,20252026,Regular,MTL,28,Ann-Renée Desbiens,G,63.05,0.0,0.0,0.0,0,0,0,0,0,0,0,0,0,0,0,0,0,0,0,0,0,0,0,0,0
263,20252026,Regular,VAN,310,Madison Samoskevich,D,6.316666666666666,0.094262,0.0,0.0,0,0,0,0,0,0,0,0,0,0,0,2,2,1,0,0,0,0,0,0,0
263,20252026,Regular,VAN,209,Izzy Daniel,RW,15.033333333333333,0.254238,0.0,0.0,1,0,0,0,0,0,0,0,0,0,1,0,1,2,0,0,0,0,0,0,0
263,20252026,Regular,VAN,180,Sydney Bard,LD,13.183333333333334,0.0,0.0,0.0,0,0,0,0,0,0,0,0,0,0,0,0,0,0,0,0,0,0,0,0,0
263,20252026,Regular,VAN,198,Jenn Gardiner,LW,15.283333333333333,0.051034,0.0,0.0,0,0,0,0,1,0,0,0,0,0,1,0,2,1,0,0,0,0,0,0,0
263,20252026,Regular,VAN,161,Tereza Vanišová,RW,19.0,0.442762,0.0,0.0,1,0,0,0,0,1,0,0,0,0,3,0,8,4,0,0,0,0,0,1,0
263,20252026,Regular,VAN,227,Gabby Rosenthal,C,14.8,0.0,0.0,0.0,0,0,0,0,0,0,0,0,0,0,1,0,2,0,0,0,0,0,0,12,9
263,20252026,Regular,VAN,11,Sophie Jaques,RD,21.816666666666666,0.051034,0.0,0.0,0,0,0,0,1,0,0,0,0,0,4,0,2,1,0,0,0,0,0,0,0
263,20252026,Regular,VAN,140,Malia Schneider,RW,9.9,0.0,0.0,0.0,0,0,0,0,0,0,0,0,0,0,0,0,0,0,0,0,0,0,0,0,0
263,20252026,Regular,VAN,220,Mannon McMahon,C,9.416666666666666,0.0,0.0,0.0,0,0,0,0,0,0,0,0,0,0,0,0,2,0,0,0,0,0,0,6,1
263,20252026,Regular,VAN,75,Sarah Nurse,C,19.2,0.37098600000000004,0.0,0.0,2,0,0,0,0,0,0,0,0,0,3,0,3,3,0,0,0,0,0,16,8
263,20252026,Regular,VAN,50,Ashton Bell,RD,19.466666666666665,0.0,0.0,0.0,0,0,0,0,0,1,0,0,0,0,1,0,5,0,0,0,0,0,0,0,0
263,20252026,Regular,VAN,114,Abby Boreen,RW,15.233333333333333,0.21101,0.0,0.0,1,0,0,0,0,0,0,0,0,0,1,0,1,2,0,0,0,0,0,2,2
263,20252026,Regular,VAN,129,Mellissa Channell-Watkins,LD,18.133333333333333,0.051034,0.0,0.0,0,0,0,0,0,0,0,0,0,0,0,0,8,1,0,0,0,0,0,0,0
263,20252026,Regular,VAN,305,Nina Jobst-Smith,RD,18.066666666666666,0.204136,0.0,0.0,0,0,0,0,0,0,0,0,0,0,1,0,3,4,0,0,0,0,0,0,0
263,20252026,Regular,VAN,252,Michelle Karvinen,LW,17.0,0.051034,0.0,0.0,0,0,0,0,1,0,0,0,0,0,3,2,0,1,0,0,0,0,0,0,0
263,20252026,Regular,VAN,89,Hannah Miller,C,17.733333333333334,0.145296,0.0,0.0,0,0,0,0,0,0,0,0,0,0,1,0,7,2,0,0,0,0,0,10,4
263,20252026,Regular,VAN,169,Claire Thompson,LD,19.966666666666665,0.19633,0.0,0.0,0,0,0,0,0,0,0,0,0,0,4,0,0,3,0,0,0,0,0,0,0
263,20252026,Regular,VAN,221,Anna Meixner,LW,13.883333333333333,0.094262,0.0,0.0,0,0,0,0,0,1,0,0,0,0,1,0,1,1,0,0,0,0,0,0,0
263,20252026,Regular,VAN,239,Anna Shokhina,LW,10.233333333333333,0.102068,0.0,0.0,0,0,0,0,0,0,0,0,0,0,0,0,1,2,0,0,0,0,0,1,0
263,20252026,Regular,VAN,59,Emerance Maschmeyer,G,0.0,0.0,0.0,0.0,0,0,0,0,0,0,0,0,0,0,0,0,0,0,0,0,0,0,0,0,0
263,20252026,Regular,VAN,64,Kristen Campbell,G,60.0,0.0,0.0,0.0,0,0,0,0,0,0,0,0,0,0,0,0,0,0,0,0,0,0,0,0,0
263,20252026,Regular,TOR,68,Kali Flanagan,RD,21.3,0.15310200000000002,0.0,0.0,0,0,0,0,0,0,0,0,0,0,0,0,1,3,0,0,0,0,0,0,0
263,20252026,Regular,TOR,116,Clair DeGeorge,C,6.533333333333333,0.0,0.0,0.0,0,0,0,0,0,0,0,0,0,0,0,0,1,0,0,0,0,0,0,1,0
263,20252026,Regular,TOR,63,Daryl Watts,RW,15.766666666666667,0.094262,0.0,0.0,0,0,0,0,0,0,0,0,0,0,-3,0,1,1,0,0,0,0,0,0,0
263,20252026,Regular,TOR,317,Kiara Zanon,LW,13.7,0.094262,0.0,0.0,0,0,0,0,0,0,0,0,0,0,-1,0,0,1,0,0,0,0,0,0,0
263,20252026,Regular,TOR,74,Allie Munroe,LD,18.25,0.0,0.0,0.0,0,0,0,0,0,0,0,0,0,0,0,0,4,0,0,0,0,0,0,0,0
263,20252026,Regular,TOR,67,Renata Fast,RD,22.166666666666668,0.051034,0.0,0.0,0,0,0,0,0,0,0,0,0,0,-3,0,6,1,0,0,0,0,0,0,0
263,20252026,Regular,TOR,56,Savannah Harmon,LD,18.7,0.0,0.0,0.0,0,0,0,0,0,0,0,0,0,0,-3,0,1,0,0,0,0,0,0,0,0
263,20252026,Regular,TOR,44,Ella Shelton,LD,22.35,0.15310200000000002,0.0,0.0,0,0,0,0,0,0,0,0,0,0,-3,0,5,3,0,0,0,0,0,0,0
263,20252026,Regular,TOR,65,Jesse Compher,C,13.316666666666666,0.145296,0.0,0.0,0,0,0,0,0,0,0,0,0,0,-3,0,2,2,0,0,0,0,0,9,7
263,20252026,Regular,TOR,313,Sara Hjalmarsson,C,11.05,0.051034,0.0,0.0,0,0,0,0,0,0,0,0,0,0,0,2,4,1,0,0,0,0,0,9,4
263,20252026,Regular,TOR,244,Emma Gentry,LW,11.883333333333333,0.094262,0.0,0.0,0,0,0,0,0,0,0,0,0,0,-1,0,2,1,0,0,0,0,0,4,2
263,20252026,Regular,TOR,66,Maggie Connors,LW,13.933333333333334,0.102068,0.0,0.0,0,0,0,0,0,0,0,0,0,0,0,0,0,2,0,0,0,0,0,1,0
263,20252026,Regular,TOR,100,Natalie Spooner,RW,17.15,0.0,0.0,0.0,0,0,0,0,0,0,0,0,0,0,-2,0,0,0,0,0,0,0,0,0,0
263,20252026,Regular,TOR,316,Clara Van Wieren,C,12.366666666666667,0.0,0.0,0.0,0,0,0,0,0,0,0,0,0,0,-1,0,1,0,0,0,0,0,0,9,3
263,20252026,Regular,TOR,73,Emma Maltais,LW,15.483333333333333,0.290592,0.0,0.0,0,0,0,0,0,0,0,0,0,0,-3,0,2,4,0,0,0,0,0,3,2
263,20252026,Regular,TOR,76,Blayre Turnbull,C,16.383333333333333,0.145296,0.0,0.0,0,0,0,0,0,0,0,0,0,0,-1,0,8,2,0,0,0,0,0,11,6
263,20252026,Regular,TOR,26,Claire Dalton,RW,13.816666666666666,0.145296,0.0,0.0,0,0,0,0,0,0,0,0,0,0,0,0,2,2,0,0,0,0,0,1,0
263,20252026,Regular,TOR,86,Emma Woods,RW,8.5,0.094262,0.0,0.0,0,0,0,0,0,0,0,0,0,0,0,0,3,1,0,0,0,0,0,0,0
263,20252026,Regular,TOR,200,Anna Kjellbin,RD,13.933333333333334,0.0,0.0,0.0,0,0,0,0,0,0,0,0,0,0,-1,0,0,0,0,0,0,0,0,0,0
263,20252026,Regular,TOR,211,Raygan Kirk,G,0.0,0.0,0.0,0.0,0,0,0,0,0,0,0,0,0,0,0,0,0,0,0,0,0,0,0,0,0
263,20252026,Regular,TOR,85,Elaine Chuli,G,60.0,0.0,0.0,0.0,0,0,0,0,0,0,0,0,0,0,0,0,0,0,0,0,0,0,0,0,0
264,20252026,Regular,MTL,32,Laura Stacey,RW,16.666666666666668,0.43588800000000005,0.0,0.0,0,0,0,0,0,0,0,0,0,0,1,0,0,6,0,0,0,0,0,0,0
264,20252026,Regular,MTL,84,Kati Tabin,LD,22.2,0.102068,0.0,0.0,0,0,0,0,0,0,0,1,0,0,0,0,1,2,0,0,0,0,0,0,0
264,20252026,Regular,MTL,42,Abby Roque,LW,19.433333333333334,0.254238,0.0,0.0,0,0,0,1,0,0,0,0,0,0,0,2,0,2,0,0,0,0,0,7,5
264,20252026,Regular,MTL,61,Hayley Scamurra,C,15.85,0.43588800000000005,0.0,0.0,0,0,0,0,1,0,0,0,0,0,1,0,0,6,0,0,0,0,0,16,7
264,20252026,Regular,MTL,199,Dara Greig,LW,14.05,0.0,0.0,0.0,0,0,0,0,0,0,0,0,0,0,1,4,0,0,0,0,0,0,0,0,0
264,20252026,Regular,MTL,128,Kaitlin Willoughby,RW,7.266666666666667,0.188524,0.0,0.0,0,0,0,0,0,0,0,0,0,0,0,0,0,2,0,0,0,0,0,0,0
264,20252026,Regular,MTL,98,Maureen Murphy,RW,15.65,0.44613600000000003,0.0,0.0,1,1,0,0,0,0,0,0,0,0,1,0,1,3,0,0,0,0,0,0,0
264,20252026,Regular,MTL,5,Jessica DiGirolamo,LD,17.033333333333335,0.0,0.0,0.0,0,0,0,0,0,0,0,0,0,0,1,0,0,0,0,0,0,0,0,0,0
264,20252026,Regular,MTL,83,Erin Ambrose,RD,22.216666666666665,0.051034,0.0,0.0,0,0,0,0,0,0,1,0,0,0,1,0,0,1,0,0,0,0,0,0,0
264,20252026,Regular,MTL,201,Lina Ljungblom,C,11.7,0.188524,0.0,0.0,0,0,0,0,0,0,0,0,0,0,0,0,0,2,0,0,0,0,0,9,8
264,20252026,Regular,MTL,4,Shiann Darkangelo,C,16.416666666666668,0.188524,0.0,0.0,0,0,0,0,0,0,0,0,0,0,0,0,0,2,0,0,0,0,0,19,10
264,20252026,Regular,MTL,157,Catherine Dubois,LW,8.05,0.051034,0.0,0.0,0,0,0,0,0,0,0,0,0,0,0,0,0,1,0,0,0,0,0,0,0
264,20252026,Regular,MTL,31,Marie-Philip Poulin,C,18.766666666666666,0.0,0.0,0.0,0,0,0,0,0,0,0,0,0,0,0,0,1,0,0,0,0,0,0,19,11
264,20252026,Regular,MTL,51,Amanda Boulier,RD,12.916666666666666,0.0,0.0,0.0,0,0,0,0,0,1,0,0,0,0,0,0,0,0,0,0,0,0,0,0,0
264,20252026,Regular,MTL,253,Nicole Gosling,LD,22.233333333333334,0.051034,0.0,0.0,0,0,0,0,0,0,0,0,0,0,1,0,0,1,0,0,0,0,0,0,0
264,20252026,Regular,MTL,35,Jade Downie-Landry,LW,10.683333333333334,0.19633,0.0,0.0,0,0,0,0,0,0,0,0,0,0,0,0,0,3,0,0,0,0,0,1,0
264,20252026,Regular,MTL,272,Skylar Irving,LW,4.316666666666666,0.094262,0.0,0.0,0,0,0,0,0,0,0,0,0,0,-1,0,0,1,0,0,0,0,0,0,0
264,20252026,Regular,MTL,79,Maggie Flaherty,RD,20.65,0.102068,0.0,0.0,0,0,0,0,0,0,0,0,0,0,-1,2,1,2,0,0,0,0,0,0,0
264,20252026,Regular,MTL,274,Natálie Mlýnková,RW,10.6,0.145296,0.0,0.0,0,0,0,0,0,0,0,0,0,0,0,0,0,2,0,0,0,0,0,0,0
264,20252026,Regular,MTL,48,Sandra Abstreiter,G,0.0,0.0,0.0,0.0,0,0,0,0,0,0,0,0,0,0,0,0,0,0,0,0,0,0,0,0,0
264,20252026,Regular,MTL,28,Ann-Renée Desbiens,G,59.9,0.0,0.0,0.0,0,0,0,0,0,0,0,0,0,0,0,0,0,0,0,0,0,0,0,0,0
264,20252026,Regular,OTT,71,Jocelyne Larocque,LD,20.55,0.0,0.0,0.0,0,0,0,0,0,0,0,0,0,0,-1,0,0,0,0,0,0,0,0,0,0
264,20252026,Regular,OTT,242,Rory Guilday,RD,20.45,0.051034,0.0,0.0,0,0,0,0,0,0,0,0,0,0,1,2,2,1,0,0,0,0,0,0,0
264,20252026,Regular,OTT,219,Stephanie Markowski,LD,6.25,0.0,0.0,0.0,0,0,0,0,0,0,0,0,0,0,0,0,0,0,0,0,0,0,0,0,0
264,20252026,Regular,OTT,289,Kathryn Reilly,RD,12.416666666666666,0.051034,0.0,0.0,0,0,0,0,0,0,0,0,0,0,0,0,0,1,0,0,0,0,0,0,0
264,20252026,Regular,OTT,101,Alexa Vasko,C,9.75,0.094262,0.0,0.0,0,0,0,0,0,0,0,0,0,0,0,0,1,1,0,0,0,0,0,5,3
264,20252026,Regular,OTT,38,Brooke Hobson,LD,16.633333333333333,0.0,0.0,0.0,0,0,0,0,0,0,0,0,0,0,1,0,0,0,0,0,0,0,0,0,0
264,20252026,Regular,OTT,88,Kateřina Mrázová,C,14.816666666666666,0.0,0.0,0.0,0,0,0,0,0,1,0,0,0,0,-1,0,0,0,0,0,0,0,0,17,9
264,20252026,Regular,OTT,57,Gabbie Hughes,C,16.25,0.094262,0.0,0.0,0,0,0,0,0,0,0,0,0,0,0,0,1,1,0,0,0,0,0,18,6
264,20252026,Regular,OTT,58,Brianne Jenner,C,21.366666666666667,0.188524,0.0,0.0,0,0,0,0,0,0,0,0,0,0,-1,0,0,2,0,0,0,0,0,24,10
264,20252026,Regular,OTT,217,Taylor House,LW,7.35,0.0,0.0,0.0,0,0,0,0,0,0,0,0,0,0,0,0,3,0,0,0,0,0,0,0,0
264,20252026,Regular,OTT,241,Sarah Wozniewicz,RW,20.3,0.290592,0.0,0.0,0,0,0,0,0,0,0,0,0,0,-1,0,0,4,0,0,0,0,0,1,0
264,20252026,Regular,OTT,118,Emma Greco,LD,10.383333333333333,0.051034,0.0,0.0,0,0,0,0,0,0,0,0,0,0,0,4,1,1,0,0,0,0,0,0,0
264,20252026,Regular,OTT,53,Emily Clark,RW,18.4,0.188524,0.0,0.0,0,0,0,0,0,0,0,0,0,0,-1,0,0,2,0,0,0,0,0,0,0
264,20252026,Regular,OTT,192,Brooke McQuigge,LW,11.683333333333334,0.0,0.0,0.0,0,0,0,0,0,0,0,0,0,0,0,0,0,0,0,0,0,0,0,2,1
264,20252026,Regular,OTT,286,Peyton Hemp,RW,10.8,0.0,0.0,0.0,0,0,0,0,0,0,0,0,0,0,0,0,0,0,0,0,0,0,0,3,0
264,20252026,Regular,OTT,72,Rebecca Leslie,LW,20.966666666666665,0.188524,0.0,0.0,0,0,0,0,0,0,0,0,0,0,-1,0,0,2,0,0,0,0,0,0,0
264,20252026,Regular,OTT,240,Fanuza Kadirova,LW,15.066666666666666,0.34850000000000003,0.0,0.0,1,0,0,0,0,0,0,0,0,0,0,0,2,3,0,0,0,0,0,0,0
264,20252026,Regular,OTT,115,Michela Cava,RW,15.65,0.239558,0.0,0.0,0,0,0,0,1,0,0,0,0,0,0,0,0,3,0,0,0,0,0,1,1
264,20252026,Regular,OTT,223,Ronja Savolainen,RD,21.983333333333334,0.15310200000000002,0.0,0.0,0,0,0,0,0,0,0,0,0,0,-2,2,0,3,0,0,0,0,0,0,0
264,20252026,Regular,OTT,238,Sanni Ahola,G,0.0,0.0,0.0,0.0,0,0,0,0,0,0,0,0,0,0,0,0,0,0,0,0,0,0,0,0,0
264,20252026,Regular,OTT,222,Gwyneth Philips,G,58.4,0.0,0.0,0.0,0,0,0,0,0,0,0,0,0,0,0,0,0,0,0,0,0,0,0,0,0
265,20252026,Regular,MIN,24,Lee Stecklein,LD,21.4,0.15310200000000002,0.0,0.0,0,0,0,0,0,0,0,0,0,0,0,0,0,3,0,0,0,0,0,0,0
265,20252026,Regular,MIN,236,Kendall Cooper,RD,19.95,0.051034,0.0,0.0,0,0,0,0,0,1,0,0,0,0,3,0,1,1,0,0,0,0,0,0,0
265,20252026,Regular,MIN,167,Sidney Morin,RD,20.85,0.145296,0.0,0.0,0,0,0,0,0,0,0,0,0,0,-1,0,0,2,0,0,0,0,0,0,0
265,20252026,Regular,MIN,191,Katy Knoll,RW,12.683333333333334,0.40290800000000004,0.0,0.0,1,0,0,1,0,0,0,0,0,0,2,0,1,3,0,0,0,0,0,3,2
265,20252026,Regular,MIN,102,Claire Butorac,C,9.333333333333334,0.0,0.0,0.0,0,0,0,0,0,0,0,0,0,0,0,0,0,0,0,0,0,0,0,3,0
265,20252026,Regular,MIN,23,Kelly Pannek,C,15.866666666666667,0.242932,0.0,0.0,0,1,0,0,0,0,0,0,0,0,-1,0,0,2,0,0,0,0,0,19,10
265,20252026,Regular,MIN,25,Grace Zumwinkle,RW,15.966666666666667,0.159976,0.0,0.0,1,0,0,0,0,0,1,0,0,0,-1,0,0,1,0,0,0,0,0,0,0
265,20252026,Regular,MIN,264,Brooke Becker,LD,13.5,0.145296,0.0,0.0,0,0,0,0,0,0,0,0,0,0,0,4,1,2,0,0,0,0,0,0,0
265,20252026,Regular,MIN,194,Kaitlyn O'Donohoe,RW,9.216666666666667,0.094262,0.0,0.0,0,0,0,0,0,0,0,0,0,0,0,0,0,1,0,0,0,0,0,0,0
265,20252026,Regular,MIN,188,Mae Batherson,LD,17.666666666666668,0.145296,0.0,0.0,0,0,0,0,1,0,0,1,0,0,1,0,0,2,0,0,0,0,0,0,0
265,20252026,Regular,MIN,90,Natalie Buchbinder,RD,21.516666666666666,0.0,0.0,0.0,0,0,0,0,0,0,0,0,0,0,3,0,0,0,0,0,0,0,0,0,0
265,20252026,Regular,MIN,269,Vanessa Upson,C,7.816666666666666,0.094262,0.0,0.0,0,0,0,0,0,0,0,0,0,0,0,0,0,1,0,0,0,0,0,5,1
265,20252026,Regular,MIN,20,Kendall Coyne Schofield,LW,16.316666666666666,0.44276200000000004,0.0,0.0,1,0,0,0,0,0,0,0,0,0,0,0,0,4,0,0,0,0,0,0,0
265,20252026,Regular,MIN,21,Taylor Heise,C,17.366666666666667,0.35630600000000007,0.0,0.0,1,0,0,0,0,0,0,0,0,0,1,0,0,4,0,0,0,0,0,8,6
265,20252026,Regular,MIN,104,Denisa Křížová,LW,12.766666666666667,0.0,0.0,0.0,0,0,0,0,0,0,0,0,0,0,1,0,0,0,0,0,0,0,0,0,0
265,20252026,Regular,MIN,190,Klára Hymlárová,C,14.466666666666667,0.0,0.0,0.0,0,0,0,0,1,0,0,0,0,0,2,0,2,0,0,0,0,0,0,7,2
265,20252026,Regular,MIN,247,Abby Hustler,LW,18.716666666666665,0.0,0.0,0.0,0,0,0,0,1,1,0,0,0,0,2,0,0,0,0,0,0,0,0,1,0
265,20252026,Regular,MIN,189,Britta Curl-Salemme,RW,20.383333333333333,0.051034,0.0,0.0,0,0,0,0,0,0,0,0,0,0,1,0,0,1,0,0,0,0,0,7,3
265,20252026,Regular,MIN,263,Peyton Anderson,LW,3.25,0.0,0.0,0.0,0,0,0,0,0,0,0,0,0,0,0,0,0,0,0,0,0,0,0,0,0
265,20252026,Regular,MIN,22,Nicole Hensley,G,0.0,0.0,0.0,0.0,0,0,0,0,0,0,0,0,0,0,0,0,0,0,0,0,0,0,0,0,0
265,20252026,Regular,MIN,123,Maddie Rooney,G,60.0,0.0,0.0,0.0,0,0,0,0,0,0,0,0,0,0,0,0,0,0,0,0,0,0,0,0,0
265,20252026,Regular,NY,251,Dayle Ross,RD,11.633333333333333,0.0,0.0,0.0,0,0,0,0,0,0,0,0,0,0,-1,0,0,0,0,0,0,0,0,0,0
265,20252026,Regular,NY,206,Elle Hartje,LW,17.55,0.0,0.0,0.0,0,0,0,0,0,0,0,0,0,0,-2,0,0,0,0,0,0,0,0,4,2
265,20252026,Regular,NY,147,Savannah Norcross,RW,4.5,0.051034,0.0,0.0,0,0,0,0,1,0,0,0,0,0,1,0,0,1,0,0,0,0,0,0,0
265,20252026,Regular,NY,229,Maja Nylen Persson,RD,17.166666666666668,0.0,0.0,0.0,0,0,0,0,0,0,0,0,0,0,-1,0,0,0,0,0,0,0,0,0,0
265,20252026,Regular,NY,131,Olivia Knowles,LW,2.9,0.0,0.0,0.0,0,0,0,0,0,0,0,0,0,0,0,0,0,0,0,0,0,0,0,0,0
265,20252026,Regular,NY,205,Sarah Fillier,C,20.566666666666666,0.38485400000000003,0.0,0.0,0,0,0,0,0,0,0,0,0,0,0,2,0,5,0,0,0,0,0,12,5
265,20252026,Regular,NY,87,Jaime Bourbonnais,LD,20.683333333333334,0.102068,0.0,0.0,0,0,0,0,0,0,0,0,0,0,-1,0,0,2,0,0,0,0,0,0,0
265,20252026,Regular,NY,207,Lauren Bernard,LD,12.233333333333333,0.0,0.0,0.0,0,0,0,0,0,0,0,0,0,0,0,0,0,0,0,0,0,0,0,0,0
265,20252026,Regular,NY,285,Maddi Wheeler,LW,15.683333333333334,0.0,0.0,0.0,0,0,0,0,0,1,0,0,0,0,0,0,0,0,0,0,0,0,0,0,0
265,20252026,Regular,NY,40,Paetyn Levis,RW,16.6,0.094262,0.0,0.0,0,0,0,0,0,0,0,0,0,0,-1,0,0,1,0,0,0,0,0,1,0
265,20252026,Regular,NY,230,Allyson Simpson,D,17.516666666666666,0.094262,0.0,0.0,0,0,0,0,0,0,0,0,0,0,-2,0,2,1,0,0,0,0,0,0,0
265,20252026,Regular,NY,277,Anna Bargman,LW,5.216666666666667,0.28616,0.0,0.0,1,0,0,0,0,0,0,0,0,0,0,0,0,2,0,0,0,0,0,0,0
265,20252026,Regular,NY,280,Casey O'Brien,C,22.816666666666666,0.094262,0.0,0.0,0,0,0,0,1,0,0,0,0,0,-3,0,0,1,0,0,0,0,0,17,11
265,20252026,Regular,NY,47,Micah Zandee-Hart,LD,16.033333333333335,0.051034,0.0,0.0,0,0,0,0,0,0,0,0,0,0,-1,0,0,1,0,0,0,0,0,0,0
265,20252026,Regular,NY,204,Emmy Fecteau,RW,10.433333333333334,0.0,0.0,0.0,0,0,0,0,0,0,0,0,0,0,-1,0,1,0,0,0,0,0,0,0,0
265,20252026,Regular,NY,30,Kristin O'Neill,C,16.25,0.051034,0.0,0.0,0,0,0,0,0,0,0,0,0,0,-1,2,0,1,0,0,0,0,0,16,9
265,20252026,Regular,NY,60,Jincy Roese,RD,16.766666666666666,0.094262,0.0,0.0,0,0,0,0,0,0,0,0,0,0,0,0,0,1,0,0,0,0,0,0,0
265,20252026,Regular,NY,45,Kayla Vespa,C,11.0,0.188524,0.0,0.0,0,0,0,0,0,1,0,0,0,0,0,0,0,2,0,0,0,0,0,3,2
265,20252026,Regular,NY,245,Kristýna Kaltounková,RW,22.683333333333334,0.8276159999999999,0.0,0.0,1,0,0,0,0,0,0,0,0,0,-1,2,1,9,0,0,0,0,0,0,0
265,20252026,Regular,NY,282,Callie Shanahan,G,0.0,0.0,0.0,0.0,0,0,0,0,0,0,0,0,0,0,0,0,0,0,0,0,0,0,0,0,0
265,20252026,Regular,NY,228,Kayle Osborne,G,59.68333333333333,0.0,0.0,0.0,0,0,0,0,0,0,0,0,0,0,0,0,0,0,0,0,0,0,0,0,0
266,20252026,Regular,SEA,196,Cayla Barnes,RD,22.083333333333332,0.102068,0.0,0.0,0,0,0,0,0,0,0,0,0,0,0,2,1,2,0,0,0,0,0,0,0
266,20252026,Regular,SEA,203,Anna Wilgren,LD,20.683333333333334,0.0,0.0,0.0,0,0,0,0,0,1,0,0,0,0,0,0,0,0,0,0,0,0,0,0,0
266,20252026,Regular,SEA,142,Natalie Snodgrass,LW,13.766666666666667,0.145296,0.0,0.0,0,0,0,0,0,0,0,0,0,0,-1,0,0,2,0,0,0,0,0,1,1
266,20252026,Regular,SEA,36,Jessie Eldridge,RW,22.483333333333334,0.356306,0.0,0.0,1,0,0,0,0,0,0,0,0,0,1,0,0,4,0,0,0,0,0,0,0
266,20252026,Regular,SEA,237,Jenna Buglioni,C,13.516666666666667,0.0,0.0,0.0,0,0,0,0,0,0,0,0,0,0,0,0,1,0,0,0,0,0,0,3,1
266,20252026,Regular,SEA,2,Emily Brown,RD,21.033333333333335,0.0,0.0,0.0,0,0,0,0,0,0,0,0,0,0,-1,0,3,0,0,0,0,0,0,0,0
266,20252026,Regular,SEA,138,Mikyla Grant-Mentis,C,13.3,0.39266000000000006,0.0,0.0,0,0,0,0,0,0,0,0,0,0,0,0,0,6,0,0,0,0,0,7,0
266,20252026,Regular,SEA,91,Brooke Bryant,RW,15.0,0.0,0.0,0.0,0,0,0,0,0,0,0,0,0,0,0,0,1,0,0,0,0,0,0,1,0
266,20252026,Regular,SEA,181,Hannah Bilka,LW,19.8,0.522344,0.0,0.0,0,0,0,0,0,0,0,0,0,0,-2,0,1,6,0,0,0,0,0,0,0
266,20252026,Regular,SEA,99,Mariah Keopple,LD,16.2,0.0,0.0,0.0,0,0,0,0,0,0,0,0,0,0,-1,0,0,0,0,0,0,0,0,0,0
266,20252026,Regular,SEA,13,Hilary Knight,RW,21.05,0.33382,0.0,0.0,0,0,0,0,0,0,0,0,0,0,-2,0,0,4,0,0,0,0,0,1,1
266,20252026,Regular,SEA,294,Lyndie Lobdell,RD,16.2,0.051034,0.0,0.0,0,0,0,0,0,0,0,0,0,0,-1,0,0,1,0,0,0,0,0,0,0
266,20252026,Regular,SEA,34,Alex Carpenter,C,22.783333333333335,0.145296,0.0,0.0,0,0,0,0,0,0,0,0,0,0,-3,0,0,2,0,0,0,0,0,24,11
266,20252026,Regular,SEA,208,Megan Carter,LD,18.25,0.051034,0.0,0.0,0,0,0,0,0,0,0,0,0,0,-1,0,1,1,0,0,0,0,0,0,0
266,20252026,Regular,SEA,295,Marah Wagner,LW,13.483333333333333,0.094262,0.0,0.0,0,0,0,0,0,0,0,0,0,0,0,0,0,1,0,0,0,0,0,0,0
266,20252026,Regular,SEA,49,Lexie Adzija,RW,11.566666666666666,0.0,0.0,0.0,0,0,0,0,0,0,0,0,0,0,-1,0,0,0,0,0,0,0,0,0,0
266,20252026,Regular,SEA,210,Julia Gosling,LW,19.983333333333334,0.145296,0.0,0.0,0,0,0,0,1,0,0,0,0,0,1,0,0,2,0,0,0,0,0,0,0
266,20252026,Regular,SEA,224,Danielle Serdachny,C,19.566666666666666,0.15310200000000002,0.0,0.0,0,0,0,0,0,0,0,0,0,0,1,0,0,3,0,0,0,0,0,13,7
266,20252026,Regular,SEA,155,Corinne Schroeder,G,0.0,0.0,0.0,0.0,0,0,0,0,0,0,0,0,0,0,0,0,0,0,0,0,0,0,0,0,0
266,20252026,Regular,SEA,250,Hannah Murphy,G,57.36666666666667,0.0,0.0,0.0,0,0,0,0,0,0,0,0,0,0,0,0,0,0,0,0,0,0,0,0,0
266,20252026,Regular,VAN,310,Madison Samoskevich,D,1.9833333333333334,0.0,0.0,0.0,0,0,0,0,0,0,0,0,0,0,0,0,0,0,0,0,0,0,0,0,0
266,20252026,Regular,VAN,209,Izzy Daniel,RW,14.616666666666667,0.21101,0.0,0.0,1,0,0,0,1,0,0,0,0,0,1,2,0,2,0,0,0,0,0,2,1
266,20252026,Regular,VAN,180,Sydney Bard,LD,13.983333333333333,0.0,0.0,0.0,0,0,0,0,0,0,0,0,0,0,1,0,0,0,0,0,0,0,0,0,0
266,20252026,Regular,VAN,198,Jenn Gardiner,LW,17.816666666666666,0.242932,0.0,0.0,1,0,0,0,0,1,0,0,0,0,1,0,0,2,0,0,0,0,0,0,0
266,20252026,Regular,VAN,161,Tereza Vanišová,RW,17.433333333333334,0.188524,0.0,0.0,0,0,0,0,1,0,0,0,0,0,1,0,0,2,0,0,0,0,0,0,0
266,20252026,Regular,VAN,227,Gabby Rosenthal,C,17.683333333333334,0.094262,0.0,0.0,0,0,0,0,0,0,0,0,0,0,0,0,0,1,0,0,0,0,0,11,8
266,20252026,Regular,VAN,11,Sophie Jaques,RD,22.7,0.239558,0.0,0.0,0,0,0,0,0,0,0,0,0,0,1,0,0,3,0,0,0,0,0,0,0
266,20252026,Regular,VAN,140,Malia Schneider,RW,5.45,0.0,0.0,0.0,0,0,0,0,0,0,0,0,0,0,0,0,0,0,0,0,0,0,0,0,0
266,20252026,Regular,VAN,220,Mannon McMahon,C,8.416666666666666,0.0,0.0,0.0,0,0,0,0,0,0,0,0,0,0,0,0,2,0,0,0,0,0,0,4,4
266,20252026,Regular,VAN,75,Sarah Nurse,C,19.85,0.38485400000000003,0.0,0.0,0,0,0,0,0,1,0,0,0,0,1,0,0,5,0,0,0,0,0,20,11
266,20252026,Regular,VAN,50,Ashton Bell,RD,22.583333333333332,0.094262,0.0,0.0,0,0,0,0,0,0,0,0,0,0,0,0,0,1,0,0,0,0,0,0,0
266,20252026,Regular,VAN,114,Abby Boreen,RW,19.216666666666665,0.188524,0.0,0.0,0,0,0,0,0,0,0,0,0,0,0,0,0,2,0,0,0,0,0,0,0
266,20252026,Regular,VAN,129,Mellissa Channell-Watkins,LD,23.366666666666667,0.0,0.0,0.0,0,0,0,0,0,0,0,0,0,0,0,0,0,0,0,0,0,0,0,0,0
266,20252026,Regular,VAN,305,Nina Jobst-Smith,RD,11.166666666666666,0.102068,0.0,0.0,0,0,0,0,0,0,0,0,0,0,1,0,0,2,0,0,0,0,0,0,0
266,20252026,Regular,VAN,252,Michelle Karvinen,LW,17.366666666666667,0.431456,0.0,0.0,1,0,0,0,0,0,0,0,0,0,1,0,0,4,0,0,0,0,0,0,0
266,20252026,Regular,VAN,89,Hannah Miller,C,16.383333333333333,0.051034,0.0,0.0,0,0,0,0,1,0,0,0,0,0,1,0,1,1,0,0,0,0,0,13,5
266,20252026,Regular,VAN,169,Claire Thompson,LD,22.5,0.24736400000000003,0.0,0.0,0,0,0,0,0,1,0,0,0,0,1,2,0,4,0,0,0,0,0,0,0
266,20252026,Regular,VAN,221,Anna Meixner,LW,14.2,0.094262,0.0,0.0,0,0,0,0,0,0,0,0,0,0,0,0,1,1,0,0,0,0,0,0,0
266,20252026,Regular,VAN,239,Anna Shokhina,LW,5.233333333333333,0.051034,0.0,0.0,0,0,0,0,0,0,0,0,0,0,0,0,0,1,0,0,0,0,0,0,0
266,20252026,Regular,VAN,59,Emerance Maschmeyer,G,60.0,0.0,0.0,0.0,0,0,0,0,0,0,0,0,0,0,0,0,0,0,0,0,0,0,0,0,0
266,20252026,Regular,VAN,64,Kristen Campbell,G,0.0,0.0,0.0,0.0,0,0,0,0,0,0,0,0,0,0,0,0,0,0,0,0,0,0,0,0,0
267,20252026,Regular,MTL,32,Laura Stacey,RW,17.783333333333335,0.428082,0.0,0.0,0,0,0,0,0,0,1,0,0,0,0,0,0,5,0,0,0,0,0,0,0
267,20252026,Regular,MTL,84,Kati Tabin,LD,21.6,0.0,0.0,0.0,0,0,0,0,0,0,0,0,0,0,0,0,0,0,0,0,0,0,0,0,0
267,20252026,Regular,MTL,42,Abby Roque,LW,18.7,0.33382,0.0,0.0,0,0,0,0,0,0,0,0,0,0,0,0,0,4,0,0,0,0,0,3,3
267,20252026,Regular,MTL,61,Hayley Scamurra,C,17.416666666666668,0.290592,0.0,0.0,0,0,0,0,0,0,1,0,0,0,0,0,0,4,0,0,0,0,0,12,6
267,20252026,Regular,MTL,199,Dara Greig,LW,15.266666666666667,0.051034,0.0,0.0,0,0,0,0,0,1,0,0,0,0,1,0,0,1,0,0,0,0,0,0,0
267,20252026,Regular,MTL,128,Kaitlin Willoughby,RW,8.433333333333334,0.0,0.0,0.0,0,0,0,0,0,0,0,0,0,0,0,0,1,0,0,0,0,0,0,0,0
267,20252026,Regular,MTL,98,Maureen Murphy,RW,12.266666666666667,0.0,0.0,0.0,0,0,0,0,0,0,0,0,0,0,0,0,0,0,0,0,0,0,0,0,0
267,20252026,Regular,MTL,5,Jessica DiGirolamo,LD,21.183333333333334,0.204136,0.0,0.0,0,0,0,0,0,0,0,0,0,0,1,0,0,4,0,0,0,0,0,0,0
267,20252026,Regular,MTL,83,Erin Ambrose,RD,19.05,0.19633,0.0,0.0,0,0,0,0,0,0,0,0,0,0,0,0,0,3,0,0,0,0,0,0,0
267,20252026,Regular,MTL,201,Lina Ljungblom,C,9.083333333333334,0.0,0.0,0.0,0,0,0,0,0,0,0,0,0,0,0,0,0,0,0,0,0,0,0,7,1
267,20252026,Regular,MTL,4,Shiann Darkangelo,C,14.833333333333334,0.254238,0.0,0.0,0,1,0,0,0,0,0,0,0,0,0,0,0,2,0,0,0,0,0,16,11
267,20252026,Regular,MTL,157,Catherine Dubois,LW,8.083333333333334,0.051034,0.0,0.0,0,0,0,0,0,0,0,0,0,0,0,0,0,1,0,0,0,0,0,0,0
267,20252026,Regular,MTL,31,Marie-Philip Poulin,C,18.366666666666667,0.364112,0.0,0.0,0,1,0,0,0,0,0,0,0,0,0,0,0,5,0,0,0,0,0,21,14
267,20252026,Regular,MTL,51,Amanda Boulier,RD,19.1,0.0,0.0,0.0,0,0,0,0,0,0,0,0,0,0,1,0,2,0,0,0,0,0,0,0,0
267,20252026,Regular,MTL,253,Nicole Gosling,LD,18.283333333333335,0.0,0.0,0.0,0,0,0,0,0,0,0,1,0,0,0,0,1,0,0,0,0,0,0,0,0
267,20252026,Regular,MTL,35,Jade Downie-Landry,LW,15.183333333333334,0.0,0.0,0.0,0,0,0,0,0,0,0,0,0,0,0,0,0,0,0,0,0,0,0,0,0
267,20252026,Regular,MTL,272,Skylar Irving,RW,11.333333333333334,0.094262,0.0,0.0,0,0,0,0,1,0,0,0,0,0,1,2,0,1,0,0,0,0,0,0,0
267,20252026,Regular,MTL,79,Maggie Flaherty,RD,18.55,0.0,0.0,0.0,0,0,0,0,0,0,0,1,0,0,0,0,2,0,0,0,0,0,0,0,0
267,20252026,Regular,MTL,274,Natálie Mlýnková,LW,11.766666666666667,0.159976,0.0,0.0,1,0,0,0,0,0,0,0,0,0,1,0,0,1,0,0,0,0,0,0,0
267,20252026,Regular,MTL,48,Sandra Abstreiter,G,0.0,0.0,0.0,0.0,0,0,0,0,0,0,0,0,0,0,0,0,0,0,0,0,0,0,0,0,0
267,20252026,Regular,MTL,28,Ann-Renée Desbiens,G,60.0,0.0,0.0,0.0,0,0,0,0,0,0,0,0,0,0,0,0,0,0,0,0,0,0,0,0,0
267,20252026,Regular,TOR,68,Kali Flanagan,RD,18.95,0.102068,0.0,0.0,0,0,0,0,0,0,0,0,0,0,-1,0,0,2,0,0,0,0,0,0,0
267,20252026,Regular,TOR,116,Clair DeGeorge,C,0.0,0.0,0.0,0.0,0,0,0,0,0,0,0,0,0,0,0,0,0,0,0,0,0,0,0,0,0
267,20252026,Regular,TOR,63,Daryl Watts,RW,16.8,0.145296,0.0,0.0,0,0,0,0,0,0,0,0,0,0,-1,0,0,2,0,0,0,0,0,1,0
267,20252026,Regular,TOR,317,Kiara Zanon,LW,13.233333333333333,0.145296,0.0,0.0,0,0,0,0,0,0,0,0,0,0,0,0,0,2,0,0,0,0,0,0,0
267,20252026,Regular,TOR,74,Allie Munroe,LD,16.483333333333334,0.0,0.0,0.0,0,0,0,0,0,0,0,0,0,0,-1,4,1,0,0,0,0,0,0,0,0
267,20252026,Regular,TOR,67,Renata Fast,RD,22.083333333333332,0.051034,0.0,0.0,0,0,0,0,0,0,0,0,0,0,0,4,3,1,0,0,0,0,0,0,0
267,20252026,Regular,TOR,56,Savannah Harmon,LD,19.566666666666666,0.102068,0.0,0.0,0,0,0,0,0,0,0,0,0,0,0,0,0,2,0,0,0,0,0,0,0
267,20252026,Regular,TOR,44,Ella Shelton,LD,22.783333333333335,0.0,0.0,0.0,0,0,0,0,0,0,0,0,0,0,0,0,1,0,0,0,0,0,0,0,0
267,20252026,Regular,TOR,65,Jesse Compher,C,14.883333333333333,0.0,0.0,0.0,0,0,0,0,0,0,0,0,0,0,0,0,0,0,0,0,0,0,0,20,7
267,20252026,Regular,TOR,313,Sara Hjalmarsson,LW,10.183333333333334,0.094262,0.0,0.0,0,0,0,0,0,0,0,0,0,0,0,0,0,1,0,0,0,0,0,0,0
267,20252026,Regular,TOR,244,Emma Gentry,C,11.133333333333333,0.051034,0.0,0.0,0,0,0,0,0,0,0,0,0,0,-1,0,0,1,0,0,0,0,0,12,4
267,20252026,Regular,TOR,66,Maggie Connors,LW,14.55,0.19633,0.0,0.0,0,0,0,0,0,0,0,0,0,0,-1,0,0,3,0,0,0,0,0,0,0
267,20252026,Regular,TOR,100,Natalie Spooner,RW,16.6,0.094262,0.0,0.0,0,0,0,0,0,0,0,0,0,0,0,0,0,1,0,0,0,0,0,0,0
267,20252026,Regular,TOR,316,Clara Van Wieren,C,13.3,0.0,0.0,0.0,0,0,0,0,0,0,0,0,0,0,0,0,1,0,0,0,0,0,0,8,6
267,20252026,Regular,TOR,73,Emma Maltais,LW,18.0,0.102068,0.0,0.0,0,0,0,0,0,0,0,0,0,0,0,0,2,2,0,0,0,0,0,10,5
267,20252026,Regular,TOR,76,Blayre Turnbull,C,18.016666666666666,0.094262,0.0,0.0,0,0,0,0,0,0,0,0,0,0,0,0,0,1,0,0,0,0,0,7,2
267,20252026,Regular,TOR,26,Claire Dalton,RW,14.4,0.102068,0.0,0.0,0,0,0,0,0,0,0,0,0,0,0,0,0,2,0,0,0,0,0,1,0
267,20252026,Regular,TOR,86,Emma Woods,RW,9.166666666666666,0.051034,0.0,0.0,0,0,0,0,0,0,0,0,0,0,0,0,0,1,0,0,0,0,0,0,0
267,20252026,Regular,TOR,200,Anna Kjellbin,RD,15.716666666666667,0.051034,0.0,0.0,0,0,0,0,0,0,0,0,0,0,0,0,0,1,0,0,0,0,0,0,0
267,20252026,Regular,TOR,211,Raygan Kirk,G,60.0,0.0,0.0,0.0,0,0,0,0,0,0,0,0,0,0,0,0,0,0,0,0,0,0,0,0,0
267,20252026,Regular,TOR,85,Elaine Chuli,G,0.0,0.0,0.0,0.0,0,0,0,0,0,0,0,0,0,0,0,0,0,0,0,0,0,0,0,0,0
268,20252026,Regular,OTT,71,Jocelyne Larocque,RD,24.9,0.0,0.0,0.0,0,0,0,0,0,1,0,0,0,0,2,0,0,0,0,0,0,0,0,0,0
268,20252026,Regular,OTT,242,Rory Guilday,RD,19.95,0.051034,0.0,0.0,0,0,0,0,0,0,1,0,0,0,1,0,0,1,0,0,0,0,0,0,0
268,20252026,Regular,OTT,219,Stephanie Markowski,LD,7.083333333333333,0.102068,0.0,0.0,0,0,0,0,0,0,0,0,0,0,-1,0,0,2,0,0,0,0,0,1,0
268,20252026,Regular,OTT,289,Kathryn Reilly,RD,11.133333333333333,0.145296,0.0,0.0,0,0,0,0,0,0,0,0,0,0,0,0,0,2,0,0,0,0,0,0,0
268,20252026,Regular,OTT,101,Alexa Vasko,C,7.0,0.094262,0.0,0.0,0,0,0,0,0,0,0,0,0,0,-1,0,2,1,0,0,0,0,0,7,4
268,20252026,Regular,OTT,38,Brooke Hobson,LD,18.766666666666666,0.0,0.0,0.0,0,0,0,0,0,0,0,0,0,0,0,0,2,0,0,0,0,0,0,0,0
268,20252026,Regular,OTT,88,Kateřina Mrázová,C,13.8,0.094262,0.0,0.0,0,0,0,0,1,0,0,0,0,0,1,2,0,1,0,0,0,0,0,10,6
268,20252026,Regular,OTT,57,Gabbie Hughes,C,17.9,0.239558,0.0,0.0,0,0,0,0,1,0,0,0,0,0,1,0,0,3,0,0,0,0,0,16,9
268,20252026,Regular,OTT,58,Brianne Jenner,C,20.9,0.145296,0.0,0.0,0,0,0,0,1,0,0,0,0,0,1,0,1,2,0,0,0,0,0,22,10
268,20252026,Regular,OTT,217,Taylor House,LW,5.966666666666667,0.094262,0.0,0.0,0,0,0,0,0,0,0,0,0,0,-1,0,2,1,0,0,0,0,0,0,0
268,20252026,Regular,OTT,241,Sarah Wozniewicz,RW,18.266666666666666,0.145296,0.0,0.0,0,0,0,0,0,1,0,0,0,0,1,2,3,2,0,0,0,0,0,1,1
268,20252026,Regular,OTT,118,Emma Greco,LD,11.366666666666667,0.0,0.0,0.0,0,0,0,0,0,0,0,0,0,0,0,0,0,0,0,0,0,0,0,0,0
268,20252026,Regular,OTT,53,Emily Clark,RW,17.633333333333333,0.639092,0.0,0.0,1,0,0,0,0,0,0,1,0,0,1,0,4,7,0,0,0,0,0,0,0
268,20252026,Regular,OTT,192,Brooke McQuigge,LW,14.233333333333333,0.0,0.0,0.0,0,0,0,0,0,0,0,0,0,0,1,0,0,0,0,0,0,0,0,0,0
268,20252026,Regular,OTT,286,Peyton Hemp,RW,3.216666666666667,0.0,0.0,0.0,0,0,0,0,0,0,0,0,0,0,0,15,0,0,0,0,0,0,0,0,0
268,20252026,Regular,OTT,72,Rebecca Leslie,LW,19.75,0.46524800000000005,0.0,0.0,1,1,0,0,0,0,0,0,0,0,1,0,0,4,0,0,0,0,0,0,0
268,20252026,Regular,OTT,240,Fanuza Kadirova,LW,13.983333333333333,0.21101,0.0,0.0,1,0,0,0,0,0,0,0,0,0,1,0,1,2,0,0,0,0,0,0,0
268,20252026,Regular,OTT,115,Michela Cava,RW,13.216666666666667,0.051034,0.0,0.0,0,0,0,0,0,0,0,0,0,0,1,0,0,1,0,0,0,0,0,1,0
268,20252026,Regular,OTT,223,Ronja Savolainen,LD,24.233333333333334,0.051034,0.0,0.0,0,0,0,0,0,0,0,0,0,0,1,0,2,1,0,0,0,0,0,0,0
268,20252026,Regular,OTT,238,Sanni Ahola,G,0.0,0.0,0.0,0.0,0,0,0,0,0,0,0,0,0,0,0,0,0,0,0,0,0,0,0,0,0
268,20252026,Regular,OTT,222,Gwyneth Philips,G,60.0,0.0,0.0,0.0,0,0,0,0,0,0,0,0,0,0,0,0,0,0,0,0,0,0,0,0,0
268,20252026,Regular,SEA,196,Cayla Barnes,RD,24.4,0.188524,0.0,0.0,0,0,0,0,0,0,0,0,0,0,-2,2,0,2,0,0,0,0,0,0,0
268,20252026,Regular,SEA,203,Anna Wilgren,LD,24.133333333333333,0.0,0.0,0.0,0,0,0,0,0,0,0,0,0,0,-3,2,1,0,0,0,0,0,0,0,0
268,20252026,Regular,SEA,291,Lily Delianedis,C,5.85,0.0,0.0,0.0,0,0,0,0,0,0,0,0,0,0,0,0,0,0,0,0,0,0,0,7,3
268,20252026,Regular,SEA,142,Natalie Snodgrass,LW,15.283333333333333,0.0,0.0,0.0,0,0,0,0,0,0,0,0,0,0,-1,0,1,0,0,0,0,0,0,2,1
268,20252026,Regular,SEA,36,Jessie Eldridge,RW,18.066666666666666,0.262044,0.0,0.0,1,0,0,0,0,0,1,0,0,0,-1,0,0,3,0,0,0,0,0,2,1
268,20252026,Regular,SEA,237,Jenna Buglioni,RW,6.483333333333333,0.0,0.0,0.0,0,0,0,0,0,0,0,0,0,0,0,0,0,0,0,0,0,0,0,1,1
268,20252026,Regular,SEA,2,Emily Brown,RD,19.2,0.102068,0.0,0.0,0,0,0,0,0,0,0,0,0,0,0,0,2,2,0,0,0,0,0,0,0
268,20252026,Regular,SEA,138,Mikyla Grant-Mentis,C,12.816666666666666,0.0,0.0,0.0,0,0,0,0,0,0,0,0,0,0,-2,0,0,0,0,0,0,0,0,7,0
268,20252026,Regular,SEA,91,Brooke Bryant,RW,8.85,0.0,0.0,0.0,0,0,0,0,0,0,0,0,0,0,-1,0,0,0,0,0,0,0,0,1,0
268,20252026,Regular,SEA,181,Hannah Bilka,LW,18.75,0.239558,0.0,0.0,0,0,0,0,0,0,0,0,0,0,-1,0,0,3,0,0,0,0,0,0,0
268,20252026,Regular,SEA,99,Mariah Keopple,LD,14.05,0.051034,0.0,0.0,0,0,0,0,0,0,0,0,0,0,1,0,0,1,0,0,0,0,0,0,0
268,20252026,Regular,SEA,13,Hilary Knight,RW,23.166666666666668,0.501602,0.0,0.0,0,1,0,0,0,0,0,0,0,0,-1,0,0,6,0,0,0,0,0,0,0
268,20252026,Regular,SEA,294,Lyndie Lobdell,RD,14.3,0.0,0.0,0.0,0,0,0,0,0,0,0,0,0,0,0,0,0,0,0,0,0,0,0,0,0
268,20252026,Regular,SEA,34,Alex Carpenter,C,21.966666666666665,0.282786,0.0,0.0,0,0,0,0,0,0,0,0,0,0,-1,0,0,3,0,0,0,0,0,21,13
268,20252026,Regular,SEA,208,Megan Carter,LD,18.716666666666665,0.0,0.0,0.0,0,0,0,0,0,0,0,0,0,0,1,2,1,0,0,0,0,0,0,0,0
268,20252026,Regular,SEA,49,Lexie Adzija,LW,12.233333333333333,0.051034,0.0,0.0,0,0,0,0,0,0,0,0,0,0,0,0,0,1,0,0,0,0,0,1,1
268,20252026,Regular,SEA,210,Julia Gosling,LW,18.05,0.204136,0.0,0.0,0,0,0,0,0,0,0,0,0,0,0,0,2,4,0,0,0,0,0,0,0
268,20252026,Regular,SEA,224,Danielle Serdachny,C,17.716666666666665,0.094262,0.0,0.0,0,0,0,0,1,0,0,0,0,0,1,0,0,1,0,0,0,0,0,16,8
268,20252026,Regular,SEA,155,Corinne Schroeder,G,60.0,0.0,0.0,0.0,0,0,0,0,0,0,0,0,0,0,0,0,0,0,0,0,0,0,0,0,0
268,20252026,Regular,SEA,250,Hannah Murphy,G,0.0,0.0,0.0,0.0,0,0,0,0,0,0,0,0,0,0,0,0,0,0,0,0,0,0,0,0,0
269,20252026,Regular,BOS,52,Zoe Boyd,LD,18.416666666666668,0.204136,0.0,0.0,0,0,0,0,0,0,1,0,0,0,-1,0,4,4,0,0,0,0,0,0,0
269,20252026,Regular,BOS,12,Megan Keller,LD,29.483333333333334,0.094262,0.0,0.0,0,0,0,0,0,0,0,0,0,0,-1,0,3,1,0,0,0,0,0,0,0
269,20252026,Regular,BOS,182,Hadley Hartmetz,RD,11.716666666666667,0.051034,0.0,0.0,0,0,0,0,0,0,0,0,0,0,0,0,0,1,0,0,0,0,0,0,0
269,20252026,Regular,BOS,254,Mia Biotti,LD,3.6166666666666667,0.0,0.0,0.0,0,0,0,0,0,0,0,0,0,0,0,0,0,0,0,0,0,0,0,0,0
269,20252026,Regular,BOS,246,Haley Winn,RD,30.916666666666668,0.4004660000000001,0.0,0.0,0,0,0,0,0,0,0,1,0,0,-1,0,2,7,0,0,0,0,0,0,0
269,20252026,Regular,BOS,15,Alina Müller,C,24.966666666666665,0.051034,0.0,0.0,0,0,0,0,0,0,1,0,0,0,-1,0,2,1,0,0,0,0,0,18,9
269,20252026,Regular,BOS,97,Liz Schepers,LW,14.0,0.34850000000000003,0.0,0.0,1,0,0,0,0,0,0,0,0,0,-1,0,2,3,0,0,0,0,0,6,2
269,20252026,Regular,BOS,256,Olivia Mobley,RW,13.583333333333334,0.145296,0.0,0.0,0,0,0,0,0,0,0,1,0,0,0,0,3,2,0,0,0,0,0,0,0
269,20252026,Regular,BOS,17,Theresa Schafzahl,LW,13.75,0.0,0.0,0.0,0,0,0,0,1,0,0,0,0,0,0,0,0,0,0,0,0,0,0,0,0
269,20252026,Regular,BOS,259,Abby Newhook,RW,13.516666666666667,0.254238,0.0,0.0,0,1,0,0,0,0,0,0,0,0,0,0,0,2,0,0,0,0,0,0,0
269,20252026,Regular,BOS,1,Hannah Brandt,C,12.616666666666667,0.239558,0.0,0.0,0,0,0,0,0,0,0,0,0,0,0,0,0,3,0,0,0,0,0,14,10
269,20252026,Regular,BOS,212,Laura Kluge,LW,10.233333333333333,0.094262,0.0,0.0,0,0,0,0,0,0,0,0,0,0,0,0,1,1,0,0,0,0,0,0,0
269,20252026,Regular,BOS,243,Ella Huber,RW,13.5,0.094262,0.0,0.0,0,0,0,0,0,0,0,0,0,0,0,0,2,1,0,0,0,0,0,3,2
269,20252026,Regular,BOS,183,Shay Maloney,C,13.333333333333334,0.0,0.0,0.0,0,0,0,0,0,0,0,0,0,0,0,0,5,0,0,0,0,0,0,10,6
269,20252026,Regular,BOS,149,Jill Saulnier,RW,11.266666666666667,0.0,0.0,0.0,0,0,0,0,0,0,0,0,0,0,-1,0,1,0,0,0,0,0,0,0,0
269,20252026,Regular,BOS,16,Jamie Lee Rattray,LW,18.733333333333334,0.305272,0.0,0.0,0,1,0,0,0,0,0,0,0,0,0,0,1,3,0,0,0,0,0,2,1
269,20252026,Regular,BOS,232,Rylind MacKinnon,RD,14.3,0.0,0.0,0.0,0,0,0,0,0,0,0,0,0,0,0,0,4,0,0,0,0,0,0,0,0
269,20252026,Regular,BOS,185,Daniela Pejšová,LD,16.066666666666666,0.102068,0.0,0.0,0,0,0,0,0,0,0,0,0,0,1,0,3,2,0,0,0,0,0,0,0
269,20252026,Regular,BOS,78,Susanna Tapani,C,21.433333333333334,0.33382,0.0,0.0,0,0,0,0,0,0,0,0,0,0,0,0,1,4,0,0,0,0,0,18,9
269,20252026,Regular,BOS,6,Aerin Frankel,G,65.0,0.0,0.0,0.0,0,0,0,0,0,0,0,0,0,0,0,0,0,0,0,0,0,0,0,0,0
269,20252026,Regular,BOS,41,Abbey Levy,G,0.0,0.0,0.0,0.0,0,0,0,0,0,0,0,0,0,0,0,0,0,0,0,0,0,0,0,0,0
269,20252026,Regular,NY,251,Dayle Ross,RD,8.516666666666667,0.051034,0.0,0.0,0,0,0,0,0,0,0,0,0,0,0,0,0,1,0,0,0,0,0,0,0
269,20252026,Regular,NY,206,Elle Hartje,LW,18.016666666666666,0.0,0.0,0.0,0,0,0,0,0,0,0,0,0,0,-1,0,0,0,0,0,0,0,0,2,0
269,20252026,Regular,NY,147,Savannah Norcross,RW,4.216666666666667,0.0,0.0,0.0,0,0,0,0,0,0,0,0,0,0,0,0,0,0,0,0,0,0,0,0,0
269,20252026,Regular,NY,229,Maja Nylen Persson,RD,26.983333333333334,0.0,0.0,0.0,0,0,0,0,0,0,0,1,0,0,0,0,1,0,0,0,0,0,0,0,0
269,20252026,Regular,NY,131,Olivia Knowles,LW,3.8666666666666667,0.0,0.0,0.0,0,0,0,0,0,0,0,0,0,0,0,0,0,0,0,0,0,0,0,0,0
269,20252026,Regular,NY,205,Sarah Fillier,C,24.716666666666665,0.7186739999999999,0.0,0.0,0,0,0,0,0,0,1,0,0,0,0,0,1,9,0,0,0,0,0,17,5
269,20252026,Regular,NY,87,Jaime Bourbonnais,LD,22.516666666666666,0.15310200000000002,0.0,0.0,0,0,0,0,0,0,0,0,0,0,0,0,2,3,0,0,0,0,0,0,0
269,20252026,Regular,NY,207,Lauren Bernard,LD,9.166666666666666,0.094262,0.0,0.0,0,0,0,0,0,0,0,0,0,0,1,0,0,1,0,0,0,0,0,0,0
269,20252026,Regular,NY,285,Maddi Wheeler,LW,15.516666666666667,0.0,0.0,0.0,0,0,0,0,1,0,0,0,0,0,1,0,1,0,0,0,0,0,0,0,0
269,20252026,Regular,NY,40,Paetyn Levis,RW,21.516666666666666,0.094262,0.0,0.0,0,0,0,0,0,0,0,0,0,0,0,0,2,1,0,0,0,0,0,1,0
269,20252026,Regular,NY,230,Allyson Simpson,RD,18.966666666666665,0.051034,0.0,0.0,0,0,0,0,0,0,0,0,0,0,0,0,3,1,0,0,0,0,0,0,0
269,20252026,Regular,NY,277,Anna Bargman,LW,7.916666666666667,0.051034,0.0,0.0,0,0,0,0,0,0,0,0,0,0,0,0,1,1,0,0,0,0,0,0,0
269,20252026,Regular,NY,280,Casey O'Brien,C,21.983333333333334,0.094262,0.0,0.0,0,0,0,0,0,1,0,0,0,0,2,0,0,1,0,0,0,0,0,20,8
269,20252026,Regular,NY,47,Micah Zandee-Hart,LD,21.533333333333335,0.15310200000000002,0.0,0.0,0,0,0,0,0,1,0,0,0,0,0,0,2,3,0,0,0,0,0,0,0
269,20252026,Regular,NY,204,Emmy Fecteau,RW,11.9,0.188524,0.0,0.0,0,0,0,0,0,0,0,0,0,0,0,0,1,2,0,0,0,0,0,1,1
269,20252026,Regular,NY,30,Kristin O'Neill,C,21.783333333333335,0.21101,0.0,0.0,0,1,0,0,0,0,0,0,0,0,0,0,1,2,0,0,0,0,0,24,15
269,20252026,Regular,NY,60,Jincy Roese,D,13.766666666666667,0.145296,0.0,0.0,0,0,0,0,1,0,0,0,0,0,1,0,0,2,0,0,0,0,0,0,0
269,20252026,Regular,NY,45,Kayla Vespa,C,8.3,0.145296,0.0,0.0,0,0,0,0,0,0,0,0,0,0,0,0,0,2,0,0,0,0,0,4,1
269,20252026,Regular,NY,245,Kristýna Kaltounková,RW,22.166666666666668,0.46524800000000005,0.0,0.0,2,0,0,0,0,0,0,0,0,0,1,0,1,4,0,0,0,0,0,2,2
269,20252026,Regular,NY,282,Callie Shanahan,G,0.0,0.0,0.0,0.0,0,0,0,0,0,0,0,0,0,0,0,0,0,0,0,0,0,0,0,0,0
269,20252026,Regular,NY,228,Kayle Osborne,G,64.91666666666667,0.0,0.0,0.0,0,0,0,0,0,0,0,0,0,0,0,0,0,0,0,0,0,0,0,0,0
270,20252026,Regular,MIN,24,Lee Stecklein,LD,22.45,0.051034,0.0,0.0,0,0,0,0,0,0,0,0,0,0,1,2,0,1,0,0,0,0,0,0,0
270,20252026,Regular,MIN,236,Kendall Cooper,RD,23.45,0.21101,0.0,0.0,1,0,0,0,0,0,0,0,0,0,0,0,0,2,0,0,0,0,0,0,0
270,20252026,Regular,MIN,167,Sidney Morin,RD,25.433333333333334,0.051034,0.0,0.0,0,0,0,0,0,0,0,0,0,0,1,0,0,1,0,0,0,0,0,0,0
270,20252026,Regular,MIN,191,Katy Knoll,RW,13.716666666666667,0.094262,0.0,0.0,0,0,0,0,0,0,0,0,0,0,0,0,1,1,0,0,0,0,0,2,1
270,20252026,Regular,MIN,102,Claire Butorac,RW,6.633333333333333,0.0,0.0,0.0,0,0,0,0,0,0,0,0,0,0,0,0,0,0,0,0,0,0,0,0,0
270,20252026,Regular,MIN,23,Kelly Pannek,C,18.4,0.388228,0.0,0.0,0,1,0,0,0,0,0,0,0,0,0,0,0,4,0,0,0,0,0,13,10
270,20252026,Regular,MIN,25,Grace Zumwinkle,RW,18.7,0.188524,0.0,0.0,0,0,0,0,0,0,1,0,0,0,0,0,0,2,0,0,0,0,0,0,0
270,20252026,Regular,MIN,264,Brooke Becker,LD,11.016666666666667,0.0,0.0,0.0,0,0,0,0,0,1,0,0,0,0,1,0,1,0,0,0,0,0,0,0,0
270,20252026,Regular,MIN,194,Kaitlyn O'Donohoe,RW,0.0,0.0,0.0,0.0,0,0,0,0,0,0,0,0,0,0,0,0,0,0,0,0,0,0,0,0,0
270,20252026,Regular,MIN,188,Mae Batherson,LD,21.25,0.0,0.0,0.0,0,0,0,0,0,0,0,1,0,0,1,0,0,0,0,0,0,0,0,0,0
270,20252026,Regular,MIN,90,Natalie Buchbinder,RD,13.1,0.102068,0.0,0.0,0,0,0,0,0,0,0,0,0,0,0,2,0,2,0,0,0,0,0,0,0
270,20252026,Regular,MIN,269,Vanessa Upson,C,5.933333333333334,0.094262,0.0,0.0,0,0,0,0,0,0,0,0,0,0,0,0,0,1,0,0,0,0,0,7,1
270,20252026,Regular,MIN,20,Kendall Coyne Schofield,LW,17.983333333333334,0.094262,0.0,0.0,0,0,0,0,0,0,0,0,0,0,0,0,0,1,0,0,0,0,0,0,0
270,20252026,Regular,MIN,21,Taylor Heise,C,18.616666666666667,0.051034,0.0,0.0,0,0,0,0,1,1,0,0,0,0,2,0,0,1,0,0,0,0,0,21,9
270,20252026,Regular,MIN,104,Denisa Křížová,LW,12.983333333333333,0.0,0.0,0.0,0,0,0,0,0,0,0,0,0,0,0,0,0,0,0,0,0,0,0,0,0
270,20252026,Regular,MIN,190,Klára Hymlárová,C,15.766666666666667,0.0,0.0,0.0,0,0,0,0,0,0,0,0,0,0,0,0,0,0,0,0,0,0,0,5,4
270,20252026,Regular,MIN,247,Abby Hustler,LW,18.683333333333334,0.188524,0.0,0.0,0,0,0,0,1,0,0,0,0,0,2,0,1,2,0,0,0,0,0,0,0
270,20252026,Regular,MIN,189,Britta Curl-Salemme,RW,20.066666666666666,0.351874,0.0,0.0,1,0,0,1,0,0,0,0,0,0,2,0,1,2,0,0,0,0,0,4,3
270,20252026,Regular,MIN,263,Peyton Anderson,LW,7.95,0.188524,0.0,0.0,0,0,0,0,0,0,0,0,0,0,0,0,1,2,0,0,0,0,0,0,0
270,20252026,Regular,MIN,22,Nicole Hensley,G,0.0,0.0,0.0,0.0,0,0,0,0,0,0,0,0,0,0,0,0,0,0,0,0,0,0,0,0,0
270,20252026,Regular,MIN,123,Maddie Rooney,G,60.0,0.0,0.0,0.0,0,0,0,0,0,0,0,0,0,0,0,0,0,0,0,0,0,0,0,0,0
270,20252026,Regular,VAN,310,Madison Samoskevich,D,2.5,0.0,0.0,0.0,0,0,0,0,0,0,0,0,0,0,-1,0,0,0,0,0,0,0,0,0,0
270,20252026,Regular,VAN,209,Izzy Daniel,RW,14.833333333333334,0.145296,0.0,0.0,0,0,0,0,0,0,0,0,0,0,-2,0,0,2,0,0,0,0,0,2,1
270,20252026,Regular,VAN,180,Sydney Bard,LD,12.066666666666666,0.0,0.0,0.0,0,0,0,0,0,0,0,0,0,0,-1,0,1,0,0,0,0,0,0,0,0
270,20252026,Regular,VAN,198,Jenn Gardiner,LW,16.366666666666667,0.188524,0.0,0.0,0,0,0,0,0,0,0,0,0,0,-3,0,0,2,0,0,0,0,0,0,0
270,20252026,Regular,VAN,161,Tereza Vanišová,RW,20.333333333333332,0.290592,0.0,0.0,0,0,0,0,0,0,0,0,0,0,0,2,0,4,0,0,0,0,0,0,0
270,20252026,Regular,VAN,227,Gabby Rosenthal,C,13.1,0.145296,0.0,0.0,0,0,0,0,0,0,0,0,0,0,0,0,0,2,0,0,0,0,0,9,3
270,20252026,Regular,VAN,11,Sophie Jaques,RD,27.266666666666666,0.29839800000000005,0.0,0.0,0,0,0,0,0,0,0,0,0,0,-1,0,0,5,0,0,0,0,0,0,0
270,20252026,Regular,VAN,220,Mannon McMahon,C,8.85,0.282786,0.0,0.0,0,0,0,0,0,0,0,0,0,0,0,0,0,3,0,0,0,0,0,8,5
270,20252026,Regular,VAN,75,Sarah Nurse,C,22.75,0.0,0.0,0.0,0,0,0,0,1,0,0,0,0,0,0,0,0,0,0,0,0,0,0,20,10
270,20252026,Regular,VAN,50,Ashton Bell,RD,16.766666666666666,0.0,0.0,0.0,0,0,0,0,0,0,0,0,0,0,0,0,0,0,0,0,0,0,0,0,0
270,20252026,Regular,VAN,114,Abby Boreen,RW,12.75,0.0,0.0,0.0,0,0,0,0,0,0,0,0,0,0,-1,0,1,0,0,0,0,0,0,0,0
270,20252026,Regular,VAN,129,Mellissa Channell-Watkins,LD,19.15,0.15310200000000002,0.0,0.0,0,0,0,0,0,0,0,0,0,0,0,0,0,3,0,0,0,0,0,0,0
270,20252026,Regular,VAN,305,Nina Jobst-Smith,RD,9.866666666666667,0.102068,0.0,0.0,0,0,0,0,0,0,0,0,0,0,0,0,0,2,0,0,0,0,0,0,0
270,20252026,Regular,VAN,252,Michelle Karvinen,LW,17.333333333333332,0.254238,0.0,0.0,1,0,0,0,0,0,0,0,0,0,1,0,0,2,0,0,0,0,0,0,0
270,20252026,Regular,VAN,89,Hannah Miller,C,16.45,0.145296,0.0,0.0,0,0,0,0,0,0,0,0,0,0,-2,2,1,2,0,0,0,0,0,12,5
270,20252026,Regular,VAN,169,Claire Thompson,LD,21.983333333333334,0.239558,0.0,0.0,0,0,0,0,0,0,0,0,0,0,-1,0,0,3,0,0,0,0,0,0,0
270,20252026,Regular,VAN,248,Anna Segedi,RW,7.733333333333333,0.0,0.0,0.0,0,0,0,0,0,0,0,0,0,0,0,0,0,0,0,0,0,0,0,1,0
270,20252026,Regular,VAN,221,Anna Meixner,LW,8.933333333333334,0.051034,0.0,0.0,0,0,0,0,0,0,0,0,0,0,0,0,1,1,0,0,0,0,0,0,0
270,20252026,Regular,VAN,239,Anna Shokhina,LW,10.633333333333333,0.094262,0.0,0.0,0,0,0,0,0,0,0,0,0,0,0,0,1,1,0,0,0,0,0,0,0
270,20252026,Regular,VAN,59,Emerance Maschmeyer,G,0.0,0.0,0.0,0.0,0,0,0,0,0,0,0,0,0,0,0,0,0,0,0,0,0,0,0,0,0
270,20252026,Regular,VAN,64,Kristen Campbell,G,59.25,0.0,0.0,0.0,0,0,0,0,0,0,0,0,0,0,0,0,0,0,0,0,0,0,0,0,0
